/*
SQLyog Community v12.4.0 (64 bit)
MySQL - 5.1.37 : Database - manajsoft
*********************************************************************
*/

/*!40101 SET NAMES utf8 */;

/*!40101 SET SQL_MODE=''*/;

/*!40014 SET @OLD_UNIQUE_CHECKS=@@UNIQUE_CHECKS, UNIQUE_CHECKS=0 */;
/*!40014 SET @OLD_FOREIGN_KEY_CHECKS=@@FOREIGN_KEY_CHECKS, FOREIGN_KEY_CHECKS=0 */;
/*!40101 SET @OLD_SQL_MODE=@@SQL_MODE, SQL_MODE='NO_AUTO_VALUE_ON_ZERO' */;
/*!40111 SET @OLD_SQL_NOTES=@@SQL_NOTES, SQL_NOTES=0 */;
CREATE DATABASE /*!32312 IF NOT EXISTS*/`manajsoft` /*!40100 DEFAULT CHARACTER SET latin1 COLLATE latin1_general_ci */;

USE `manajsoft`;

/*Table structure for table `bonus` */

DROP TABLE IF EXISTS `bonus`;

CREATE TABLE `bonus` (
  `ID_BONUS` bigint(20) NOT NULL AUTO_INCREMENT,
  `USER_GETBONUS` bigint(20) DEFAULT NULL,
  `BULAN` datetime NOT NULL,
  `JUMLAH_BONUS` bigint(20) DEFAULT NULL,
  PRIMARY KEY (`ID_BONUS`),
  KEY `FK_BONUS_KERJA` (`USER_GETBONUS`),
  CONSTRAINT `FK_BONUS_KERJA` FOREIGN KEY (`USER_GETBONUS`) REFERENCES `m_user` (`ID_USER`)
) ENGINE=InnoDB DEFAULT CHARSET=latin1 COLLATE=latin1_general_ci;

/*Data for the table `bonus` */

/*Table structure for table `dt_pembelian` */

DROP TABLE IF EXISTS `dt_pembelian`;

CREATE TABLE `dt_pembelian` (
  `ID_DT_PEMBELIAN` bigint(20) NOT NULL AUTO_INCREMENT,
  `ID_PEMBELIAN` bigint(20) NOT NULL,
  `ID_TYPE` bigint(20) NOT NULL,
  `ID_UKURAN` bigint(20) NOT NULL,
  `QTY_PESAN` int(11) NOT NULL,
  `KG_PESAN` double NOT NULL,
  `HARGA_PERKG` bigint(20) NOT NULL,
  `HARGA_ASING_PERKG` double NOT NULL,
  `ONGKOS_KIRIM_PERKG` double DEFAULT NULL,
  `HARGA_BELI_PERKG` double DEFAULT NULL,
  PRIMARY KEY (`ID_DT_PEMBELIAN`),
  KEY `FK_PEMBELIAN` (`ID_PEMBELIAN`),
  KEY `FK_TYPE` (`ID_TYPE`),
  KEY `FK_UKURAN` (`ID_UKURAN`)
) ENGINE=InnoDB DEFAULT CHARSET=latin1 COLLATE=latin1_general_ci;

/*Data for the table `dt_pembelian` */

/*Table structure for table `dt_penawaran` */

DROP TABLE IF EXISTS `dt_penawaran`;

CREATE TABLE `dt_penawaran` (
  `id_dtpenawaran` bigint(20) NOT NULL AUTO_INCREMENT,
  `id_penawaran` bigint(20) NOT NULL,
  `diminta` varchar(50) COLLATE latin1_general_ci DEFAULT NULL COMMENT 'Type Barang diminta',
  `id_ukdiminta` bigint(20) DEFAULT NULL COMMENT 'Ukuran barang diminta',
  `id_type` bigint(20) DEFAULT NULL COMMENT 'Type barang ditawarkan',
  `id_ukuran` bigint(20) DEFAULT NULL COMMENT 'Ukuran barang ditawarkan',
  `qty` int(11) DEFAULT NULL,
  `berat` double DEFAULT NULL,
  `harga` bigint(20) DEFAULT NULL,
  `disc_item` int(11) DEFAULT NULL,
  PRIMARY KEY (`id_dtpenawaran`),
  KEY `FK_IDPenawaran_T_Penawaran_ID` (`id_penawaran`),
  KEY `FK_IDTPYE_M_TYPE_ID` (`id_type`),
  KEY `FK_dtPenawaranIdUkuran_m_ukuranId` (`id_ukuran`),
  KEY `FK_dtPenawaranIdUkMinta_m_ukuranId` (`id_ukdiminta`),
  CONSTRAINT `FK_dtPenawaranIdUkMinta_m_ukuranId` FOREIGN KEY (`id_ukdiminta`) REFERENCES `m_ukuran` (`ID_UKURAN`),
  CONSTRAINT `FK_dtPenawaranIdUkuran_m_ukuranId` FOREIGN KEY (`id_ukuran`) REFERENCES `m_ukuran` (`ID_UKURAN`),
  CONSTRAINT `FK_IDPenawaran_T_Penawaran_ID` FOREIGN KEY (`id_penawaran`) REFERENCES `t_penawaran` (`id_penawaran`),
  CONSTRAINT `FK_IDTPYE_M_TYPE_ID` FOREIGN KEY (`id_type`) REFERENCES `m_type` (`ID_TYPE`)
) ENGINE=InnoDB DEFAULT CHARSET=latin1 COLLATE=latin1_general_ci COMMENT='Detil barang penawaran';

/*Data for the table `dt_penawaran` */

/*Table structure for table `dt_penerimaan` */

DROP TABLE IF EXISTS `dt_penerimaan`;

CREATE TABLE `dt_penerimaan` (
  `ID_DT_PENERIMAAN` bigint(20) NOT NULL AUTO_INCREMENT,
  `ID_PENERIMAAN` bigint(20) NOT NULL,
  `ID_DT_PEMBELIAN` bigint(20) NOT NULL,
  `QTY_TERIMA` int(11) NOT NULL,
  `KG_TERIMA` double NOT NULL,
  PRIMARY KEY (`ID_DT_PENERIMAAN`),
  KEY `FK_PENERIMAAN` (`ID_PENERIMAAN`),
  KEY `FK_DT_PEMBELIAN` (`ID_DT_PEMBELIAN`)
) ENGINE=InnoDB DEFAULT CHARSET=latin1 COLLATE=latin1_general_ci;

/*Data for the table `dt_penerimaan` */

/*Table structure for table `dt_piutang_bayar` */

DROP TABLE IF EXISTS `dt_piutang_bayar`;

CREATE TABLE `dt_piutang_bayar` (
  `id_creator` bigint(20) unsigned NOT NULL,
  `id_piutang` bigint(20) unsigned NOT NULL,
  `tgl_tagih` varchar(10) COLLATE latin1_general_ci NOT NULL,
  `jenis_bayar` varchar(50) COLLATE latin1_general_ci DEFAULT NULL,
  `no_bg` varchar(50) COLLATE latin1_general_ci DEFAULT NULL,
  `tgl_bg` varchar(10) COLLATE latin1_general_ci NOT NULL,
  `nominal` bigint(20) DEFAULT NULL
) ENGINE=MyISAM DEFAULT CHARSET=latin1 COLLATE=latin1_general_ci;

/*Data for the table `dt_piutang_bayar` */

/*Table structure for table `dt_po` */

DROP TABLE IF EXISTS `dt_po`;

CREATE TABLE `dt_po` (
  `ID_DT_PO` bigint(20) NOT NULL AUTO_INCREMENT,
  `ID_TYPE` bigint(20) DEFAULT NULL,
  `ID_PO` bigint(20) NOT NULL,
  `ID_UKURAN` bigint(20) DEFAULT NULL,
  `QTY_PO` int(11) DEFAULT NULL,
  `BERAT` double DEFAULT NULL,
  `HARGA_PO` bigint(20) DEFAULT NULL,
  `DISC_ITEM` int(11) DEFAULT NULL,
  `DIMINTA` varchar(50) COLLATE latin1_general_ci DEFAULT NULL,
  `BONUS_CUST` int(11) DEFAULT NULL,
  `PERSEN` tinyint(1) DEFAULT NULL,
  PRIMARY KEY (`ID_DT_PO`),
  UNIQUE KEY `UNIQUE_TYPE_UKURAN` (`ID_PO`,`ID_TYPE`,`ID_UKURAN`),
  KEY `FK_ID_TYPE` (`ID_TYPE`),
  KEY `FK_ID_Ukuran_M_Ukuran_Id` (`ID_UKURAN`),
  KEY `FK_ID_T_PO` (`ID_PO`),
  CONSTRAINT `FK_ID_TYPE` FOREIGN KEY (`ID_TYPE`) REFERENCES `m_type` (`ID_TYPE`),
  CONSTRAINT `FK_ID_T_PO` FOREIGN KEY (`ID_PO`) REFERENCES `t_po` (`ID_PO`) ON DELETE CASCADE,
  CONSTRAINT `FK_ID_Ukuran_M_Ukuran_Id` FOREIGN KEY (`ID_UKURAN`) REFERENCES `m_ukuran` (`ID_UKURAN`)
) ENGINE=InnoDB AUTO_INCREMENT=673 DEFAULT CHARSET=latin1 COLLATE=latin1_general_ci;

/*Data for the table `dt_po` */

insert  into `dt_po`(`ID_DT_PO`,`ID_TYPE`,`ID_PO`,`ID_UKURAN`,`QTY_PO`,`BERAT`,`HARGA_PO`,`DISC_ITEM`,`DIMINTA`,`BONUS_CUST`,`PERSEN`) values 
(338,19,1,4935,2,35.2,27000,0,NULL,3000,NULL),
(339,19,1,4936,2,3.6,27000,0,NULL,3000,NULL),
(340,31,1,4937,1,16.2,105000,0,NULL,5000,NULL),
(341,31,1,4936,2,3.4,105000,0,NULL,5000,NULL),
(342,19,2,4941,2,19.2,27000,0,NULL,3000,NULL),
(343,19,2,4942,1,3.7,27000,0,NULL,3000,NULL),
(344,19,2,4943,2,52.2,27000,0,NULL,3000,NULL),
(345,42,2,4944,1,2.6,105000,0,NULL,6500,NULL),
(346,19,3,4945,6,183,27000,0,NULL,3000,NULL),
(347,19,3,4946,2,20.2,27000,0,NULL,3000,NULL),
(348,31,3,4947,20,20,105000,0,NULL,5000,NULL),
(349,31,3,4948,3,9.6,105000,0,NULL,5000,NULL),
(352,19,4,4949,4,20.4,28800,0,NULL,0,NULL),
(353,19,4,4950,4,52.1,28800,0,NULL,0,NULL),
(354,19,4,4951,4,34.3,28800,0,NULL,0,NULL),
(355,24,4,4952,2,34.9,51750,0,NULL,0,NULL),
(356,24,4,4953,2,47.5,51750,0,NULL,0,NULL),
(357,7,5,4954,1,34.7,106250,0,NULL,0,NULL),
(358,7,5,4955,1,39.6,106250,0,NULL,0,NULL),
(359,1,6,4956,1,43.4,19550,0,NULL,0,NULL),
(360,1,6,4957,1,30.4,19550,0,NULL,0,NULL),
(361,37,7,4958,26,31.3,98500,0,NULL,0,NULL),
(362,8,8,4959,2,3.9,85000,0,NULL,0,NULL),
(363,4,9,4960,1,9,42500,0,NULL,0,NULL),
(364,42,10,4961,1,1,102750,0,NULL,0,NULL),
(365,6,11,4962,2,5.3,55250,0,NULL,0,NULL),
(366,8,12,4963,3,3.3,97750,0,NULL,0,NULL),
(367,8,12,4964,1,4.5,93500,0,NULL,0,NULL),
(368,1,13,4965,18,58.9,23800,0,NULL,0,NULL),
(369,5,14,4966,2,7.6,55250,0,NULL,0,NULL),
(370,26,15,4967,1,24.7,60250,0,NULL,0,NULL),
(371,1,16,4968,4,4,990640,0,NULL,0,NULL),
(372,21,17,4969,2,2.8,37300,0,NULL,0,NULL),
(373,23,18,4970,8,15.2,56000,0,NULL,0,NULL),
(374,3,19,4971,10,26.4,32300,0,NULL,0,NULL),
(375,3,19,4972,10,52.4,32300,0,NULL,0,NULL),
(376,1,20,4973,4,70.2,23800,0,NULL,0,NULL),
(377,4,20,4974,4,109,46750,0,NULL,0,NULL),
(378,37,21,4975,1,2.5,98500,0,NULL,0,NULL),
(379,8,22,4976,1,1.5,93500,0,NULL,0,NULL),
(380,21,23,4977,1,1,37300,0,NULL,0,NULL),
(381,4,24,4978,6,6,46750,0,NULL,0,NULL),
(382,3,25,4979,1,12.4,32300,0,NULL,0,NULL),
(383,4,26,3344,1,3.3,46750,0,NULL,0,NULL),
(384,19,27,4980,1,16.6,28800,0,NULL,0,NULL),
(385,19,27,4981,2,28.4,28800,0,NULL,0,NULL),
(386,19,27,4982,1,40.4,28800,0,NULL,0,NULL),
(387,19,27,4983,1,30.3,28800,0,NULL,0,NULL),
(388,31,27,4980,1,17.7,103500,0,NULL,0,NULL),
(389,31,27,4984,1,14.6,103500,0,NULL,0,NULL),
(390,31,27,4985,1,1,103500,0,NULL,0,NULL),
(391,31,27,4986,1,1.3,103500,0,NULL,0,NULL),
(392,19,28,4987,1,11.1,28800,0,NULL,0,NULL),
(393,19,28,4988,1,9.5,28800,0,NULL,0,NULL),
(394,19,28,4989,1,1.5,28800,0,NULL,0,NULL),
(395,31,28,4990,2,3.2,103500,0,NULL,0,NULL),
(396,31,28,4991,1,1.6,103500,0,NULL,0,NULL),
(397,31,28,4992,1,1,103500,0,NULL,0,NULL),
(398,31,28,4993,1,1,103500,0,NULL,0,NULL),
(399,31,28,4994,1,1.3,103500,0,NULL,0,NULL),
(400,19,29,4995,1,21.2,28800,0,NULL,0,NULL),
(401,19,29,4996,1,18.1,28800,0,NULL,0,NULL),
(402,31,29,4997,1,1.9,103500,0,NULL,0,NULL),
(403,31,29,4998,2,2.6,103500,0,NULL,0,NULL),
(404,31,29,4999,1,7.2,103500,0,NULL,0,NULL),
(405,31,29,5000,1,5.8,103500,0,NULL,0,NULL),
(406,4,30,5001,1,4,46750,0,NULL,0,NULL),
(407,4,31,5003,1,32.4,55250,0,NULL,0,NULL),
(408,4,31,5004,1,18.3,55250,0,NULL,0,NULL),
(409,4,31,5005,1,11.1,46750,0,NULL,0,NULL),
(410,4,31,5006,1,35.2,46750,0,NULL,0,NULL),
(411,1,32,5007,1,45.4,19550,0,NULL,0,NULL),
(412,1,33,5007,1,45.4,19550,0,NULL,0,NULL),
(413,37,34,5008,1,8.6,102750,0,NULL,0,NULL),
(414,3,35,5009,6,33.8,32300,0,NULL,0,NULL),
(415,5,36,5010,1,8.7,46750,0,NULL,0,NULL),
(416,5,37,5011,6,28.4,46750,0,NULL,0,NULL),
(419,1,39,5013,1,19.9,19550,0,NULL,0,NULL),
(420,8,40,4976,5,7.3,85000,0,NULL,0,NULL),
(421,4,41,5014,4,6.7,46750,0,NULL,0,NULL),
(422,4,42,5015,2,8.4,42500,0,NULL,0,NULL),
(423,19,43,5016,20,37.4,28800,0,NULL,0,NULL),
(424,7,44,5017,2,9.8,106250,0,NULL,0,NULL),
(425,5,45,5018,4,25.5,42500,0,NULL,0,NULL),
(429,1,47,5020,2,7.8,23800,0,NULL,0,NULL),
(430,1,47,5021,1,5.6,23800,0,NULL,0,NULL),
(431,1,47,5023,1,4.4,23800,0,NULL,0,NULL),
(432,1,47,5022,1,8.1,23800,0,NULL,0,NULL),
(433,1,47,5024,1,3.8,23800,0,NULL,0,NULL),
(434,1,48,5092,2,7.3,23800,0,NULL,0,NULL),
(435,1,48,5093,2,2,23800,0,NULL,0,NULL),
(436,1,48,5094,4,6.9,23800,0,NULL,0,NULL),
(437,1,48,5095,1,8.1,23800,0,NULL,0,NULL),
(438,1,49,5096,1,4.8,23800,0,NULL,0,NULL),
(439,1,49,5097,1,5.7,23800,0,NULL,0,NULL),
(440,1,49,5098,1,7.5,23800,0,NULL,0,NULL),
(441,1,49,5099,1,7.1,23800,0,NULL,0,NULL),
(442,5,49,5100,1,10.3,46750,0,NULL,0,NULL),
(443,5,49,5101,1,6.9,46750,0,NULL,0,NULL),
(444,5,49,5102,1,10,46750,0,NULL,0,NULL),
(445,4,50,5104,1,12.7,46750,0,NULL,0,NULL),
(446,36,51,5105,1,8.3,51750,0,NULL,0,NULL),
(447,36,51,5106,1,3.6,51750,0,NULL,0,NULL),
(448,36,51,5004,1,18.3,60250,0,NULL,0,NULL),
(449,1,52,5107,2,18.8,19550,0,NULL,0,NULL),
(450,4,53,5108,4,16.6,46750,0,NULL,0,NULL),
(451,4,53,5110,4,5.4,46750,0,NULL,0,NULL),
(452,10,54,5111,10,23.3,75000,0,NULL,0,NULL),
(453,4,55,5113,1,1,22000000,0,NULL,1397000,NULL),
(454,4,56,5114,1,22.8,46750,0,NULL,0,NULL),
(455,36,57,5115,1,7,51750,0,NULL,0,NULL),
(456,36,57,5116,1,5.4,51750,0,NULL,0,NULL),
(457,36,57,5117,1,2.3,51750,0,NULL,0,NULL),
(458,36,57,5118,1,1.4,51750,0,NULL,0,NULL),
(459,36,57,5119,1,1.9,51750,0,NULL,0,NULL),
(460,36,58,4875,1,7.9,51750,0,NULL,0,NULL),
(461,36,58,5120,1,2.8,51750,0,NULL,0,NULL),
(462,36,58,5121,2,18.6,56000,0,NULL,0,NULL),
(463,36,58,5122,2,28.6,56000,0,NULL,0,NULL),
(464,36,58,5123,2,3.8,56000,0,NULL,0,NULL),
(465,36,58,5124,2,2,56000,0,NULL,0,NULL),
(466,36,59,5125,1,3.1,51750,0,NULL,0,NULL),
(467,4,60,5126,1,28,46750,0,NULL,0,NULL),
(468,5,61,5127,1,18.2,46750,0,NULL,0,NULL),
(469,5,61,5128,1,19.8,46750,0,NULL,0,NULL),
(470,5,61,5129,2,5.7,46750,0,NULL,0,NULL),
(471,5,61,5130,1,5.3,46750,0,NULL,0,NULL),
(472,5,61,5131,2,125.2,46750,0,NULL,0,NULL),
(473,8,61,5132,6,18.4,93500,0,NULL,0,NULL),
(474,8,61,5133,6,21.8,93500,0,NULL,0,NULL),
(475,5,62,5134,1,3.9,55250,0,NULL,0,NULL),
(476,5,62,5135,1,4.5,55250,0,NULL,0,NULL),
(477,1,63,5136,16,45,23800,0,NULL,0,NULL),
(478,1,63,5137,12,38.9,23800,0,NULL,0,NULL),
(479,1,64,5138,1,22.4,19550,0,NULL,0,NULL),
(480,44,65,2660,4,4,938400,0,NULL,0,NULL),
(481,1,66,5140,1,2.5,21250,0,NULL,0,NULL),
(482,28,67,5141,4,7.3,111250,0,NULL,0,NULL),
(483,1,68,5142,1,15.9,19550,0,NULL,0,NULL),
(484,1,69,5143,18,18.8,19550,0,NULL,0,NULL),
(485,1,69,3150,18,18,19550,0,NULL,0,NULL),
(486,19,70,5147,1,1.2,28800,0,NULL,0,NULL),
(487,19,70,5149,1,2.1,28800,0,NULL,0,NULL),
(488,9,71,5152,1,12.8,90000,0,NULL,0,NULL),
(489,1,72,3150,8,2.6,19550,0,NULL,0,NULL),
(490,1,72,5143,8,8.3,19550,0,NULL,0,NULL),
(491,4,73,5207,1,29.8,42500,0,NULL,0,NULL),
(492,1,74,5208,1,9.7,23800,0,NULL,0,NULL),
(493,3,75,5138,1,22.4,32300,0,NULL,0,NULL),
(494,3,75,5227,1,68.4,32300,0,NULL,0,NULL),
(495,19,76,5230,1,2.8,28800,0,NULL,0,NULL),
(496,37,76,5231,1,2.1,102750,0,NULL,0,NULL),
(497,37,76,5232,1,2.2,102750,0,NULL,0,NULL),
(498,31,76,5233,1,5.6,103500,0,NULL,0,NULL),
(499,31,76,5234,4,4,103500,0,NULL,0,NULL),
(500,31,76,5235,1,1,103500,0,NULL,0,NULL),
(501,31,76,5236,2,3.4,103500,0,NULL,0,NULL),
(502,31,76,3922,2,2,103500,0,NULL,0,NULL),
(503,31,76,5237,1,15.8,103500,0,NULL,0,NULL),
(504,4,77,5238,3,44.4,42500,0,NULL,0,NULL),
(505,6,78,5250,4,14,65000,0,NULL,0,NULL),
(506,1,79,5251,2,4.2,17773,0,NULL,0,NULL),
(507,1,79,4969,1,1.4,17773,0,NULL,0,NULL),
(508,4,79,5252,4,4,42500,0,NULL,0,NULL),
(509,4,79,5253,1,1,50228,0,NULL,0,NULL),
(510,45,79,5255,1,6.3,90910,0,NULL,0,NULL),
(511,45,79,5256,2,14,86364,0,NULL,0,NULL),
(512,24,79,5257,1,21.8,47046,0,NULL,0,NULL),
(513,24,79,5258,2,9.7,47046,0,NULL,0,NULL),
(514,1,80,5259,2,15.2,17773,0,NULL,0,NULL),
(515,1,80,5260,8,43.5,17773,0,NULL,0,NULL),
(516,1,80,5251,2,4.2,17773,0,NULL,0,NULL),
(517,1,80,5261,1,1.9,17773,0,NULL,0,NULL),
(518,43,80,5262,10,58.1,22318,0,NULL,0,NULL),
(519,45,80,5263,9,26.3,86364,0,NULL,0,NULL),
(520,4,80,5264,3,8.4,42500,0,NULL,0,NULL),
(521,4,80,5265,1,1.3,50227,0,NULL,0,NULL),
(522,4,80,5266,1,5.6,42500,0,NULL,0,NULL),
(523,5,80,5267,4,5.1,50227,0,NULL,0,NULL),
(524,46,80,5269,9,33.9,101136,0,NULL,0,NULL),
(525,1,80,5270,1,10,21636,0,NULL,0,NULL),
(526,19,80,5272,1,14.1,26182,0,NULL,0,NULL),
(527,19,80,5273,8,8,26182,0,NULL,0,NULL),
(528,24,80,5274,1,26.9,47045,0,NULL,0,NULL),
(529,37,81,5275,32,32,89545,0,NULL,0,NULL),
(530,37,81,5276,2,7.1,89545,0,NULL,0,NULL),
(531,1,82,5277,1,5.8,17773,0,NULL,0,NULL),
(532,1,83,5277,1,5.8,17773,0,NULL,0,NULL),
(533,1,84,4747,4,4,17773,0,NULL,0,NULL),
(534,4,84,5278,1,1,42500,0,NULL,0,NULL),
(535,19,85,5281,2,27.5,28800,0,NULL,0,NULL),
(536,19,85,5282,1,2.2,28800,0,NULL,0,NULL),
(537,19,85,5283,2,42.4,28800,0,NULL,0,NULL),
(538,19,85,5284,3,11.1,28800,0,NULL,0,NULL),
(539,19,85,5285,1,8.2,28800,0,NULL,0,NULL),
(540,37,85,5286,1,1.3,98500,0,NULL,0,NULL),
(541,37,85,5287,1,3,98500,0,NULL,0,NULL),
(542,37,85,5288,1,1.9,98500,0,NULL,0,NULL),
(543,37,85,5289,1,4.1,98500,0,NULL,0,NULL),
(544,37,85,5290,1,1,98500,0,NULL,0,NULL),
(545,31,86,5291,1,2.8,103500,0,NULL,0,NULL),
(546,31,86,5292,1,13,103500,0,NULL,0,NULL),
(547,31,86,5293,1,10,103500,0,NULL,0,NULL),
(548,3,87,5297,1,12.6,32300,0,NULL,0,NULL),
(549,1,88,3120,1,4.2,17773,0,NULL,0,NULL),
(550,1,88,5303,2,2,17773,0,NULL,0,NULL),
(551,1,89,5306,1,7.6,17773,0,NULL,0,NULL),
(552,4,90,5307,4,13.7,42500,0,NULL,0,NULL),
(553,3,91,5259,2,15.2,29364,0,NULL,0,NULL),
(554,3,91,5308,2,34.2,29364,0,NULL,0,NULL),
(555,4,92,5309,1,7.6,42500,0,NULL,0,NULL),
(556,4,92,5310,1,46.7,42500,0,NULL,0,NULL),
(557,4,92,5311,1,21.4,50228,0,NULL,0,NULL),
(558,4,92,5312,1,40.8,54090,0,NULL,0,NULL),
(559,1,93,5313,1,1,21250,0,NULL,0,NULL),
(560,24,93,5314,2,10.9,51750,0,NULL,0,NULL),
(561,31,93,5315,3,17.3,103500,0,NULL,0,NULL),
(562,8,94,5316,1,2.3,93500,0,NULL,0,NULL),
(563,30,94,5317,1,17.4,98500,0,NULL,0,NULL),
(564,10,95,5318,10,34.4,75000,0,NULL,0,NULL),
(565,4,96,5321,1,5,55250,0,NULL,0,NULL),
(566,4,97,2667,1,1,999090,0,NULL,0,NULL),
(567,3,98,5328,2,8,32300,0,NULL,0,NULL),
(568,5,99,5377,2,59,46750,0,NULL,0,NULL),
(569,5,99,5378,2,43.8,46750,0,NULL,0,NULL),
(570,8,99,5379,2,3.4,93500,0,NULL,0,NULL),
(571,8,100,5380,1,3.3,93500,0,NULL,0,NULL),
(572,8,100,5381,2,4.6,93500,0,NULL,0,NULL),
(573,7,101,5392,2,7.8,96590,0,NULL,0,NULL),
(574,1,102,2683,1,93,17773,0,NULL,0,NULL),
(575,1,103,2694,1,134,17773,0,NULL,0,NULL),
(576,1,103,5394,1,91.2,17773,0,NULL,0,NULL),
(577,4,104,5395,1,23.3,42500,0,NULL,0,NULL),
(578,1,105,5397,1,2.5,19318,0,NULL,0,NULL),
(579,4,106,5404,1,2.7,42500,0,NULL,0,NULL),
(580,1,107,5408,1,4,17773,0,NULL,0,NULL),
(581,1,108,5409,2,7,17773,0,NULL,0,NULL),
(582,1,109,5453,10,50.5,21636,0,NULL,0,NULL),
(583,1,109,5454,20,43.2,21636,0,NULL,0,NULL),
(584,1,109,5455,20,47.6,21636,0,NULL,0,NULL),
(585,10,109,5456,10,153.2,68182,0,NULL,0,NULL),
(586,10,109,5457,10,192.8,68182,0,NULL,0,NULL),
(587,24,110,5458,4,27.4,47046,0,NULL,0,NULL),
(588,24,110,5459,1,16.1,47046,0,NULL,0,NULL),
(589,24,110,5460,1,19.6,47046,0,NULL,0,NULL),
(590,8,111,5461,4,4,85000,0,NULL,0,NULL),
(591,4,112,5462,2,4.2,42500,0,NULL,0,NULL),
(592,4,113,5466,1,14.4,42500,0,NULL,0,NULL),
(593,19,114,5470,6,6,26182,0,NULL,0,NULL),
(594,19,114,5471,6,18.8,26182,0,NULL,0,NULL),
(595,19,114,5472,2,15.4,26182,0,NULL,0,NULL),
(596,1,115,4747,12,12,17773,0,NULL,0,NULL),
(597,1,115,5475,12,12,17773,0,NULL,0,NULL),
(598,1,115,5476,21,21,17773,0,NULL,0,NULL),
(599,1,115,5477,6,7.2,17773,0,NULL,0,NULL),
(600,1,115,5478,12,33.6,17773,0,NULL,0,NULL),
(601,1,115,5479,12,54,17773,0,NULL,0,NULL),
(602,1,115,5480,12,86.4,17773,0,NULL,0,NULL),
(603,4,115,5481,1,1.9,50227,0,NULL,0,NULL),
(604,4,115,5482,1,3.6,42500,0,NULL,0,NULL),
(605,4,115,5483,6,37.8,42500,0,NULL,0,NULL),
(606,4,115,5484,12,12,42500,0,NULL,0,NULL),
(607,4,115,5485,6,6,46364,0,NULL,0,NULL),
(608,8,116,5487,6,6,85000,0,NULL,0,NULL),
(609,4,117,2667,4,94,42500,0,NULL,0,NULL),
(610,1,118,3342,1,1.8,17773,0,NULL,0,NULL),
(611,1,119,5134,2,7.8,17773,0,NULL,0,NULL),
(612,5,120,5525,8,12.4,50227,0,NULL,0,NULL),
(613,19,121,5526,1,12.8,26182,0,NULL,0,NULL),
(614,1,122,5527,2,3.2,19318,0,NULL,0,NULL),
(615,1,123,5528,2,109.8,21636,0,NULL,0,NULL),
(616,1,123,5529,2,75.8,21636,0,NULL,0,NULL),
(617,1,123,5530,2,313.6,21636,0,NULL,0,NULL),
(618,1,123,5531,2,36,21636,0,NULL,0,NULL),
(619,1,123,5532,2,44.8,21636,0,NULL,0,NULL),
(620,1,123,5533,2,64,21636,0,NULL,0,NULL),
(621,21,124,5534,1,1.1,37300,0,NULL,0,NULL),
(622,3,125,5535,1,1.6,32300,0,NULL,0,NULL),
(623,4,125,5393,1,67,46750,0,NULL,0,NULL),
(624,7,126,5397,2,5,110500,0,NULL,0,NULL),
(625,1,127,2702,2,476.2,19550,0,NULL,0,NULL),
(627,1,128,5143,30,31.1,19550,0,NULL,0,NULL),
(628,1,128,3150,30,30,19550,0,NULL,0,NULL),
(629,1,129,5547,30,30.3,19550,0,NULL,0,NULL),
(630,24,130,5550,8,17.4,51750,0,NULL,0,NULL),
(631,24,130,5551,8,17,51750,0,NULL,0,NULL),
(632,5,131,5266,2,11.2,55250,0,NULL,0,NULL),
(633,3,131,5552,1,9.5,32300,0,NULL,0,NULL),
(634,3,131,5553,3,19.9,32300,0,NULL,0,NULL),
(635,8,132,5575,1,33.3,85000,0,NULL,0,NULL),
(636,6,133,5576,1,8.6,50227,0,NULL,0,NULL),
(637,8,134,5577,1,21.1,85000,0,NULL,0,NULL),
(638,4,135,5578,2,59.2,42500,0,NULL,0,NULL),
(639,1,136,5547,18,18.2,17773,0,NULL,0,NULL),
(640,19,137,5526,1,12.8,26182,0,NULL,0,NULL),
(641,4,138,5580,6,52.4,42500,0,NULL,0,NULL),
(642,7,139,5588,12,12,96590,0,NULL,0,NULL),
(643,19,140,5587,2,57.8,28800,0,NULL,0,NULL),
(644,19,140,5589,6,8.4,28800,0,NULL,0,NULL),
(645,1,141,5591,48,64.5,17770,0,NULL,0,NULL),
(646,4,141,5592,2,22.6,42500,0,NULL,0,NULL),
(647,4,141,5593,2,4,42500,0,NULL,0,NULL),
(648,47,142,5595,3,3.9,235664,0,NULL,0,NULL),
(649,19,143,5597,2,190.6,32000,0,NULL,0,NULL),
(650,7,144,5598,2,4.4,96590,0,NULL,0,NULL),
(651,7,144,5599,4,4,96590,0,NULL,0,NULL),
(652,7,144,5600,4,4,96590,0,NULL,0,NULL),
(653,7,144,5601,2,3.8,96590,0,NULL,0,NULL),
(654,4,145,5612,1,2.7,42500,0,NULL,0,NULL),
(655,48,146,3075,3,69.3,42500,0,NULL,0,NULL),
(656,4,147,5618,1,158.8,42500,0,NULL,0,NULL),
(657,4,148,5625,2,26.6,42500,0,NULL,0,NULL),
(658,5,149,5626,1,10.8,46360,0,NULL,0,NULL),
(659,7,150,5286,1,1.3,96590,0,NULL,0,NULL),
(660,7,150,4209,1,2.3,96590,0,NULL,0,NULL),
(661,6,151,5627,1,1,50227,0,NULL,0,NULL),
(662,3,152,5628,2,9.8,29360,0,NULL,0,NULL),
(663,3,152,5629,1,5,29360,0,NULL,0,NULL),
(664,3,152,5630,1,6.3,29360,0,NULL,0,NULL),
(665,3,153,5631,2,18.8,29360,0,NULL,0,NULL),
(666,1,154,5636,12,28.1,21630,0,NULL,0,NULL),
(667,1,154,5637,12,54,21630,0,NULL,0,NULL),
(668,5,155,5642,1,4.3,42500,0,NULL,0,NULL),
(669,4,156,5644,2,3.2,42500,0,NULL,0,NULL),
(670,4,157,5645,2,95.4,42500,0,NULL,0,NULL),
(671,2,158,5654,50,1182.96,1000,0,NULL,0,NULL),
(672,2,159,5655,93,837.24,1233,0,NULL,0,NULL);

/*Table structure for table `dt_sj` */

DROP TABLE IF EXISTS `dt_sj`;

CREATE TABLE `dt_sj` (
  `id_dt_sj` bigint(20) NOT NULL AUTO_INCREMENT,
  `id_sj` bigint(20) NOT NULL,
  `id_dt_po` bigint(20) NOT NULL,
  `qty_deliver` int(11) NOT NULL,
  `kg_deliver` double NOT NULL,
  PRIMARY KEY (`id_dt_sj`),
  KEY `FK_M_SJ` (`id_sj`),
  KEY `FK_DT_PO` (`id_dt_po`)
) ENGINE=InnoDB AUTO_INCREMENT=10 DEFAULT CHARSET=latin1 COLLATE=latin1_general_ci;

/*Data for the table `dt_sj` */

insert  into `dt_sj`(`id_dt_sj`,`id_sj`,`id_dt_po`,`qty_deliver`,`kg_deliver`) values 
(1,1,452,10,23.3),
(2,2,507,1,1.4),
(3,2,506,2,4.2),
(4,2,508,4,4),
(5,2,509,1,1),
(6,2,512,1,21.8),
(7,2,513,2,9.7),
(8,2,510,1,6.3),
(9,2,511,2,14);

/*Table structure for table `dt_spk` */

DROP TABLE IF EXISTS `dt_spk`;

CREATE TABLE `dt_spk` (
  `ID_DT_SPK` bigint(20) NOT NULL AUTO_INCREMENT,
  `ID_SPK` bigint(20) DEFAULT NULL,
  `STOCK_AWAL` bigint(20) DEFAULT NULL,
  `STOCK_ORDER` bigint(20) DEFAULT NULL,
  `STOCK_AKHIR` bigint(20) DEFAULT NULL,
  `QTY_AWAL` int(11) DEFAULT NULL,
  `QTY_ORDER` int(11) DEFAULT NULL,
  `QTY_AKHIR` int(11) DEFAULT NULL,
  `STATUS_PENGERJAAN` int(10) DEFAULT NULL,
  `KG_AWAL` double DEFAULT NULL,
  `KG_ORDER` double DEFAULT NULL,
  `KG_AKHIR` double DEFAULT NULL,
  `PREQUESITE_DT_SPK` bigint(20) DEFAULT NULL,
  `ID_MESIN` bigint(20) DEFAULT NULL,
  `ID_DT_PO` bigint(20) DEFAULT NULL,
  `ID_SJ` bigint(20) DEFAULT NULL,
  `IS_DELIVERED` int(11) DEFAULT NULL,
  `IS_STOK_AKHIR_USED` int(11) DEFAULT NULL,
  `KETERANGAN` text COLLATE latin1_general_ci,
  PRIMARY KEY (`ID_DT_SPK`),
  KEY `FK_STOCK_AWAL` (`STOCK_AWAL`),
  KEY `FK_STOCK_AKHIR` (`STOCK_AKHIR`),
  KEY `FK_STOCK_ORDER` (`STOCK_ORDER`),
  KEY `FK_T_SPK` (`ID_SPK`),
  KEY `FK_PREQUISITE` (`PREQUESITE_DT_SPK`),
  KEY `FK_TO_MESIN` (`ID_MESIN`),
  KEY `FK_SURAT_JALAN` (`ID_SJ`),
  KEY `ID_DT_PO` (`ID_DT_PO`),
  CONSTRAINT `dt_spk_ibfk_1` FOREIGN KEY (`ID_SJ`) REFERENCES `m_sj` (`ID_SJ`) ON DELETE CASCADE ON UPDATE CASCADE,
  CONSTRAINT `dt_spk_ibfk_10` FOREIGN KEY (`STOCK_AWAL`) REFERENCES `m_stock` (`ID_STOCK`) ON DELETE CASCADE ON UPDATE CASCADE,
  CONSTRAINT `dt_spk_ibfk_12` FOREIGN KEY (`STOCK_AKHIR`) REFERENCES `m_stock` (`ID_STOCK`) ON DELETE CASCADE ON UPDATE CASCADE,
  CONSTRAINT `dt_spk_ibfk_13` FOREIGN KEY (`STOCK_ORDER`) REFERENCES `m_ukuran` (`ID_UKURAN`) ON DELETE CASCADE ON UPDATE CASCADE,
  CONSTRAINT `dt_spk_ibfk_2` FOREIGN KEY (`ID_SPK`) REFERENCES `t_spk` (`ID_SPK`) ON DELETE CASCADE ON UPDATE CASCADE,
  CONSTRAINT `dt_spk_ibfk_6` FOREIGN KEY (`PREQUESITE_DT_SPK`) REFERENCES `dt_spk` (`ID_DT_SPK`) ON DELETE CASCADE ON UPDATE CASCADE,
  CONSTRAINT `dt_spk_ibfk_7` FOREIGN KEY (`ID_MESIN`) REFERENCES `m_mesin` (`ID_MESIN`) ON DELETE CASCADE ON UPDATE CASCADE,
  CONSTRAINT `dt_spk_ibfk_9` FOREIGN KEY (`ID_DT_PO`) REFERENCES `dt_po` (`ID_DT_PO`) ON DELETE CASCADE ON UPDATE CASCADE
) ENGINE=InnoDB AUTO_INCREMENT=533 DEFAULT CHARSET=latin1 COLLATE=latin1_general_ci;

/*Data for the table `dt_spk` */

insert  into `dt_spk`(`ID_DT_SPK`,`ID_SPK`,`STOCK_AWAL`,`STOCK_ORDER`,`STOCK_AKHIR`,`QTY_AWAL`,`QTY_ORDER`,`QTY_AKHIR`,`STATUS_PENGERJAAN`,`KG_AWAL`,`KG_ORDER`,`KG_AKHIR`,`PREQUESITE_DT_SPK`,`ID_MESIN`,`ID_DT_PO`,`ID_SJ`,`IS_DELIVERED`,`IS_STOK_AKHIR_USED`,`KETERANGAN`) values 
(169,92,4922,4936,NULL,1,2,NULL,2,5.2272,3.2,NULL,NULL,1,NULL,NULL,NULL,NULL,'PT. KOMPINDO WIRATAMA. PP'),
(170,92,3247,4937,NULL,1,1,NULL,2,30.457344,15.36,NULL,NULL,1,NULL,NULL,NULL,NULL,'PT. KOMPINDO WIRATAMA. PP'),
(171,92,3239,4936,NULL,1,2,NULL,2,33.175296,3.2,NULL,NULL,1,NULL,NULL,NULL,NULL,'PT. KOMPINDO WIRATAMA. PP'),
(172,93,3036,4942,NULL,1,1,NULL,1,23.3376,3.38,NULL,NULL,1,NULL,NULL,NULL,NULL,'PT. KOMPINDO WIRATAMA. PP'),
(173,93,3112,4944,NULL,1,1,NULL,1,31.6924150250244,2.58594552044678,NULL,NULL,1,NULL,NULL,NULL,NULL,'PT. KOMPINDO WIRATAMA'),
(174,94,5097,4947,NULL,1,6,NULL,1,1.851696,0.975744,NULL,NULL,1,NULL,NULL,NULL,NULL,'PT. KOMPINDO WIRATAMA. PP'),
(175,94,5092,4947,NULL,1,1,NULL,1,0.401856,0.162624,NULL,NULL,1,NULL,NULL,NULL,NULL,'PT. KOMPINDO WIRATAMA. PP'),
(176,94,5119,4947,NULL,1,2,NULL,1,0.4056,0.325248,NULL,NULL,1,NULL,NULL,NULL,NULL,'PT. KOMPINDO WIRATAMA. PP'),
(177,94,5121,4947,NULL,1,1,NULL,1,0.5832,0.162624,NULL,NULL,1,NULL,NULL,NULL,NULL,'PT. KOMPINDO WIRATAMA. PP'),
(178,94,5124,4947,NULL,1,3,NULL,1,1.1088,0.487872,NULL,NULL,1,NULL,NULL,NULL,NULL,'PT. KOMPINDO WIRATAMA. PP'),
(179,94,5147,4947,NULL,1,3,NULL,1,0.7956,0.487872,NULL,NULL,1,NULL,NULL,NULL,NULL,'PT. KOMPINDO WIRATAMA. PP'),
(180,94,5158,4947,NULL,1,2,NULL,1,0.8448,0.325248,NULL,NULL,1,NULL,NULL,NULL,NULL,'PT. KOMPINDO WIRATAMA. PP'),
(181,94,5117,4947,NULL,1,1,NULL,1,0.435,0.162624,NULL,NULL,1,NULL,NULL,NULL,NULL,'PT. KOMPINDO WIRATAMA'),
(182,94,5090,4947,NULL,1,1,NULL,1,0.331968,0.162624,NULL,NULL,1,NULL,NULL,NULL,NULL,'PT. KOMPINDO WIRATAMA'),
(183,94,5171,4947,NULL,1,1,NULL,1,0.301104,0.162624,NULL,NULL,1,NULL,NULL,NULL,NULL,'PT. KOMPINDO WIRATAMA. PP'),
(184,94,3277,4948,NULL,1,3,NULL,1,504.192,9.4248,NULL,NULL,1,NULL,NULL,NULL,NULL,'PT. KOMPINDO WIRATAMA. PP'),
(185,95,3035,4949,NULL,1,4,NULL,1,26.4,19.2,NULL,NULL,1,NULL,NULL,NULL,NULL,'BP. ARIF MALANG. PP'),
(186,95,3261,4952,NULL,1,2,NULL,1,138.515328,32,NULL,NULL,1,NULL,NULL,NULL,NULL,'BP. ARIF MALANG PP'),
(187,95,3266,4953,NULL,1,2,NULL,1,1740.87576,44,NULL,NULL,1,NULL,NULL,NULL,NULL,'BP. ARIF MALANG PP'),
(188,96,2955,4957,NULL,1,1,NULL,1,252.959992218018,30.3799990653992,NULL,NULL,1,NULL,NULL,NULL,NULL,'PT. TUNAS HARAPAN'),
(190,98,3135,4959,NULL,1,2,NULL,1,9.93937469422817,3.8362498819828,NULL,NULL,1,NULL,NULL,NULL,NULL,'BP. SUMADI'),
(191,99,3177,4960,NULL,1,1,NULL,1,70.8461578205109,8.99247972335815,NULL,NULL,1,NULL,NULL,NULL,NULL,'PT. TAMAN PRATAMA'),
(192,100,4895,4961,NULL,1,1,NULL,1,0.867578373310089,0.159265595100403,NULL,NULL,1,NULL,NULL,NULL,NULL,'TIRTA GRAHA MULYA'),
(193,101,3219,4962,NULL,1,2,NULL,1,209.947493541241,5.23124983906746,NULL,NULL,1,NULL,NULL,NULL,NULL,'PT. DIAN SARI 2'),
(194,102,5175,4976,NULL,1,1,NULL,1,9.480384,1.452,NULL,NULL,1,NULL,NULL,NULL,NULL,'PT. DIAN SARI 2'),
(195,103,3284,4964,NULL,1,1,NULL,1,21.57984,4.5,NULL,NULL,1,NULL,NULL,NULL,NULL,'BENGKEL TBA'),
(196,103,3061,4963,NULL,1,3,NULL,1,8.72280453165436,3.21742790102005,NULL,NULL,1,NULL,NULL,NULL,NULL,'BENGKEL TBA'),
(197,104,3213,4966,NULL,1,2,NULL,1,13.6330245805979,7.59499976634979,NULL,NULL,1,NULL,NULL,NULL,NULL,'PT. INNOPACK'),
(198,105,3253,4967,NULL,1,1,NULL,1,479.556,16.8,NULL,NULL,1,NULL,NULL,NULL,NULL,'PT. INNOPACK .PP'),
(199,106,3053,4968,NULL,1,4,NULL,1,636.2352,162.288,NULL,NULL,1,NULL,NULL,NULL,NULL,'PT. PLATINUM CERAMICS'),
(200,107,5042,4969,NULL,1,1,NULL,2,1.49543995399475,1.39499995708466,NULL,NULL,1,NULL,NULL,NULL,NULL,'AB. HIDRAULIC'),
(201,107,5043,4969,NULL,1,1,NULL,1,1.9362599404335,1.39499995708466,NULL,NULL,1,NULL,NULL,NULL,NULL,'AB. HIDRAULIC'),
(202,109,3118,4971,NULL,1,10,NULL,1,70.3124928369284,26.2569991922379,NULL,NULL,1,NULL,NULL,NULL,NULL,'PT. BUSUR KHATULISTIWA'),
(203,109,3133,4972,NULL,1,10,NULL,1,152.403745311499,52.3124983906746,NULL,NULL,1,NULL,NULL,NULL,NULL,'PT. BUSUR KHATULISTIWA'),
(204,111,3174,4974,NULL,1,4,NULL,1,226.848693021297,108.971196647644,NULL,NULL,1,NULL,NULL,NULL,NULL,'PT. SPIL'),
(205,112,4964,4975,NULL,1,1,NULL,1,2.63000271909142,2.42237092547894,NULL,NULL,1,NULL,NULL,NULL,NULL,'AB. HIDRAULIC'),
(206,113,3070,4977,NULL,1,1,NULL,1,7.82749975919723,0.968749970197678,NULL,NULL,1,NULL,NULL,NULL,NULL,'PT. BINTANG DELI JAYA'),
(207,114,3114,4978,NULL,1,6,NULL,1,42.2374987006187,2.32499992847443,NULL,NULL,1,NULL,NULL,NULL,NULL,'PT. SPIL'),
(208,115,5290,4979,NULL,1,1,NULL,1,39.4939987850189,12.3999996185303,NULL,NULL,1,NULL,NULL,NULL,NULL,'PT. DIAN SARI 2'),
(209,117,3249,4980,NULL,1,1,NULL,1,19.427328,16.2,NULL,NULL,1,NULL,NULL,NULL,NULL,'PT. KOMPINDO WIRATAMA. PP'),
(210,117,3243,4984,NULL,1,1,NULL,1,95.992,13.5,NULL,NULL,1,NULL,NULL,NULL,NULL,'PT. KOMPINDO WIRATAMA. PP'),
(211,117,5166,4985,NULL,1,1,NULL,1,1.398264,0.768,NULL,NULL,1,NULL,NULL,NULL,NULL,'PT. KOMPINDO WIRATAMA'),
(212,117,5170,4986,NULL,1,1,NULL,1,3.208496,1.008,NULL,NULL,1,NULL,NULL,NULL,NULL,'PT. KOMPINDO WIRATAMA. PP'),
(213,118,5168,4991,NULL,1,1,NULL,1,2.42556,1.3248,NULL,NULL,1,NULL,NULL,NULL,NULL,'PT. KOMPINDO WIRATAMA. PP'),
(214,118,5270,4992,NULL,1,1,NULL,1,1.61568,0.576,NULL,NULL,1,NULL,NULL,NULL,NULL,'PT. KOMPINDO WIRATAMA. PP'),
(215,118,5258,4990,NULL,1,2,NULL,1,19.002192,2.392,NULL,NULL,1,NULL,NULL,NULL,NULL,'PT. KOMPINDO WIRATAMA. PP'),
(216,118,4352,4988,NULL,1,1,NULL,1,2.1896,1.28,NULL,NULL,1,NULL,NULL,NULL,NULL,'PT. KOMPINDO WIRATAMA. PP'),
(217,118,3224,4994,NULL,1,1,NULL,1,76.5,1.08,NULL,NULL,1,NULL,NULL,NULL,NULL,'PT. KOMPINDO WIRATAMA. PP'),
(218,118,5293,4993,NULL,1,1,NULL,1,1.332,0.768,NULL,NULL,1,NULL,NULL,NULL,NULL,'PT. KOMPINDO WIRATAMA. PP'),
(219,119,5242,5000,NULL,1,1,NULL,1,26.52804,5.2,NULL,NULL,1,NULL,NULL,NULL,NULL,'PT. KOMPINDO WIRATAMA. PP'),
(220,119,5269,4998,NULL,1,2,NULL,1,6.843456,2.128,NULL,NULL,1,NULL,NULL,NULL,NULL,'PT. KOMPINDO WIRATAMA'),
(221,119,5299,4999,NULL,1,1,NULL,1,11.88096,6.5,NULL,NULL,1,NULL,NULL,NULL,NULL,'PT. KOMPINDO WIRATAMA. PP'),
(222,119,5313,4997,NULL,1,1,NULL,1,4.845568,1.62,NULL,NULL,1,NULL,NULL,NULL,NULL,'PT. KOMPINDO WIRATAMA. PP'),
(223,120,3190,5001,NULL,1,1,NULL,1,205.839993667603,3.22399990081787,NULL,NULL,1,NULL,NULL,NULL,NULL,'PT. HARAPAN JAYA ABADI'),
(224,121,3191,5003,NULL,1,1,NULL,1,624.611230784655,31.3874990344048,NULL,NULL,1,NULL,NULL,NULL,NULL,'PT. TAMAN PRATAMA'),
(225,121,5315,5004,NULL,1,1,NULL,1,201.375993804932,17.2631244689226,NULL,NULL,1,NULL,NULL,NULL,NULL,'PT. TAMAN PRATAMA'),
(226,121,5289,5006,NULL,1,1,NULL,1,116.515356415558,35.1012989201546,NULL,NULL,1,NULL,NULL,NULL,NULL,'PT. TAMAN PRATAMA'),
(227,121,3187,5005,NULL,1,1,NULL,1,390.71158798027,11.0483996601105,NULL,NULL,1,NULL,NULL,NULL,NULL,'PT. TAMAN PRATAMA'),
(228,122,2947,5007,NULL,1,1,NULL,1,56.234773270011,45.3235486056805,NULL,NULL,1,NULL,NULL,NULL,NULL,'PT. TERAPAN'),
(229,123,2948,5007,NULL,1,1,NULL,1,57.3538732355833,45.3235486056805,NULL,NULL,1,NULL,NULL,NULL,NULL,'PT. TENO TRACK'),
(230,124,3207,5008,NULL,1,1,NULL,1,896.820920410481,7.63901976499558,NULL,NULL,1,NULL,NULL,NULL,NULL,'CV. NASIONAL AGUNG JAYA'),
(231,125,5317,5009,NULL,1,6,NULL,1,107.399496695995,33.7915489604473,NULL,NULL,1,NULL,NULL,NULL,NULL,'CV. JAYA MAKMUR'),
(232,126,3260,5010,NULL,1,1,NULL,1,1071.2352,8.664,NULL,NULL,1,NULL,NULL,NULL,NULL,'BP. SUMADI'),
(233,127,3270,5011,NULL,1,6,NULL,1,2019.2728,28.36512,NULL,NULL,1,NULL,NULL,NULL,NULL,'CV. JAYA MAKMUR'),
(234,129,2915,5013,NULL,14,1,NULL,1,833.279974365234,19.8399993896484,NULL,NULL,1,NULL,NULL,NULL,NULL,'PT. LINTECH'),
(235,130,3303,4976,NULL,1,5,NULL,1,1581.44,7.26,NULL,NULL,1,NULL,NULL,NULL,NULL,'PT. DIAN SARI 2'),
(236,131,3129,5014,NULL,1,4,NULL,1,25.2153992242813,6.68359979438782,NULL,NULL,1,NULL,NULL,NULL,NULL,'PT. BETON PRIMA INDONESIA'),
(237,132,3095,5015,NULL,1,2,NULL,1,17.2905594680786,8.37247974243164,NULL,NULL,1,NULL,NULL,NULL,NULL,'CV. DINAMIKA UTAMA'),
(238,133,4906,5016,NULL,1,2,NULL,1,4.20992,3.2,NULL,NULL,1,NULL,NULL,NULL,NULL,'CV. JAYA MAKMUR'),
(239,133,4911,5016,NULL,1,1,NULL,1,2.12976,1.6,NULL,NULL,1,NULL,NULL,NULL,NULL,'CV. JAYA MAKMUR'),
(240,133,4920,5016,NULL,1,1,NULL,1,4.3054,1.6,NULL,NULL,1,NULL,NULL,NULL,NULL,'CV. JAYA MAKMUR'),
(241,133,4918,5016,NULL,1,2,NULL,1,3.95604,3.2,NULL,NULL,1,NULL,NULL,NULL,NULL,'CV. JAYA MAKMUR'),
(242,133,4919,5016,NULL,1,2,NULL,1,3.8346,3.2,NULL,NULL,1,NULL,NULL,NULL,NULL,'CV. JAYA MAKMUR'),
(243,133,4924,5016,NULL,1,2,NULL,1,4.5696,3.2,NULL,NULL,1,NULL,NULL,NULL,NULL,'CV. JAYA MAKMUR'),
(244,133,4928,5016,NULL,1,2,NULL,1,4.02192,3.2,NULL,NULL,1,NULL,NULL,NULL,NULL,'CV. JAYA MAKMUR'),
(245,133,4990,5016,NULL,1,2,NULL,1,7.98116,3.2,NULL,NULL,1,NULL,NULL,NULL,NULL,'CV. JAYA MAKMUR'),
(246,133,4992,5016,NULL,1,2,NULL,1,7.03824,3.2,NULL,NULL,1,NULL,NULL,NULL,NULL,'CV. JAYA MAKMUR'),
(247,133,4923,5016,NULL,1,2,NULL,1,6.3756,3.2,NULL,NULL,1,NULL,NULL,NULL,NULL,'CV. JAYA MAKMUR'),
(248,133,4915,5016,NULL,1,1,NULL,1,3.289,1.6,NULL,NULL,1,NULL,NULL,NULL,NULL,'CV. JAYA MAKMUR'),
(249,133,4921,5016,NULL,1,1,NULL,1,5.775,1.6,NULL,NULL,1,NULL,NULL,NULL,NULL,'CV. JAYA MAKMUR'),
(250,135,5318,5017,NULL,1,2,NULL,1,12.90222440308,9.7399145003643,NULL,NULL,1,NULL,NULL,NULL,NULL,'PT. BERLINA '),
(251,136,5274,5018,NULL,1,4,NULL,1,598.5672,25.4848,NULL,NULL,1,NULL,NULL,NULL,NULL,'CV. DINAMIKA'),
(252,137,3228,5111,NULL,1,4,NULL,1,11.6203496425152,9.2886909142456,NULL,NULL,1,NULL,NULL,NULL,NULL,'PT. INSERA SENA'),
(253,137,3230,5111,NULL,1,6,NULL,1,328.787539885283,13.9330363713684,NULL,NULL,1,NULL,NULL,NULL,NULL,'PT. INSERA SENA'),
(254,138,3077,5104,NULL,7,1,NULL,1,266.649591796875,12.697599609375,NULL,NULL,1,NULL,NULL,NULL,NULL,'PT. ARTHAWENA'),
(255,140,3216,5108,NULL,1,4,NULL,1,60.8599731277228,16.5043994922638,NULL,NULL,1,NULL,NULL,NULL,NULL,'pt. spil'),
(256,140,3122,5110,NULL,1,4,NULL,1,67.562637921524,5.35679983520508,NULL,NULL,1,NULL,NULL,NULL,NULL,'PT. SPIL'),
(257,141,3178,5113,NULL,1,1,NULL,1,789.879975700378,425.319986915588,NULL,NULL,1,NULL,NULL,NULL,NULL,'pg. candi'),
(258,142,3215,5114,NULL,1,1,NULL,1,44.0889736436605,22.7849992990494,NULL,NULL,1,NULL,NULL,NULL,NULL,'CV. DINAMIKA UTAMA'),
(259,143,3231,5115,NULL,1,1,NULL,1,229.995967924476,6.96957478559017,NULL,NULL,1,NULL,NULL,NULL,NULL,'BP. AGUS'),
(260,143,3477,5116,NULL,1,1,NULL,1,6.45047980155945,5.37539983463287,NULL,NULL,1,NULL,NULL,NULL,NULL,'BP. AGUS'),
(261,143,3460,5117,NULL,1,1,NULL,1,6.17705980997086,2.25989993047714,NULL,NULL,1,NULL,NULL,NULL,NULL,'BP. AGUS'),
(262,143,3626,5119,NULL,1,1,NULL,1,3.27979989910126,1.88588494198322,NULL,NULL,1,NULL,NULL,NULL,NULL,'BP. AGUS'),
(263,143,3227,5118,NULL,1,1,NULL,1,18.3519994354248,1.36399995803833,NULL,NULL,1,NULL,NULL,NULL,NULL,'BP. AGUS'),
(264,144,5335,5105,NULL,1,1,NULL,1,18.2279994392395,8.20259974765778,NULL,NULL,1,NULL,NULL,NULL,NULL,'PT. TAMAN PRATAMA'),
(265,144,5319,5004,NULL,1,1,NULL,1,571.880232406855,17.2631244689226,NULL,NULL,1,NULL,NULL,NULL,NULL,'PT. TAMAN PRATAMA'),
(266,144,5353,5106,NULL,1,1,NULL,1,312.655760381556,3.5544598906517,NULL,NULL,1,NULL,NULL,NULL,NULL,'PT. TAMAN PRATAMA'),
(267,145,5360,3344,NULL,1,1,NULL,1,222.616418151498,3.27979989910126,NULL,NULL,1,NULL,NULL,NULL,NULL,'bintang abadi teknik'),
(268,146,4255,5124,NULL,1,1,NULL,1,0.672,0.441,NULL,NULL,1,NULL,NULL,NULL,NULL,'anugerah sejahtera'),
(269,146,4405,5123,NULL,1,2,NULL,1,8.3592,3.564,NULL,NULL,1,NULL,NULL,NULL,NULL,'anugerah .s'),
(270,146,2977,5121,NULL,1,2,NULL,1,2633.47928,18.018,NULL,NULL,1,NULL,NULL,NULL,NULL,'anugerah.s'),
(271,146,4265,5124,NULL,1,1,NULL,1,0.497664,0.441,NULL,NULL,1,NULL,NULL,NULL,NULL,'anugerah .s'),
(272,146,5372,5122,NULL,1,2,NULL,1,80.705856,27.72,NULL,NULL,1,NULL,NULL,NULL,NULL,'anugerah .s'),
(273,146,5353,4875,NULL,1,1,NULL,1,312.655760381556,7.86082475817203,NULL,NULL,1,NULL,NULL,NULL,NULL,'anugerah .s'),
(274,146,5364,5120,NULL,1,1,NULL,1,16.7399994850159,2.78999991416931,NULL,NULL,1,NULL,NULL,NULL,NULL,'anugerah .s'),
(275,147,2941,5107,NULL,1,2,NULL,1,190.826694129467,18.8138994212151,NULL,NULL,1,NULL,NULL,NULL,NULL,'TERAPAN'),
(276,148,5376,5125,NULL,1,1,NULL,1,300.55692575376,3.07597490537167,NULL,NULL,1,NULL,NULL,NULL,NULL,'BP. YONAS'),
(277,149,5316,5126,NULL,1,1,NULL,1,593.22373175025,27.2799991607666,NULL,NULL,1,NULL,NULL,NULL,NULL,'TENO TRACK'),
(278,150,2893,5140,NULL,1,1,NULL,1,7.08826138193894,2.43039992523193,NULL,NULL,1,NULL,NULL,NULL,NULL,'BP. TONI'),
(279,151,5275,4970,NULL,1,2,NULL,1,39.9872,2.551808,NULL,NULL,1,NULL,NULL,NULL,NULL,'ANUGERAH. S'),
(280,151,5382,4970,NULL,1,3,NULL,1,6.07376,3.827712,NULL,NULL,1,NULL,NULL,NULL,NULL,'ANUGERAH. S'),
(281,151,3267,4970,NULL,1,3,NULL,1,8.2992,3.827712,NULL,NULL,1,NULL,NULL,NULL,NULL,'ANUGERAH. S'),
(282,155,3496,3150,NULL,1,2,NULL,1,1.06717496716976,0.627749980688095,NULL,NULL,1,NULL,NULL,NULL,NULL,'PT.SPIL'),
(283,155,3495,3150,NULL,1,2,NULL,1,1.054619967556,0.627749980688095,NULL,NULL,1,NULL,NULL,NULL,NULL,'PT.SPIL'),
(284,155,3497,3150,NULL,1,4,NULL,1,1.49404495403767,1.25549996137619,NULL,NULL,1,NULL,NULL,NULL,NULL,'PT.SPIL'),
(285,155,2909,5143,NULL,1,8,NULL,1,18.182962640625,8.2788349453125,NULL,NULL,1,NULL,NULL,NULL,NULL,'PT.SPIL'),
(286,156,5295,5134,NULL,1,1,NULL,1,6.8393747895956,3.87499988079071,NULL,NULL,2,NULL,NULL,NULL,NULL,'PT. CATUR PUTRA SURYA'),
(287,156,3093,5135,NULL,10,1,NULL,1,537.167983474732,4.47639986228943,NULL,NULL,2,NULL,NULL,NULL,NULL,'PT. CATUR PUTRA SURYA'),
(288,157,2930,5138,NULL,1,1,NULL,1,22.855679296875,22.3199993133545,NULL,NULL,3,NULL,NULL,NULL,NULL,'PT. DIAN SARI 2'),
(289,158,2938,5142,NULL,1,1,NULL,1,159.434235095215,15.8719995117188,NULL,NULL,3,NULL,NULL,NULL,NULL,'PT.SPIL'),
(290,159,5389,5143,NULL,1,9,NULL,1,9.58668770507813,9.31368931347656,NULL,NULL,2,NULL,NULL,NULL,NULL,'PT. SPIL'),
(291,159,2910,5143,NULL,4,9,NULL,1,152.3711953125,9.31368931347656,NULL,NULL,2,NULL,NULL,NULL,NULL,'PT. SPIL'),
(292,159,5388,3150,NULL,1,1,NULL,1,0.338984989571571,0.313874990344048,NULL,NULL,3,NULL,NULL,NULL,NULL,'PT.SPIL'),
(293,159,5387,3150,NULL,1,1,NULL,1,0.351539989185333,0.313874990344048,NULL,NULL,3,NULL,NULL,NULL,NULL,'PT. SPIL'),
(294,159,3490,3150,NULL,1,1,NULL,1,0.414314987254143,0.313874990344048,NULL,NULL,3,NULL,NULL,NULL,NULL,'PT. SPIL'),
(295,159,3492,3150,NULL,1,2,NULL,1,0.665414979529381,0.627749980688095,NULL,NULL,3,NULL,NULL,NULL,NULL,'PT. SPIL'),
(296,159,3494,3150,NULL,1,2,NULL,1,0.740744977211952,0.627749980688095,NULL,NULL,3,NULL,NULL,NULL,NULL,'PT. SPIL'),
(297,159,2916,3150,NULL,1,11,NULL,1,30.3830990653038,3.45262489378452,NULL,NULL,3,NULL,NULL,NULL,NULL,'PT. SPIL'),
(298,160,3313,5152,NULL,1,1,NULL,1,171.45375312545,12.3999996185303,NULL,NULL,2,NULL,NULL,NULL,NULL,'CV. SINAR MULYA SEJAHTERA'),
(299,161,5244,5024,NULL,1,1,NULL,1,17.23392,3.726,NULL,NULL,1,NULL,NULL,NULL,NULL,'INTI DUTA LESTARI'),
(300,161,3030,5020,NULL,1,2,NULL,1,37.728,7.7952,NULL,NULL,1,NULL,NULL,NULL,NULL,'INTI DUTA L;ESTARI'),
(301,161,5401,5023,NULL,1,1,NULL,1,29.6208,4.32,NULL,NULL,2,NULL,NULL,NULL,NULL,'PT. INTI DUTA LESTARI'),
(302,161,5403,5022,NULL,1,1,NULL,1,16.0218,8.073,NULL,NULL,3,NULL,NULL,NULL,NULL,'PT. INTI DUTA LESTARI'),
(303,161,5402,5021,NULL,1,1,NULL,1,24.7152,5.568,NULL,NULL,2,NULL,NULL,NULL,NULL,'PT. INTI DUTA LESTARI'),
(304,163,3097,5207,NULL,8,1,NULL,1,476.159985351563,29.7599990844727,NULL,NULL,3,NULL,NULL,NULL,NULL,'CV. DINAMIKA UTAMA'),
(305,165,3754,5092,NULL,1,2,NULL,1,7.7952,7.3008,NULL,NULL,1,NULL,NULL,NULL,NULL,'PT. INTI DUTA'),
(306,165,4206,5094,NULL,1,1,NULL,1,2.52,1.715,NULL,NULL,1,NULL,NULL,NULL,NULL,'PT. INTI DUTA'),
(307,165,4205,5094,NULL,1,1,NULL,1,2.92,1.715,NULL,NULL,1,NULL,NULL,NULL,NULL,'PT. INTI DUTA'),
(308,165,4277,5094,NULL,1,1,NULL,1,3.0576,1.715,NULL,NULL,1,NULL,NULL,NULL,NULL,'PT. INTI DUTA'),
(309,165,4274,5094,NULL,1,1,NULL,1,2.3296,1.715,NULL,NULL,1,NULL,NULL,NULL,NULL,'PT. INTI DUTA'),
(310,165,5416,5095,NULL,1,1,NULL,1,12.48,8.064,NULL,NULL,2,NULL,NULL,NULL,NULL,'PT. INTI DUTA'),
(311,165,5418,5093,NULL,1,2,NULL,1,3.000672,1.92,NULL,NULL,3,NULL,NULL,NULL,NULL,'PT. INTI DUTA'),
(312,166,3140,5238,NULL,1,3,NULL,1,72.3439227744341,44.3470486357212,NULL,NULL,3,NULL,NULL,NULL,NULL,'CV. DINAMIKA UTAMA TEW 6582'),
(313,167,2999,5208,NULL,1,1,NULL,1,1016.45276873016,9.64223970336914,NULL,NULL,2,NULL,NULL,NULL,NULL,'CV. JAYA MAKMUR'),
(314,168,2998,5141,NULL,1,4,NULL,2,11.84232,6.6528,NULL,NULL,3,NULL,NULL,NULL,NULL,'BP. SAMSUL'),
(315,173,5384,5130,NULL,1,1,NULL,2,7.351168,3.6,NULL,NULL,2,NULL,NULL,NULL,NULL,'CV. SINAR MULYA'),
(316,173,5409,5127,NULL,1,1,NULL,2,69.68136,17.6,NULL,NULL,3,NULL,NULL,NULL,NULL,'CV. SINAR MULYA'),
(317,173,5408,5131,NULL,1,2,NULL,2,1619.731152,121.44,NULL,NULL,2,NULL,NULL,NULL,NULL,'cv. sinar mulya'),
(318,173,3268,5128,NULL,1,1,NULL,2,141.705216,17.6,NULL,NULL,3,NULL,NULL,NULL,NULL,'CV. SINAR MULYA'),
(319,173,4486,5129,NULL,1,1,NULL,2,6.2468,2.744,NULL,NULL,2,NULL,NULL,NULL,NULL,'CV. SINAR MULYA'),
(320,173,4489,5129,NULL,1,1,NULL,2,6.073056,2.744,NULL,NULL,3,NULL,NULL,NULL,NULL,'CV. SINAR MULYA'),
(321,173,5308,5132,NULL,1,4,NULL,2,18.250176,11.648,NULL,NULL,2,NULL,NULL,NULL,NULL,'CV. SINAR MULYA'),
(322,173,3241,5133,NULL,1,6,NULL,2,283.752,20.736,NULL,NULL,3,NULL,NULL,NULL,NULL,'CV. SINAR MULYA'),
(323,174,3960,5147,NULL,1,1,NULL,2,1.184,0.98496,NULL,NULL,3,NULL,NULL,NULL,NULL,'ANUGERAH SEJAHTERA .PP'),
(324,174,4003,5149,NULL,1,1,NULL,2,2.9536,1.6416,NULL,NULL,2,NULL,NULL,NULL,NULL,'ANUGERAH SEJAHTERA . PP'),
(325,177,5268,5250,NULL,1,4,NULL,1,204.437243710756,13.9499995708466,NULL,NULL,1,NULL,NULL,NULL,NULL,'INNOPACK'),
(326,178,5350,5257,NULL,1,1,NULL,2,564.564,14.4,NULL,NULL,1,NULL,NULL,NULL,NULL,'PT. INNOPACK. PP THYPLAST 2311'),
(327,179,5325,5297,NULL,1,1,NULL,1,73.0840477516651,12.5735996131897,NULL,NULL,2,NULL,NULL,NULL,NULL,'PT. TAMAN PRATAMA.\r\nDI AMBIL SORE INI'),
(328,178,2973,5251,NULL,1,2,NULL,1,115.781896438122,4.19119987106323,NULL,NULL,1,NULL,NULL,NULL,NULL,'INNOPACK'),
(329,178,3377,4969,NULL,2,1,NULL,1,3.57119989013672,1.39499995708466,NULL,NULL,1,NULL,NULL,NULL,NULL,'INNOPACK'),
(330,178,3596,5252,NULL,1,2,NULL,1,2.51099992275238,1.88324994206429,NULL,NULL,1,NULL,NULL,NULL,NULL,'INNOPACK'),
(331,178,3422,5252,NULL,1,2,NULL,1,8.97682472383976,1.88324994206429,NULL,NULL,1,NULL,NULL,NULL,NULL,'INNOPACK'),
(332,178,3503,5253,NULL,1,1,NULL,1,1.15319996452332,0.991999969482422,NULL,NULL,1,NULL,NULL,NULL,NULL,'INNOPACK'),
(333,178,5261,5258,NULL,1,2,NULL,2,13.46604,8.0864,NULL,NULL,2,NULL,NULL,NULL,NULL,'PT. INNOPACK. PP'),
(334,178,3096,5255,NULL,1,1,NULL,1,22.9128742951155,6.27749980688095,NULL,NULL,3,NULL,NULL,NULL,NULL,'pt. innopack .THSW 2344'),
(335,178,3139,5256,NULL,1,2,NULL,1,120.587516290283,13.8879995727539,NULL,NULL,3,NULL,NULL,NULL,NULL,'PT. INNOPACK. THSW 2344'),
(336,180,5447,5274,NULL,1,1,NULL,2,507.6456,17.82,NULL,NULL,1,NULL,NULL,NULL,NULL,'PT, INNOPACK PP'),
(337,180,5014,5265,NULL,1,1,NULL,1,1.69135994796753,1.23999996185303,NULL,NULL,2,NULL,NULL,NULL,NULL,'INNOPACK . TEW 6582'),
(338,180,3075,5264,NULL,1,3,NULL,1,10.6131596735001,8.36999974250793,NULL,NULL,2,NULL,NULL,NULL,NULL,'INNOPACK TEW 6582'),
(339,180,3076,5266,NULL,11,1,NULL,1,368.279988670349,5.57999982833862,NULL,NULL,3,NULL,NULL,NULL,NULL,'INNOPACK TEW 6582'),
(340,180,2911,5261,NULL,1,1,NULL,1,22.7470243002176,7.59499976634979,NULL,NULL,2,NULL,NULL,NULL,NULL,'INNOPACK'),
(341,180,5453,5267,NULL,1,4,NULL,1,6.98057978525162,5.02199984550476,NULL,NULL,3,NULL,NULL,NULL,NULL,'INNOPACK. THYPLAst 2311'),
(342,180,3146,5263,NULL,1,9,NULL,1,83.7666474230289,26.2050741938353,NULL,NULL,2,NULL,NULL,NULL,NULL,'innopack. THSW 2344'),
(343,180,5375,5260,NULL,1,8,NULL,1,171.699229717898,43.003198677063,NULL,NULL,2,NULL,NULL,NULL,NULL,'INNOPACK'),
(344,180,2987,5269,NULL,1,9,NULL,1,65.7881979761124,33.8984989571571,NULL,NULL,3,NULL,NULL,NULL,NULL,'INNOPACK'),
(345,180,2966,5262,NULL,1,2,NULL,1,11.963519631958,11.6063996429443,NULL,NULL,2,NULL,NULL,NULL,NULL,'INNOPACK'),
(346,180,2968,5262,NULL,1,8,NULL,1,459.345585868835,46.4255985717773,NULL,NULL,3,NULL,NULL,NULL,NULL,'INNOPACK'),
(347,180,5449,5251,NULL,1,2,NULL,1,111.066796583176,4.19119987106323,NULL,NULL,2,NULL,NULL,NULL,NULL,'INNOPACK'),
(348,173,5459,5132,NULL,1,2,NULL,2,260.148,5.824,NULL,NULL,2,NULL,NULL,NULL,NULL,'CV. SINAR MULYA'),
(349,180,5467,5272,NULL,1,1,NULL,2,197.8002,11.984,NULL,NULL,2,NULL,NULL,NULL,NULL,'PT. INNOPACK. PP '),
(350,181,3559,5278,NULL,1,1,NULL,1,1.51775995330811,0.864899973392486,NULL,NULL,3,NULL,NULL,NULL,NULL,'CV. NASIONAL AGUNG JAYA'),
(351,181,3431,4747,NULL,1,2,NULL,1,1.05570496752262,0.987349969625473,NULL,NULL,2,NULL,NULL,NULL,NULL,'CV. NASIONAL AGUNG JAYA'),
(352,181,3427,4747,NULL,2,2,NULL,1,1.57975995140076,0.987349969625473,NULL,NULL,3,NULL,NULL,NULL,NULL,'CV. NASIONAL AGUNG JAYA'),
(353,180,5464,5259,NULL,1,2,NULL,1,20.8482743586302,15.1899995326996,NULL,NULL,3,NULL,NULL,NULL,NULL,'PT. INNOPACK.'),
(354,182,2912,5277,NULL,6,1,NULL,1,273.419991588593,5.77219982242584,NULL,NULL,2,NULL,NULL,NULL,NULL,'PT. SPIL'),
(355,183,3388,3120,NULL,1,1,NULL,1,4.18499987125397,4.18499987125397,NULL,NULL,2,NULL,NULL,NULL,NULL,'SPIL'),
(356,183,3476,5303,NULL,1,2,NULL,1,4.03743987579346,1.98399993896484,NULL,NULL,2,NULL,NULL,NULL,NULL,'SPIL'),
(357,185,2964,5306,NULL,1,1,NULL,1,378.250828363609,7.50199976921082,NULL,NULL,2,NULL,NULL,NULL,NULL,'pt. innopack'),
(358,186,3449,5307,NULL,1,2,NULL,1,5.89387481868267,6.81069979047775,NULL,NULL,2,NULL,NULL,NULL,NULL,'SPIL. TEW 6582'),
(359,186,5442,5307,NULL,1,3,NULL,1,60.4580581400871,10.2160496857166,NULL,NULL,2,NULL,NULL,NULL,NULL,'SPIL. TEW 6582'),
(360,184,3842,5273,NULL,1,6,NULL,2,2.9088,1.872,NULL,NULL,2,NULL,NULL,NULL,NULL,'PT. INNOPACK PP THS 1730'),
(361,184,3845,5273,NULL,1,2,NULL,2,1.34064,0.624,NULL,NULL,2,NULL,NULL,NULL,NULL,'PT. INNOPACK. PP '),
(362,184,5470,5270,NULL,1,1,NULL,2,59.8444,10,NULL,NULL,1,NULL,NULL,NULL,NULL,'PT. INNOPACK. PP'),
(363,187,3089,5259,NULL,1,2,NULL,1,30.8508890509129,15.1899995326996,NULL,NULL,2,NULL,NULL,NULL,NULL,'PT. DIAN SARI II'),
(364,187,3152,5308,NULL,3,2,NULL,1,1230.38996214867,34.1774989485741,NULL,NULL,3,NULL,NULL,NULL,NULL,'PT. DIAN SARI II'),
(365,188,3233,5309,NULL,1,1,NULL,1,22.1414393188477,7.58879976654053,NULL,NULL,2,NULL,NULL,NULL,NULL,'SPIL . TEW 6582'),
(366,188,5320,5310,NULL,1,1,NULL,1,80.994937508297,46.6270985655785,NULL,NULL,3,NULL,NULL,NULL,NULL,'SPIL. TEW 6582'),
(367,188,5366,5311,NULL,1,1,NULL,1,552.419983005524,20.4018743723631,NULL,NULL,2,NULL,NULL,NULL,NULL,'SPIL. TEW 6582'),
(368,188,3248,5312,NULL,1,1,NULL,1,106.946276709938,38.1950988249779,NULL,NULL,3,NULL,NULL,NULL,NULL,'SPIL. TEW 6582'),
(369,189,3067,5321,NULL,9,1,NULL,1,133.919995880127,4.95999984741211,NULL,NULL,2,NULL,NULL,NULL,NULL,'spil. TEW 6582'),
(370,190,3071,2667,NULL,19,1,NULL,1,441.749986410141,23.2499992847443,NULL,NULL,1,NULL,NULL,NULL,NULL,'PG. CANDI'),
(371,191,5354,5328,NULL,1,2,NULL,1,25.4904312158203,7.618559765625,NULL,NULL,2,NULL,NULL,NULL,NULL,'PG. CANDI'),
(372,192,5496,5136,NULL,1,16,NULL,1,139.3536,44.928,NULL,NULL,1,NULL,NULL,NULL,NULL,'insera'),
(373,192,5495,5137,NULL,1,12,NULL,1,117.0288,38.88,NULL,NULL,1,NULL,NULL,NULL,NULL,'insera'),
(374,193,5417,5097,NULL,1,1,NULL,1,21.7872,5.7024,NULL,NULL,1,NULL,NULL,NULL,NULL,'inti duta'),
(375,193,5497,5098,NULL,1,1,NULL,1,183.20064,7.5,NULL,NULL,1,NULL,NULL,NULL,NULL,'inti duta'),
(376,193,3255,5101,NULL,1,1,NULL,1,867.672,6.8634,NULL,NULL,1,NULL,NULL,NULL,NULL,'inti duta'),
(377,193,5383,5102,NULL,1,1,NULL,1,28.286016,9.9308,NULL,NULL,1,NULL,NULL,NULL,NULL,'inti duta'),
(378,193,5498,5096,NULL,1,1,NULL,1,14.61024,4.7328,NULL,NULL,1,NULL,NULL,NULL,NULL,'inti duta'),
(379,193,5506,5099,NULL,1,1,NULL,1,7.1568,7.1,NULL,NULL,1,NULL,NULL,NULL,NULL,'inti duta'),
(380,193,5509,5100,NULL,1,1,NULL,1,37.760112,10.3194,NULL,NULL,1,NULL,NULL,NULL,NULL,'inti duta'),
(381,168,3021,5141,NULL,1,4,NULL,1,16.7994,6.6528,NULL,NULL,1,NULL,NULL,NULL,NULL,'bp. samsul'),
(382,196,3173,5316,NULL,1,2,NULL,1,324.699303411052,4.53870986037254,NULL,NULL,2,NULL,NULL,NULL,NULL,'bengkel tba'),
(383,196,5298,5317,NULL,1,1,NULL,1,69.056,16.1,NULL,NULL,2,NULL,NULL,NULL,NULL,'bengkel tba'),
(384,197,2920,2683,NULL,2,2,NULL,1,185.999994277954,185.999994277954,NULL,NULL,2,NULL,NULL,NULL,NULL,'lintech'),
(385,198,5296,5395,NULL,1,1,NULL,1,27.0784991669655,23.2499992847443,NULL,NULL,2,NULL,NULL,NULL,NULL,'pt. impact indonesia TEW 6582'),
(386,199,2931,2694,NULL,10,1,NULL,1,1339.19995880127,133.919995880127,NULL,NULL,2,NULL,NULL,NULL,NULL,'LINTECH'),
(387,199,2934,5394,NULL,10,1,NULL,1,1822.79994392395,91.1399971961975,NULL,NULL,2,NULL,NULL,NULL,NULL,'LINTECH'),
(388,200,3025,5392,NULL,1,2,NULL,1,21.32208,7.71176,NULL,NULL,3,NULL,NULL,NULL,NULL,'CV. CATUR PRASETYA'),
(389,201,2897,5397,NULL,1,1,NULL,1,2.74039991569519,2.47999992370606,NULL,NULL,2,NULL,NULL,NULL,NULL,'bp. toni'),
(390,203,3569,5404,NULL,2,1,NULL,1,11.9849096313,2.65824991822243,NULL,NULL,2,NULL,NULL,NULL,NULL,'spil. URGENT BANGET'),
(391,204,5458,5318,NULL,1,1,NULL,1,34.90432,3.4364,NULL,NULL,2,NULL,NULL,NULL,NULL,'INSERA SENA . THS 2842 (MERAH KUNING)'),
(392,204,5448,5318,NULL,1,9,NULL,1,34.296064,30.9276,NULL,NULL,3,NULL,NULL,NULL,NULL,'INSERA SENA . THS 2842 '),
(393,205,5381,5313,NULL,1,1,NULL,2,4.64570945708084,0.619751980934143,NULL,NULL,2,NULL,NULL,NULL,NULL,'ANUGERAH SEJAHTERA'),
(394,205,3259,5314,NULL,1,2,NULL,2,25.912352,9.1,NULL,NULL,2,NULL,NULL,NULL,NULL,'ANUGERAH . PP'),
(395,206,5371,5377,NULL,1,2,NULL,2,2519.813424,57.2064,NULL,NULL,1,NULL,NULL,NULL,NULL,'BP. EKA '),
(396,206,2972,5378,NULL,1,2,NULL,2,2245.8304,42.75936,NULL,NULL,1,NULL,NULL,NULL,NULL,'BP. EKA'),
(397,206,5112,5379,NULL,1,2,NULL,2,3.644784,3.2536,NULL,NULL,2,NULL,NULL,NULL,NULL,'BP. EKA'),
(398,205,5475,5315,NULL,1,3,NULL,2,248.976,15.552,NULL,NULL,2,NULL,NULL,NULL,NULL,'anugerah sejahtera. PP'),
(399,207,4264,5282,NULL,1,1,NULL,2,2.688,1.936,NULL,NULL,2,NULL,NULL,NULL,NULL,'KOMPINDO .PP'),
(400,207,3115,5290,NULL,1,1,NULL,1,48.0772785209656,0.290159991073608,NULL,NULL,2,NULL,NULL,NULL,NULL,'KOMPINDO WIRATAMA'),
(401,207,5477,5287,NULL,1,1,NULL,1,98.1564935803442,2.97599990844727,NULL,NULL,2,NULL,NULL,NULL,NULL,'KOMPINDO WIRATAMA'),
(402,207,3183,5288,NULL,1,1,NULL,1,321.885303297621,1.84893294312,NULL,NULL,2,NULL,NULL,NULL,NULL,'KOMPINDO WIRATAMA'),
(403,207,5550,5284,NULL,1,3,NULL,2,13.1196,10.08,NULL,NULL,2,NULL,NULL,NULL,NULL,'KOMPINDO WIRATAMA. PP'),
(404,207,5549,5285,NULL,1,1,NULL,2,14.3766,7.68,NULL,NULL,2,NULL,NULL,NULL,NULL,'PT. KOMPINDO WIRATAMA. PP'),
(405,207,5555,5281,NULL,1,2,NULL,2,226.872,40.824,NULL,NULL,2,NULL,NULL,NULL,NULL,'PT. KOMPINDO. PP'),
(406,207,5556,5283,NULL,1,2,NULL,2,52.976,40.824,NULL,NULL,2,NULL,NULL,NULL,NULL,'PT. KOMPINDO WIRATAMA. PP'),
(407,207,5545,5286,NULL,1,1,NULL,1,47.6755185333252,1.2275999622345,NULL,NULL,2,NULL,NULL,NULL,NULL,'PT. KOMPINDO'),
(408,208,3481,5409,NULL,1,2,NULL,1,7.07295978240967,6.94399978637695,NULL,NULL,2,NULL,NULL,NULL,NULL,'SPIL. '),
(409,209,3531,5408,NULL,1,1,NULL,1,9.12639971923828,3.96799987792969,NULL,NULL,2,NULL,NULL,NULL,NULL,'SPIL'),
(410,211,3155,5380,NULL,1,1,NULL,1,130.772875976944,3.2642998995781,NULL,NULL,2,NULL,NULL,NULL,NULL,'SINAR MULYA'),
(411,211,5271,5381,NULL,1,2,NULL,2,14.26464,4.056,NULL,NULL,2,NULL,NULL,NULL,NULL,'SINAR MULYA'),
(412,212,3276,5291,NULL,1,1,NULL,2,10.862592,2.418,NULL,NULL,2,NULL,NULL,NULL,NULL,'kompindo . pp'),
(413,212,3286,5292,NULL,1,1,NULL,2,200.448,11.76,NULL,NULL,2,NULL,NULL,NULL,NULL,'KOMPINDO . PP'),
(414,184,5521,5259,NULL,1,1,NULL,1,13.2152995934486,7.59499976634979,NULL,NULL,2,NULL,NULL,NULL,NULL,'INNOPACK'),
(415,213,5103,5235,NULL,1,1,NULL,2,1.1232,0.318,NULL,NULL,2,NULL,NULL,NULL,NULL,'KOMPINDO .PP'),
(416,213,5098,3922,NULL,1,2,NULL,2,1.425632,1.04,NULL,NULL,2,NULL,NULL,NULL,NULL,'KOMPINDO . PP'),
(417,213,5538,5233,NULL,1,1,NULL,2,7.0876,5.04,NULL,NULL,2,NULL,NULL,NULL,NULL,'KOMPINDO . PP'),
(418,213,5240,5234,NULL,1,4,NULL,2,9.82016,1.824,NULL,NULL,2,NULL,NULL,NULL,NULL,'KOMPINDO . PP'),
(419,213,3246,5230,NULL,1,1,NULL,2,9.82016,2.496,NULL,NULL,2,NULL,NULL,NULL,NULL,'KOMPINDO . PP'),
(420,213,3273,5237,NULL,1,1,NULL,2,281.424,14.7424,NULL,NULL,2,NULL,NULL,NULL,NULL,'KOMPINDO . PP'),
(421,213,5304,5236,NULL,1,2,NULL,2,15.904656,2.79552,NULL,NULL,2,NULL,NULL,NULL,NULL,'KOMPINDO . PP'),
(422,213,4948,5231,NULL,1,1,NULL,1,2.16781753330994,2.08443993587494,NULL,NULL,2,NULL,NULL,NULL,NULL,'KOMPINDO . PP'),
(423,213,5493,5232,NULL,1,1,NULL,1,14.3754745577574,2.13434993433952,NULL,NULL,2,NULL,NULL,NULL,NULL,'KOMPINDO . PP'),
(424,207,5565,5289,NULL,1,1,NULL,1,356.84405802216,4.06765247486401,NULL,NULL,2,NULL,NULL,NULL,NULL,'KOMPINDO WIRATAMA'),
(425,212,5580,5293,NULL,1,1,NULL,2,32.1408,9.23328,NULL,NULL,2,NULL,NULL,NULL,NULL,'KOMPINDO PP'),
(426,213,4639,5230,NULL,1,1,NULL,2,4.403,2.496,NULL,NULL,2,NULL,NULL,NULL,NULL,'KOMPINDO .PP'),
(427,215,5046,5462,NULL,1,2,NULL,1,4.91397104882813,4.063231875,NULL,NULL,2,NULL,NULL,NULL,NULL,'logam jaya \r\nTEW 6582'),
(428,216,5569,5454,NULL,1,3,NULL,2,6.95,6.48,NULL,NULL,2,NULL,NULL,NULL,NULL,'INSERA SENA'),
(429,216,5568,5454,NULL,1,17,NULL,2,192.924,36.72,NULL,NULL,1,NULL,NULL,NULL,NULL,'INSERA SENA'),
(430,216,5478,5455,NULL,1,16,NULL,2,42.4512,38.016,NULL,NULL,2,NULL,NULL,NULL,NULL,'INSERA SENA'),
(431,216,5592,5455,NULL,1,4,NULL,2,30.25,9.504,NULL,NULL,2,NULL,NULL,NULL,NULL,'INSERA SENA'),
(432,216,3265,5457,NULL,1,10,NULL,2,1533.168,190.944,NULL,NULL,1,NULL,NULL,NULL,NULL,'INSERA SENA . \r\nTHS 2842'),
(433,216,3262,5456,NULL,1,10,NULL,2,1136.45952,154.224,NULL,NULL,1,NULL,NULL,NULL,NULL,'insera .\r\nTHS 2842'),
(434,216,5596,5453,NULL,1,10,NULL,2,156.546,50.49,NULL,NULL,2,NULL,NULL,NULL,NULL,'INSERA SENA'),
(435,217,3185,5466,NULL,1,1,NULL,1,97.294737006855,14.334399559021,NULL,NULL,2,NULL,NULL,NULL,NULL,'SPIL , TEW 6582'),
(436,218,5208,5461,NULL,1,2,NULL,2,0.909216,0.8064,NULL,NULL,2,NULL,NULL,NULL,NULL,'NOBELINDO'),
(437,218,5210,5461,NULL,1,2,NULL,2,1.14912,0.8064,NULL,NULL,2,NULL,NULL,NULL,NULL,'NOBELINDO'),
(438,219,5457,5459,NULL,1,1,NULL,2,445.368,14.08,NULL,NULL,1,NULL,NULL,NULL,NULL,'PT. INNOPACK. PP'),
(439,219,5507,5460,NULL,1,1,NULL,2,820.50624,17.6,NULL,NULL,1,NULL,NULL,NULL,NULL,''),
(440,219,5260,5458,NULL,1,4,NULL,2,86.40996,24.0832,NULL,NULL,2,NULL,NULL,NULL,NULL,'INOPACK. PP'),
(441,220,3902,5470,NULL,1,3,NULL,2,3.195648,1.89504,NULL,NULL,2,NULL,NULL,NULL,NULL,'MITRA KARYA. PP'),
(442,220,3894,5470,NULL,1,3,NULL,2,3.4432,1.89504,NULL,NULL,2,NULL,NULL,NULL,NULL,'MITRA KARYA .PP'),
(443,220,5599,5471,NULL,1,6,NULL,2,10.89,16.632,NULL,NULL,2,NULL,NULL,NULL,NULL,'MITRA KARYA .PP'),
(444,213,4950,5231,NULL,1,1,NULL,1,3.48101469291115,2.08443993587494,NULL,NULL,2,NULL,NULL,NULL,NULL,'KOMPINDO WIRATAMA'),
(445,220,3042,5472,NULL,1,1,NULL,2,10.7136,6.92,NULL,NULL,2,NULL,NULL,NULL,NULL,'MITRA KARYA. PP0'),
(446,220,5551,5472,NULL,1,1,NULL,2,414.7668,6.92,NULL,NULL,1,NULL,NULL,NULL,NULL,'MITRA KARYA. PP'),
(447,222,2958,3342,NULL,1,1,NULL,1,30.3496190663338,1.7088749474287,NULL,NULL,2,NULL,NULL,NULL,NULL,'PT. DIAN SARI 2'),
(448,223,2932,5477,NULL,1,6,NULL,1,117.956081371236,7.07264978241921,NULL,NULL,2,NULL,NULL,NULL,NULL,'nasional agung jaya'),
(449,223,3066,5481,NULL,1,1,NULL,1,3.16199990272522,1.85999994277954,NULL,NULL,2,NULL,NULL,NULL,NULL,'cv. nasional agung jaya. TEW 6582'),
(450,224,3071,2667,NULL,18,4,NULL,1,418.499987125397,92.9999971389771,NULL,NULL,1,NULL,NULL,NULL,NULL,'PG. CANDI'),
(451,223,3071,5482,NULL,14,1,NULL,1,325.49998998642,3.60374988913536,NULL,NULL,2,NULL,NULL,NULL,NULL,'CV. NASIONAL AGUNG JAYA. \r\nTEW 6582'),
(452,223,3433,4747,NULL,1,3,NULL,1,1.7696349455595,1.48102495443821,NULL,NULL,2,NULL,NULL,NULL,NULL,'CV. NASIONAL AGUNG JAYA'),
(453,223,5572,4747,NULL,1,9,NULL,1,5.5823248282671,4.44307486331463,NULL,NULL,2,NULL,NULL,NULL,NULL,'CV. NASIONAL AGUNG JAYA'),
(454,223,5336,5483,NULL,1,1,NULL,1,8.85855972747803,6.29919980621338,NULL,NULL,2,NULL,NULL,NULL,NULL,'CV. NASIONAL AGUNG JAYA.\r\nTEW 6582'),
(455,223,5424,5483,NULL,1,4,NULL,1,30.0079990768433,25.1967992248535,NULL,NULL,2,NULL,NULL,NULL,NULL,'CV. NASIONAL AGUNG JAYA'),
(456,223,3097,5483,NULL,7,1,NULL,1,416.639987182617,6.29919980621338,NULL,NULL,2,NULL,NULL,NULL,NULL,'CV. NASIONAL AGUNG JAYA. TEW 6582'),
(457,223,3508,5475,NULL,1,3,NULL,1,5.53272482979298,1.68794994807243,NULL,NULL,2,NULL,NULL,NULL,NULL,'CV. NASIONAL AGUNG JAYA'),
(458,223,3510,5475,NULL,1,9,NULL,1,5.53272482979298,5.0638498442173,NULL,NULL,2,NULL,NULL,NULL,NULL,'CV. NASIONAL AGUNG JAYA'),
(459,223,5441,5484,NULL,1,12,NULL,1,190.068744152784,10.4624996781349,NULL,NULL,2,NULL,NULL,NULL,NULL,'CV. NASIONAL AGUNG JAYA'),
(460,223,2942,5478,NULL,1,12,NULL,1,281.985291325092,33.1451989803314,NULL,NULL,2,NULL,NULL,NULL,NULL,'CV. NASIONAL AGUNG JAYA'),
(461,223,5618,5479,NULL,1,6,NULL,1,28.2989691294193,26.6584491798878,NULL,NULL,2,NULL,NULL,NULL,NULL,'CV. NASIONAL AGUNG JAYA'),
(462,223,2960,5479,NULL,1,6,NULL,1,301.445540726423,26.6584491798878,NULL,NULL,2,NULL,NULL,NULL,NULL,'CV. NASIONAL AGUNG JAYA'),
(463,223,5471,5480,NULL,1,12,NULL,1,370.598788599014,85.5227973690033,NULL,NULL,2,NULL,NULL,NULL,NULL,'CV. NASIONAL AGUNG JAYA'),
(464,223,5616,5485,NULL,1,6,NULL,2,12.977648,4.9896,NULL,NULL,3,NULL,NULL,NULL,NULL,'CV. NASIONAL AGUNG JAYA .\r\nTEW 6582'),
(465,225,2902,5134,NULL,1,1,NULL,1,5.37074983477592,3.87499988079071,NULL,NULL,3,NULL,NULL,NULL,NULL,'PT. DIAN SARI 2'),
(466,225,2903,5134,NULL,1,1,NULL,1,11.8574996352196,3.87499988079071,NULL,NULL,3,NULL,NULL,NULL,NULL,'PT. DIAN SARI 2'),
(467,226,3229,5487,NULL,1,6,NULL,2,18.176,2.592,NULL,NULL,3,NULL,NULL,NULL,NULL,'PT. NOBELINDO'),
(468,227,5622,5476,NULL,1,21,NULL,1,110.359531604934,19.2533244076967,NULL,NULL,3,NULL,NULL,NULL,NULL,'cv. nasional agung jaya'),
(469,228,5530,5525,NULL,1,2,NULL,1,3.75099988460541,3.09999990463257,NULL,NULL,2,NULL,NULL,NULL,NULL,'bp. iwan \r\nTHYPLAST 2311'),
(470,228,3116,5525,NULL,4,2,NULL,1,371.999988555908,3.09999990463257,NULL,NULL,3,NULL,NULL,NULL,NULL,'BP. IWAN THYPLAST 2311'),
(471,230,2895,5527,NULL,1,1,NULL,1,2.87283191162109,1.58719995117188,NULL,NULL,3,NULL,NULL,NULL,NULL,'CHIN YANG'),
(472,230,2896,5527,NULL,3,1,NULL,1,28.5695991210937,1.58719995117188,NULL,NULL,3,NULL,NULL,NULL,NULL,'CHIN YANG'),
(473,231,5552,5533,NULL,1,2,NULL,2,345.112,64,NULL,NULL,1,NULL,NULL,NULL,NULL,'PT. BAGONG SEJAHTERA'),
(474,231,5608,5529,NULL,1,2,NULL,2,154.0596,75.64,NULL,NULL,1,NULL,NULL,NULL,NULL,'PT. BAGONG SEJAHTERA'),
(475,232,3365,5534,NULL,1,1,NULL,1,1.07848996682167,1.06329996728897,NULL,NULL,2,NULL,NULL,NULL,NULL,'PT. BINTANG DELI JAYA'),
(476,233,3414,5535,NULL,1,1,NULL,1,2.16255993347168,1.58719995117188,NULL,NULL,3,NULL,NULL,NULL,NULL,'DINAMIKA UTAMA'),
(477,233,3124,5393,NULL,3,1,NULL,1,401.759987640381,66.9599979400635,NULL,NULL,2,NULL,NULL,NULL,NULL,'DINAMIKA UTAMA JAYA. TEW 6582'),
(478,235,2939,2702,NULL,5,2,NULL,1,1190.39996337891,476.159985351563,NULL,NULL,3,NULL,NULL,NULL,NULL,'LINTECH'),
(479,236,5668,5397,NULL,1,2,NULL,1,8.26583974571228,4.95999984741211,NULL,NULL,2,NULL,NULL,NULL,NULL,'PT. DIAN SARI II'),
(480,237,3504,5547,NULL,1,5,NULL,1,5.99849981546402,5.03749984502792,NULL,NULL,3,NULL,NULL,NULL,NULL,'SPIL'),
(481,237,2919,5547,NULL,1,25,NULL,1,30.9224990487099,25.1874992251396,NULL,NULL,3,NULL,NULL,NULL,NULL,'SPIL'),
(482,239,5669,5526,NULL,1,1,NULL,1,37.21312,11.904,NULL,NULL,2,NULL,NULL,NULL,NULL,'ANUGERAH SEJAHTERA . PP'),
(483,240,5406,5143,NULL,1,27,NULL,1,28.442623125,27.9410679404297,NULL,NULL,3,NULL,NULL,NULL,NULL,'SPIL'),
(484,240,2910,5143,NULL,3,3,NULL,1,114.278396484375,3.10456310449219,NULL,NULL,3,NULL,NULL,NULL,NULL,'SPIL'),
(485,240,5410,3150,NULL,1,30,NULL,1,25.9009642031908,9.41624971032143,NULL,NULL,2,NULL,NULL,NULL,NULL,'SPIL'),
(486,241,5446,5550,NULL,1,8,NULL,1,19.09056,9.2352,NULL,NULL,2,NULL,NULL,NULL,NULL,'UBS . PP'),
(487,241,5445,5551,NULL,1,8,NULL,1,99.0396,9.03552,NULL,NULL,3,NULL,NULL,NULL,NULL,'UBS. PP'),
(488,242,5491,5266,NULL,1,2,NULL,1,27.8999991416931,11.1599996566772,NULL,NULL,3,NULL,NULL,NULL,NULL,'CV. SINAR FAJAR\r\nTHYPLAST 2311'),
(489,242,5365,5552,NULL,1,1,NULL,1,9.87349969625473,9.41779971027374,NULL,NULL,2,NULL,NULL,NULL,NULL,'CV. SINAR FAJAR'),
(490,242,3167,5553,NULL,1,2,NULL,1,16.7846394836426,13.2134395935059,NULL,NULL,3,NULL,NULL,NULL,NULL,'CV. SINAR FAJAR'),
(491,242,3168,5553,NULL,1,1,NULL,1,164.275194946289,6.60671979675293,NULL,NULL,3,NULL,NULL,NULL,NULL,'CV. SINAR FAJAR'),
(492,231,5666,5528,NULL,1,1,NULL,1,56.6412,54.9,NULL,NULL,2,NULL,NULL,NULL,NULL,'PT. BAGONG SEJAHTERA'),
(493,231,5672,5528,NULL,1,1,NULL,1,788.992,54.9,NULL,NULL,2,NULL,NULL,NULL,NULL,'PT. BAGONG SEJAHTERA'),
(494,246,5356,5576,NULL,1,1,NULL,1,44.1117586429596,8.62729973459244,NULL,NULL,2,NULL,NULL,NULL,NULL,'RAJA PRESISI . \r\nTHYPLAST 2738'),
(495,247,3201,5577,NULL,1,1,NULL,1,467.345247222736,12.0532646291971,NULL,NULL,3,NULL,NULL,NULL,NULL,'CV. JAYA MAKMUR'),
(496,248,3235,5578,NULL,1,2,NULL,1,85.7343723624945,59.0937481820583,NULL,NULL,2,NULL,NULL,NULL,NULL,'SPIL'),
(497,249,5685,5547,NULL,1,4,NULL,1,4.52599986076355,4.02999987602234,NULL,NULL,3,NULL,NULL,NULL,NULL,'SPIL'),
(498,249,2920,5547,NULL,1,14,NULL,1,92.9999971389771,14.1049995660782,NULL,NULL,3,NULL,NULL,NULL,NULL,'SPIL'),
(499,250,3182,5580,NULL,1,6,NULL,1,121.420796264648,52.3775983886719,NULL,NULL,2,NULL,NULL,NULL,NULL,'CV. HANINDO'),
(500,252,2997,5588,NULL,1,10,NULL,1,11.38368,9.0576,NULL,NULL,2,NULL,NULL,NULL,NULL,'cv. catur prasetya'),
(501,252,5431,5588,NULL,1,2,NULL,1,6.378624,1.81152,NULL,NULL,2,NULL,NULL,NULL,NULL,'CV. CATUR PRASETYA'),
(502,253,3903,5589,NULL,1,3,NULL,1,6.7584,2.952,NULL,NULL,3,NULL,NULL,NULL,NULL,'MITRA KARYA . PP'),
(503,253,3032,5589,NULL,1,3,NULL,1,21.6,2.952,NULL,NULL,3,NULL,NULL,NULL,NULL,'MITRA KARYA . PP'),
(504,253,5700,5587,NULL,1,2,NULL,1,80.717,56.32,NULL,NULL,3,NULL,NULL,NULL,NULL,'MITRA KARYA . PP'),
(505,254,5516,5592,NULL,1,2,NULL,1,46.4961235696077,22.5276993069649,NULL,NULL,2,NULL,NULL,NULL,NULL,'CV. NASIONAL AGUNG JAYA TEW 6582'),
(506,254,5483,5591,NULL,1,48,NULL,1,127.665746072531,64.5047980155945,NULL,NULL,2,NULL,NULL,NULL,NULL,'CV. NASIONAL AGUNG JAYA'),
(507,254,5695,5593,NULL,1,2,NULL,1,26.2531241923571,3.87499988079071,NULL,NULL,2,NULL,NULL,NULL,NULL,'CV. NASIONAL AGUNG JAYA'),
(508,256,5673,5526,NULL,1,1,NULL,1,723.24,11.904,NULL,NULL,1,NULL,NULL,NULL,NULL,'ANUGERAH .S\r\nPP'),
(509,257,5276,5597,NULL,1,2,NULL,1,392.51616,184.8,NULL,NULL,1,NULL,NULL,NULL,NULL,'IRVAN YOSTAN . PP'),
(510,266,3072,5612,NULL,1,1,NULL,1,7.55854376747132,2.67343991775513,NULL,NULL,2,NULL,NULL,NULL,NULL,'CATUR PRASETYA.TEW 6582'),
(511,267,3184,5618,NULL,1,1,NULL,1,952.319970703125,158.719995117188,NULL,NULL,2,NULL,NULL,NULL,NULL,'TAMAN PRATAMA. TEW 6582'),
(512,268,4536,5599,NULL,1,1,NULL,1,0.64896,0.621296,NULL,NULL,2,NULL,NULL,NULL,NULL,'pt. harapan jaya abadi'),
(513,269,3343,3075,NULL,12,3,NULL,1,276.48,69.12,NULL,NULL,2,NULL,NULL,NULL,NULL,'duta wira utama.'),
(514,268,5094,5600,NULL,1,1,NULL,0,0.5544,0.490776,NULL,NULL,2,NULL,NULL,NULL,NULL,'PT. HARAPAN JAYA ABADI'),
(515,268,3024,5601,NULL,1,2,NULL,1,13.86,3.788928,NULL,NULL,2,NULL,NULL,NULL,NULL,'PT. HARAPAN JAYA ABADI'),
(516,268,4743,5598,NULL,1,1,NULL,1,4.778496,2.12592,NULL,NULL,2,NULL,NULL,NULL,NULL,'PT. HARAPAN JAYA ABADI'),
(517,268,5719,5598,NULL,1,1,NULL,1,11.068032,2.12592,NULL,NULL,2,NULL,NULL,NULL,NULL,'PT. HARAPAN JAYA ABADI'),
(518,268,5720,5599,NULL,1,3,NULL,1,3.300336,1.863888,NULL,NULL,3,NULL,NULL,NULL,NULL,'PT. HARAPAN JAYA ABADI'),
(519,268,5624,5600,NULL,1,4,NULL,1,2.91312,1.963104,NULL,NULL,2,NULL,NULL,NULL,NULL,'pt. harapan jaya abadi.'),
(520,270,3180,5625,NULL,1,2,NULL,1,111.041996583939,26.5049991846085,NULL,NULL,3,NULL,NULL,NULL,NULL,'PT. SPIL TEW 6582'),
(521,271,3188,5626,NULL,1,1,NULL,0,1342.91995868683,10.7433596694946,NULL,NULL,3,NULL,NULL,NULL,NULL,'PT. MAHKOTA PLASTIK THYPLAST 2311'),
(522,272,4500,4209,NULL,2,1,NULL,1,4.4639998626709,2.23199993133545,NULL,NULL,2,NULL,NULL,NULL,NULL,'PT. ASTERINDO'),
(523,272,4500,5286,NULL,1,1,NULL,1,2.23199993133545,1.2275999622345,NULL,NULL,2,NULL,NULL,NULL,NULL,'PT. ASTERINDO'),
(524,274,3264,5642,NULL,1,1,NULL,2,1515.1108,4.23,NULL,NULL,1,NULL,NULL,NULL,NULL,'CV. DINAMIKA UTAMA'),
(525,275,5730,5627,NULL,1,1,NULL,1,20.2929093757153,0.975259969997406,NULL,NULL,2,NULL,NULL,NULL,NULL,'RAJA PRESISI . THYPLAST 2738'),
(526,276,3073,5628,NULL,1,2,NULL,1,14.6455899494476,9.72159970092774,NULL,NULL,3,NULL,NULL,NULL,NULL,'PT. DIAN SARI 2'),
(527,276,5644,5629,NULL,1,1,NULL,1,53.4191983566284,4.95999984741211,NULL,NULL,3,NULL,NULL,NULL,NULL,'PT. DIAN SARI 2'),
(528,276,5687,5630,NULL,1,1,NULL,0,157.847035144043,6.24959980773926,NULL,NULL,3,NULL,NULL,NULL,NULL,'PT. DIAN SARI 2'),
(529,277,5393,5631,NULL,1,2,NULL,0,49.4642184782982,18.8008794216156,NULL,NULL,2,NULL,NULL,NULL,NULL,'PT. DUTA WIRA UTAMA'),
(530,279,3103,5644,NULL,1,2,NULL,1,22.8249892978191,3.01319990730286,NULL,NULL,2,NULL,NULL,NULL,NULL,'PT. SPIL TEW 6582'),
(531,280,5699,5645,NULL,1,1,NULL,0,66.1862379638672,47.6159985351563,NULL,NULL,2,NULL,NULL,NULL,NULL,'PT. SPIL . TEW 6582'),
(532,280,5716,5645,NULL,1,1,NULL,0,793.599975585938,47.6159985351563,NULL,NULL,3,NULL,NULL,NULL,NULL,'PT. SPIL TEW 6582');

/*Table structure for table `dt_spk_langkah_potong` */

DROP TABLE IF EXISTS `dt_spk_langkah_potong`;

CREATE TABLE `dt_spk_langkah_potong` (
  `id_langkah_potong` bigint(20) NOT NULL AUTO_INCREMENT,
  `id_dt_spk` bigint(20) NOT NULL,
  `lebar` double NOT NULL,
  `panjang` double NOT NULL,
  `tinggi` double DEFAULT NULL,
  `qty` int(11) NOT NULL,
  `qty_real` int(11) DEFAULT NULL,
  `kg_real` double DEFAULT NULL,
  PRIMARY KEY (`id_langkah_potong`),
  KEY `id_dt_spk` (`id_dt_spk`),
  CONSTRAINT `dt_spk_langkah_potong_ibfk_1` FOREIGN KEY (`id_dt_spk`) REFERENCES `dt_spk` (`ID_DT_SPK`) ON DELETE CASCADE ON UPDATE CASCADE
) ENGINE=InnoDB AUTO_INCREMENT=695 DEFAULT CHARSET=latin1 COLLATE=latin1_general_ci;

/*Data for the table `dt_spk_langkah_potong` */

insert  into `dt_spk_langkah_potong`(`id_langkah_potong`,`id_dt_spk`,`lebar`,`panjang`,`tinggi`,`qty`,`qty_real`,`kg_real`) values 
(215,169,25,108,110,2,NULL,NULL),
(216,170,31.5,237,325,1,1,19.4103),
(217,170,31.5,205,325,1,1,16.7895),
(218,171,21,363,105,1,1,6.40332),
(219,171,21,105,105,2,2,3.7044),
(220,172,30,187,135,1,1,6.0588),
(221,172,30,135,135,1,1,4.374),
(222,173,56,133,NULL,1,1,2.58594552044678),
(223,174,14,33,81,6,6,1.796256),
(224,175,14,26,82,1,1,0.238784),
(225,176,15,26,82,1,1,0.25584),
(226,177,15,30,82,1,1,0.2952),
(227,178,15,30,82,3,3,0.8856),
(228,179,15,26,82,3,3,0.76752),
(229,180,16,33,82,2,2,0.692736),
(230,181,15,25,82,1,1,0.246),
(231,182,14,26,82,1,1,0.238784),
(232,183,17,27,82,1,1,0.301104),
(233,184,51.5,500,145,1,1,29.87),
(234,184,51.5,60,145,3,3,10.7532),
(235,185,22,250,125,4,4,22),
(236,186,41.7,579,255,1,1,49.254372),
(237,186,41.7,205,255,2,2,34.87788),
(238,187,56.7,1014,255,1,1,117.287352),
(239,187,56.7,205,255,2,2,47.42388),
(240,188,100,490,NULL,1,1,30.3799990653992),
(243,190,75,55,NULL,2,2,3.8362498819828),
(244,191,140,74,NULL,1,1,8.99247972335815),
(245,192,26,38,NULL,1,1,0.159265595100403),
(246,193,75,75,NULL,2,2,5.23124983906746),
(247,194,72,109,55,1,1,3.45312),
(248,194,72,55,55,1,1,1.7424),
(249,194,60,55,55,1,1,1.452),
(250,195,72,127,100,1,1,7.3152),
(251,195,45,127,100,1,1,4.572),
(252,196,31,180,NULL,3,3,3.21742790102005),
(253,197,35,500,NULL,2,2,7.59499976634979),
(254,198,22,1050,355,1,1,65.604),
(255,198,22,405,355,1,1,25.3044),
(256,199,115,612,210,2,2,236.4768),
(257,199,115,210,210,4,4,162.288),
(258,200,30,250,NULL,1,1,1.39499995708466),
(259,201,30,250,NULL,1,1,1.39499995708466),
(260,202,55,140,NULL,10,10,26.2569991922379),
(261,203,75,150,NULL,10,10,52.3124983906746),
(262,204,130,260,NULL,4,4,108.971196647644),
(263,205,61,105,NULL,1,1,2.42237092547894),
(264,206,25,250,NULL,1,1,0.968749970197678),
(265,207,50,25,NULL,6,6,2.32499992847443),
(266,208,50,800,NULL,1,1,12.3999996185303),
(267,209,31.5,272,255,1,1,17.47872),
(268,210,26,500,255,1,1,26.52),
(269,210,26,275,255,1,1,14.586),
(270,211,30,40,80,1,1,0.768),
(271,212,41,67,73,1,1,1.604248),
(272,213,41,51,95,1,1,1.58916),
(273,214,51,55,33,1,1,0.74052),
(274,215,51.5,146,50,1,1,3.0076),
(275,215,51.5,70,50,2,2,2.884),
(276,216,28,85,85,1,1,1.6184),
(277,217,15.4,60,185,1,1,1.36752),
(278,218,15.4,85,85,1,1,0.89012),
(279,219,21,363,135,1,1,8.23284),
(280,219,21,255,135,1,1,5.7834),
(281,220,72,109,23,2,2,2.888064),
(282,221,26,132,255,1,1,7.00128),
(283,222,26,91,95,1,1,1.79816),
(284,223,200,13,NULL,1,1,3.22399990081787),
(285,224,225,100,NULL,1,1,31.3874990344048),
(286,225,225,55,NULL,1,1,17.2631244689226),
(287,226,130,335,NULL,1,1,35.1012989201546),
(288,227,180,55,NULL,1,1,11.0483996601105),
(289,228,95,810,NULL,1,1,45.3235486056805),
(290,229,95,810,NULL,1,1,45.3235486056805),
(291,230,222,25,NULL,1,1,7.63901976499558),
(292,231,65,215,NULL,6,6,33.7915489604473),
(293,232,38,1050,38,1,1,12.1296),
(294,232,38,750,38,1,1,8.664),
(295,233,67,1010,70,1,1,37.8952),
(296,233,67,126,70,6,6,28.36512),
(297,234,40,2000,NULL,1,1,19.8399993896484),
(298,235,112,500,60,1,1,26.88),
(299,235,112,55,60,3,3,8.8704),
(300,235,55,55,60,5,5,7.26),
(301,236,70,55,NULL,4,4,6.68359979438782),
(302,237,40,422,NULL,2,2,8.37247974243164),
(303,238,52,92,55,2,2,4.20992),
(304,239,54,58,85,1,1,2.12976),
(305,240,55,95,55,1,1,2.299),
(306,241,55,81,55,2,2,3.9204),
(307,242,55,83,55,2,2,4.0172),
(308,243,56,85,55,2,2,4.1888),
(309,244,57,84,55,2,2,4.21344),
(310,245,85,55,121,1,1,4.5254),
(311,245,85,55,55,2,2,4.114),
(312,246,86,55,110,1,1,4.1624),
(313,246,86,55,55,2,2,4.1624),
(314,247,55,115,85,1,1,4.301),
(315,247,55,55,85,2,2,4.114),
(316,248,55,65,85,1,1,2.431),
(317,249,55,105,55,1,1,2.541),
(318,250,101,77,NULL,2,2,9.7399145003643),
(319,251,22,1050,180,1,1,33.264),
(320,251,22,905,180,1,1,28.6704),
(321,251,22,905,40,4,4,25.4848),
(322,252,105,36,NULL,4,4,9.84311969718933),
(323,253,105,36,NULL,6,6,14.764679545784),
(324,254,32,2000,NULL,1,1,12.697599609375),
(325,255,55,220,NULL,4,4,16.5043994922638),
(326,256,60,60,NULL,4,4,5.35679983520508),
(327,257,140,3500,NULL,1,1,425.319986915588),
(328,258,35,3000,NULL,1,1,22.7849992990494),
(329,259,115,85,NULL,1,1,6.96957478559017),
(330,260,170,30,NULL,1,1,5.37539983463287),
(331,261,90,45,NULL,1,1,2.25989993047714),
(332,262,115,23,NULL,1,1,1.88588494198322),
(333,263,100,22,NULL,1,1,1.36399995803833),
(334,264,70,270,NULL,1,1,8.20259974765778),
(335,265,225,55,NULL,1,1,17.2631244689226),
(336,266,105,52,NULL,1,1,3.5544598906517),
(337,267,115,40,NULL,1,1,3.27979989910126),
(338,268,35,48,35,1,1,0.4704),
(339,269,54,90,47,2,2,3.65472),
(340,270,103,802,165,1,1,109.03992),
(341,270,103,105,165,2,2,28.5516),
(342,271,36,36,48,1,1,0.497664),
(343,272,103,168,215,1,1,29.76288),
(344,272,65,168,215,1,1,18.7824),
(345,272,65,168,105,2,2,18.3456),
(346,273,105,115,NULL,1,1,7.86082475817203),
(347,274,100,45,NULL,1,1,2.78999991416931),
(348,275,85,210,NULL,2,2,18.8138994212151),
(349,276,105,45,NULL,1,1,3.07597490537167),
(350,277,200,110,NULL,1,1,27.2799991607666),
(351,278,14,2000,NULL,1,1,2.43039992523193),
(352,279,22,355,183,1,1,11.43384),
(353,279,22,60,183,2,2,3.86496),
(354,280,19,70,187,3,3,5.96904),
(355,281,60,70,185,1,1,6.216),
(356,281,60,23,185,3,3,6.1272),
(357,282,45,25,NULL,2,2,0.627749980688095),
(358,283,45,25,NULL,2,2,0.627749980688095),
(359,284,45,25,NULL,4,4,1.25549996137619),
(360,285,32,163,NULL,8,8,8.2788349453125),
(361,286,25,1000,NULL,1,1,3.87499988079071),
(362,287,38,500,NULL,1,1,4.47639986228943),
(363,288,60,1000,NULL,1,1,22.3199993133545),
(364,289,80,400,NULL,1,1,15.8719995117188),
(365,290,32,163,NULL,9,9,9.31368931347656),
(366,291,32,163,NULL,9,9,9.31368931347656),
(367,292,45,27,NULL,1,1,0.338984989571571),
(368,293,45,28,NULL,1,1,0.351539989185333),
(369,294,45,25,NULL,1,1,0.313874990344048),
(370,295,45,25,NULL,2,2,0.627749980688095),
(371,296,45,25,NULL,2,1,0.313874990344048),
(372,297,45,25,NULL,11,12,3.76649988412857),
(373,298,101,200,NULL,1,1,12.6492396108627),
(374,299,30,187,115,1,1,5.1612),
(375,299,30,135,115,1,1,3.726),
(376,300,12,600,140,1,1,8.064),
(377,300,12,290,140,2,2,7.7952),
(378,301,12,510,150,1,1,7.344),
(379,301,12,300,150,1,1,4.32),
(380,302,45,207,115,1,1,8.5698),
(381,302,45,195,115,1,1,8.073),
(382,303,20,271,290,1,1,12.5744),
(383,303,20,120,290,1,1,5.568),
(384,304,40,3000,NULL,1,1,29.7599990844727),
(385,305,12,203,195,2,2,7.60032),
(386,306,25,40,245,1,1,1.96),
(387,307,25,40,245,1,1,1.96),
(388,308,25,42,245,1,1,2.058),
(389,309,26,40,245,1,1,2.0384),
(390,310,40,195,180,1,1,11.232),
(391,310,40,140,180,1,1,8.064),
(392,311,12,100,207,1,1,1.9872),
(393,311,12,100,100,2,1,0.96),
(394,312,85,330,NULL,3,3,44.3470486357212),
(395,313,180,48,NULL,1,1,9.64223970336914),
(396,314,21,265,225,1,1,10.017),
(397,314,21,44,225,4,1,1.6632),
(398,315,22,184,200,1,1,6.4768),
(399,315,22,150,200,1,1,5.28),
(400,316,56.7,259,160,1,1,18.797184),
(401,317,56.7,1014,400,1,1,183.98016),
(402,317,56.7,345,400,2,2,125.1936),
(403,318,61.8,496,160,1,1,39.235584),
(404,318,61.8,250,160,1,1,19.776),
(405,319,70,97,70,1,1,3.8024),
(406,319,70,70,70,1,1,2.744),
(407,320,71,81,70,1,1,3.22056),
(408,321,21,296,130,2,2,12.92928),
(409,321,21,140,130,4,4,12.2304),
(410,322,21,500,135,2,2,22.68),
(411,322,21,160,135,6,6,21.7728),
(412,323,20,40,185,1,1,1.184),
(413,324,20,65,195,1,1,2.028),
(414,325,75,100,NULL,4,4,13.9499995708466),
(415,326,22,1050,303,1,1,55.9944),
(416,326,22,403,300,1,1,21.2784),
(417,327,65,480,NULL,1,1,12.5735996131897),
(418,328,130,20,NULL,2,2,4.19119987106323),
(419,329,30,250,NULL,1,1,1.39499995708466),
(420,330,45,75,NULL,2,2,1.88324994206429),
(421,331,45,75,NULL,2,2,1.88324994206429),
(422,332,20,400,NULL,1,1,0.991999969482422),
(423,333,41,161,180,1,1,9.50544),
(424,333,41,80,180,2,2,9.4464),
(425,334,45,500,NULL,1,1,6.27749980688095),
(426,335,80,175,NULL,2,2,13.8879995727539),
(427,336,22,1050,335,1,1,61.908),
(428,336,22,455,335,1,1,26.8268),
(429,337,20,500,NULL,1,1,1.23999996185303),
(430,338,30,500,NULL,3,3,8.36999974250793),
(431,339,30,1000,NULL,1,1,5.57999982833862),
(432,340,35,250,NULL,1,1,1.89874994158745),
(433,341,45,100,NULL,4,4,5.02199984550476),
(434,342,85,65,NULL,9,9,26.2050741938353),
(435,343,85,120,NULL,8,8,43.003198677063),
(436,344,90,75,NULL,9,9,33.8984989571571),
(437,345,120,65,NULL,2,2,11.6063996429443),
(438,346,120,65,NULL,8,8,46.4255985717773),
(439,347,130,20,NULL,2,2,4.19119987106323),
(440,348,21,500,130,1,1,10.92),
(441,348,21,140,130,2,2,6.1152),
(442,349,45,535,110,1,1,21.186),
(443,349,45,355,110,1,1,14.058),
(444,350,30,155,NULL,1,1,0.864899973392486),
(445,351,35,65,NULL,2,2,0.987349969625473),
(446,352,35,65,NULL,2,2,0.987349969625473),
(447,353,35,1000,NULL,1,1,7.59499976634979),
(448,354,35,760,NULL,1,1,5.77219982242584),
(449,355,30,750,NULL,1,1,4.18499987125397),
(450,356,40,100,NULL,2,2,1.98399993896484),
(451,357,110,100,NULL,1,1,7.50199976921082),
(452,358,65,130,NULL,1,1,3.40534989523888),
(453,359,65,130,NULL,3,4,13.6213995809555),
(454,360,15,48,80,6,6,2.7648),
(455,361,15,49,80,2,2,0.9408),
(456,362,55,55,670,1,1,16.214),
(457,362,55,55,503,1,1,12.1726),
(458,363,35,1000,NULL,2,2,15.1899995326996),
(459,364,105,250,NULL,2,2,34.1774989485741),
(460,365,120,85,NULL,1,1,7.58879976654053),
(461,366,130,445,NULL,1,1,46.6270985655785),
(462,367,225,65,NULL,1,1,20.4018743723631),
(463,368,370,45,NULL,1,1,38.1950988249779),
(464,369,20,2000,NULL,1,1,4.95999984741211),
(465,370,25,6000,NULL,1,1,23.2499992847443),
(466,371,32,600,NULL,2,2,7.618559765625),
(467,372,80,135,573,1,1,49.5072),
(468,372,80,135,65,8,8,44.928),
(469,372,40,135,65,0,16,44.928),
(470,373,75,135,504,1,1,40.824),
(471,373,75,135,40,12,12,38.88),
(472,374,12,445,165,1,1,7.0488),
(473,374,12,360,165,1,1,5.7024),
(474,375,20,317,735,1,1,37.2792),
(475,375,20,125,735,1,1,14.7),
(476,375,20,125,375,1,1,7.5),
(477,376,26.8,1030,205,1,1,45.27056),
(478,376,26.8,155,205,1,1,6.81256),
(479,377,22,354,185,1,1,11.52624),
(480,377,22,305,185,1,1,9.9308),
(481,378,12,342,145,1,1,4.76064),
(482,379,20,126,355,1,1,7.1568),
(483,380,26,207,245,1,1,10.54872),
(484,380,26,195,245,1,1,9.9372),
(485,381,27,255,230,1,1,12.6684),
(486,381,27,47,230,4,4,9.33984),
(487,382,121,25,NULL,1,1,2.26935493018627),
(488,383,26,500,235,1,1,24.44),
(489,383,26,355,235,1,2,34.7048),
(490,384,50,6000,NULL,1,1,92.9999971389771),
(491,385,50,1500,NULL,1,1,23.2499992847443),
(492,386,60,6000,NULL,1,1,133.919995880127),
(493,387,70,3000,NULL,1,1,91.1399971961975),
(494,388,35,134,309,1,1,11.59368),
(495,388,35,47,309,1,1,4.06644),
(496,388,35,47,293,2,2,7.71176),
(497,389,20,1000,NULL,1,1,2.47999992370606),
(498,390,35,350,NULL,1,1,2.65824991822243),
(499,391,22,335,355,1,1,20.9308),
(500,391,22,55,355,6,6,20.6184),
(501,392,22,304,355,1,1,18.99392),
(502,392,22,55,355,4,4,13.7456),
(503,393,14,510,NULL,1,1,0.619751980934143),
(504,394,38,218,255,1,1,16.89936),
(505,394,38,70,255,2,2,10.8528),
(506,395,103,802,118,1,1,77.980064),
(507,395,103,303,118,2,2,58.922592),
(508,396,92,803,98,1,1,57.918784),
(509,396,92,303,98,2,2,43.709568),
(510,397,26,99,85,2,2,3.50064),
(511,398,21,500,555,1,1,46.62),
(512,398,21,185,555,1,1,17.2494),
(513,398,21,185,185,3,3,17.2494),
(514,399,25,112,120,1,1,2.688),
(515,400,60,13,NULL,1,1,0.290159991073608),
(516,401,80,75,NULL,1,1,2.97599990844727),
(517,402,141,15,NULL,1,1,1.84893294312),
(518,403,30,145,105,3,3,10.962),
(519,404,35,163,205,1,1,9.3562),
(520,405,50,690,125,1,1,34.5),
(521,405,50,275,125,2,2,27.5),
(522,405,50,275,125,2,2,27.5),
(523,406,80,275,275,1,1,48.4),
(524,406,40,275,275,2,2,48.4),
(525,407,60,55,NULL,1,1,1.2275999622345),
(526,408,40,350,NULL,2,2,6.94399978637695),
(527,409,80,100,NULL,1,1,3.96799987792969),
(528,410,90,65,NULL,1,1,3.2642998995781),
(529,411,72,127,65,1,1,4.75488),
(530,411,72,60,65,2,2,4.4928),
(531,412,51.5,96,70,1,1,2.76864),
(532,413,72,500,155,1,1,44.64),
(533,413,72,145,155,1,1,12.9456),
(534,414,35,1000,NULL,1,1,7.59499976634979),
(535,415,26,60,35,1,1,0.4368),
(536,416,25,46,70,2,2,1.288),
(537,417,26,145,185,1,1,5.5796),
(538,418,31,42,240,1,1,2.49984),
(539,418,31,42,55,4,4,2.29152),
(540,419,31.5,137,85,1,1,2.93454),
(541,420,41,500,175,1,1,28.7),
(542,420,41,225,175,1,1,12.915),
(543,421,51,146,55,1,1,3.27624),
(544,421,51,73,55,2,2,3.27624),
(545,422,41,200,NULL,1,1,2.08443993587494),
(546,423,45,170,NULL,1,1,2.13434993433952),
(547,424,141,33,NULL,1,1,4.06765247486401),
(548,425,72,155,233,1,1,20.80224),
(549,425,72,75,233,1,1,10.0656),
(550,426,35,85,135,1,1,3.213),
(551,427,32,320,NULL,2,2,4.063231875),
(552,428,50,40,139,3,3,6.672),
(553,429,50,135,699,1,1,37.746),
(554,429,50,135,40,17,16,34.56),
(555,430,55,144,40,16,16,40.5504),
(556,431,55,40,275,2,2,9.68),
(557,431,55,40,135,4,4,9.504),
(558,432,52.5,1050,545,1,1,240.345),
(559,432,52.5,170,545,5,5,194.565),
(560,432,52.5,170,270,10,10,192.78),
(561,433,41.7,1020,545,1,1,185.44824),
(562,433,41.7,170,545,5,5,154.5402),
(563,433,41.7,170,270,10,10,153.1224),
(564,434,90,325,275,1,1,64.35),
(565,434,90,55,275,5,5,54.45),
(566,434,90,55,135,10,10,53.46),
(567,435,170,80,NULL,1,1,14.334399559021),
(568,436,21,41,60,2,2,0.82656),
(569,437,21,60,40,2,2,0.8064),
(570,438,22,1050,225,1,1,41.58),
(571,438,22,405,225,1,1,16.038),
(572,439,26.8,1030,225,1,1,49.6872),
(573,439,26.8,405,225,1,1,19.5372),
(574,440,41,455,270,1,1,40.2948),
(575,440,41,75,270,4,4,26.568),
(576,441,16,146,50,3,3,2.8032),
(577,442,16,50,145,3,3,2.784),
(578,443,60,95,145,3,3,19.836),
(579,443,60,47,145,6,6,19.6272),
(580,444,41,200,NULL,1,1,2.08443993587494),
(581,445,60,62,360,1,1,10.7136),
(582,446,90,545,53,1,1,20.7972),
(583,446,90,350,53,1,1,13.356),
(584,446,53,350,53,1,1,7.8652),
(585,447,105,25,NULL,1,1,1.7088749474287),
(586,448,65,45,NULL,6,6,7.07264978241921),
(587,449,20,750,NULL,1,1,1.85999994277954),
(588,450,25,6000,NULL,4,4,92.9999971389771),
(589,451,25,930,NULL,1,1,3.60374988913536),
(590,452,35,65,NULL,3,3,1.48102495443821),
(591,453,35,65,NULL,9,9,4.44307486331463),
(592,454,40,635,NULL,1,1,6.29919980621338),
(593,455,40,635,NULL,4,4,25.1967992248535),
(594,456,40,635,NULL,1,1,6.29919980621338),
(595,457,55,30,NULL,3,3,1.68794994807243),
(596,458,55,30,NULL,9,9,5.0638498442173),
(597,459,75,25,NULL,12,12,10.4624996781349),
(598,460,90,55,NULL,12,12,33.1451989803314),
(599,461,105,65,NULL,6,6,26.6584491798878),
(600,462,105,65,NULL,6,6,26.6584491798878),
(601,463,110,95,NULL,12,12,85.5227973690033),
(602,464,41,146,55,3,3,7.90152),
(603,464,41,45,55,6,6,4.8708),
(604,465,25,1000,NULL,1,1,3.87499988079071),
(605,466,25,1000,NULL,1,1,3.87499988079071),
(606,467,15.8,100,80,3,3,3.0336),
(607,467,15.8,45,80,6,6,2.73024),
(608,468,65,35,NULL,21,21,19.2533244076967),
(609,469,50,100,NULL,2,2,3.09999990463257),
(610,470,50,100,NULL,2,6,9.29999971389771),
(611,471,16,1000,NULL,1,1,1.58719995117188),
(612,472,16,1000,NULL,1,1,1.58719995117188),
(613,473,20,895,1000,1,1,143.2),
(614,473,20,200,1000,2,2,64),
(615,474,50,551,610,1,1,134.444),
(616,474,50,155,610,2,2,75.64),
(617,475,35,140,NULL,1,1,1.06329996728897),
(618,476,40,160,NULL,1,1,1.58719995117188),
(619,477,60,3000,NULL,1,1,66.9599979400635),
(620,478,80,6000,NULL,2,2,476.159985351563),
(621,479,20,1000,NULL,2,2,4.95999984741211),
(622,480,50,65,NULL,5,5,5.03749984502792),
(623,481,50,65,NULL,25,25,25.1874992251396),
(624,482,35,148,625,1,1,25.9),
(625,482,35,85,625,1,1,14.875),
(626,483,32,163,NULL,27,27,27.9410679404297),
(627,484,32,163,NULL,3,3,3.10456310449219),
(628,485,45,25,NULL,30,30,9.41624971032143),
(629,486,61,163,188,1,1,14.954272),
(630,486,61,19,188,8,8,13.945088),
(631,487,61,410,185,1,1,37.0148),
(632,487,61,17,185,8,8,12.27808),
(633,488,30,1000,NULL,2,2,11.1599996566772),
(634,489,70,310,NULL,1,1,9.41779971027374),
(635,490,120,74,NULL,2,2,13.2134395935059),
(636,491,120,74,NULL,1,1,6.60671979675293),
(637,492,50,231,613,1,1,56.6412),
(638,493,80,920,225,1,1,132.48),
(639,493,80,610,225,1,1,87.84),
(640,493,50,610,225,1,1,54.9),
(641,494,55,460,NULL,1,1,8.62729973459244),
(642,495,161,75,NULL,1,1,12.0532646291971),
(643,496,125,305,NULL,2,2,59.0937481820583),
(644,497,50,65,NULL,4,4,4.02999987602234),
(645,498,50,65,NULL,14,14,14.1049995660782),
(646,499,160,55,NULL,6,6,52.3775983886719),
(647,500,21,153,385,1,1,9.89604),
(648,500,21,153,37,10,9,8.559432),
(649,501,21,168,153,1,1,4.318272),
(650,501,21,37,153,2,3,2.853144),
(651,502,16,160,210,1,1,4.3008),
(652,502,16,52,210,3,3,4.19328),
(653,503,18,250,210,1,1,7.56),
(654,503,18,55,210,3,3,4.9896),
(655,504,25,455,405,2,2,73.71),
(656,504,25,445,405,2,2,72.09),
(657,505,65,430,NULL,2,2,22.5276993069649),
(658,506,85,30,NULL,48,48,64.5047980155945),
(659,507,125,20,NULL,1,2,3.87499988079071),
(660,508,75,980,85,1,1,49.98),
(661,508,75,625,85,1,1,31.875),
(662,508,33,625,85,1,1,14.025),
(663,509,115,613,355,1,1,200.2058),
(664,509,115,305,355,2,2,199.226),
(665,510,28,550,NULL,1,1,2.67343991775513),
(666,511,160,1000,NULL,1,1,158.719995117188),
(667,512,13,30,208,1,1,0.64896),
(668,513,6,240,2000,3,3,69.12),
(669,514,13,33,150,1,NULL,NULL),
(670,515,60,165,143,1,1,11.3256),
(671,515,36,165,143,1,1,6.79536),
(672,515,36,46,143,2,2,3.788928),
(673,516,32,61,206,1,1,3.216896),
(674,516,32,43,206,1,1,2.267648),
(675,517,38,148,206,1,1,9.268352),
(676,517,38,43,206,1,1,2.692832),
(677,518,13,129,206,1,1,2.763696),
(678,518,13,29,206,3,3,1.863888),
(679,519,34,35,143,2,2,2.72272),
(680,519,15,35,143,4,4,2.4024),
(681,520,150,95,NULL,2,2,26.5049991846085),
(682,521,190,48,NULL,1,NULL,NULL),
(683,522,60,100,NULL,1,1,2.23199993133545),
(684,523,60,55,NULL,1,1,1.2275999622345),
(685,524,46.8,1015,150,1,NULL,NULL),
(686,524,46.8,75,150,1,NULL,NULL),
(687,525,55,52,NULL,1,1,0.975259969997406),
(688,526,28,1000,NULL,2,2,9.72159970092774),
(689,527,40,500,NULL,1,1,4.95999984741211),
(690,528,120,70,NULL,1,NULL,NULL),
(691,529,38,1050,NULL,2,NULL,NULL),
(692,530,45,120,NULL,2,2,3.01319990730286),
(693,531,160,300,NULL,1,NULL,NULL),
(694,532,160,300,NULL,1,NULL,NULL);

/*Table structure for table `dt_spk_plan_stok_akhir` */

DROP TABLE IF EXISTS `dt_spk_plan_stok_akhir`;

CREATE TABLE `dt_spk_plan_stok_akhir` (
  `id_plan_stok_akhir` bigint(20) NOT NULL AUTO_INCREMENT,
  `id_dt_spk` bigint(20) NOT NULL,
  `lebar` double NOT NULL,
  `panjang` double NOT NULL,
  `tinggi` double DEFAULT NULL,
  `qty` int(11) NOT NULL,
  `kg` double NOT NULL,
  PRIMARY KEY (`id_plan_stok_akhir`),
  KEY `id_dt_spk` (`id_dt_spk`),
  CONSTRAINT `dt_spk_plan_stok_akhir_ibfk_1` FOREIGN KEY (`id_dt_spk`) REFERENCES `dt_spk` (`ID_DT_SPK`) ON DELETE CASCADE ON UPDATE CASCADE
) ENGINE=InnoDB AUTO_INCREMENT=631 DEFAULT CHARSET=latin1 COLLATE=latin1_general_ci;

/*Data for the table `dt_spk_plan_stok_akhir` */

insert  into `dt_spk_plan_stok_akhir`(`id_plan_stok_akhir`,`id_dt_spk`,`lebar`,`panjang`,`tinggi`,`qty`,`kg`) values 
(166,169,0,0,0,0,0),
(167,170,31.5,174,240,1,10.35648),
(168,170,31.5,37,325,1,2.9822),
(169,171,21,363,435,1,26.52804),
(170,171,21,106,157,1,2.795856),
(171,172,30,187,384,1,17.23392),
(172,172,30,49,135,1,1.5876),
(173,173,56,1496,NULL,1,29.0870263051758),
(174,174,0,0,0,0,0),
(175,175,14,26,51,1,0.148512),
(176,176,15,26,45,1,0.1404),
(177,177,15,30,76,1,0.2736),
(178,178,15,30,56,1,0.2016),
(179,179,0,0,0,0,0),
(180,180,17,30,31,1,0.12648),
(181,181,15,25,60,1,0.18),
(182,182,14,26,31,1,0.090272),
(183,183,0,0,0,0,0),
(184,184,51.5,500,2274,1,463.896),
(185,184,51.5,146,319,1,19.002192),
(186,185,22,92,250,1,4.048),
(187,186,41.7,455,579,1,86.40996),
(188,186,41.7,161,255,1,13.46604),
(189,187,56.7,1014,3503,1,1591.314816),
(190,187,56.7,259,590,1,68.45888),
(191,188,100,3590,NULL,1,222.579993152618),
(193,190,75,168,NULL,1,5.85899981975555),
(194,191,140,503,NULL,1,61.1245581195831),
(195,192,26,165,NULL,1,0.691547978725433),
(196,193,75,5862,NULL,1,204.437243710756),
(197,194,72,109,109,1,6.843456),
(198,194,51,55,72,1,1.61568),
(199,195,72,127,195,1,14.26464),
(200,195,20,102,127,1,2.07264),
(201,196,31,910,NULL,1,5.42196183320045),
(202,197,35,789,NULL,1,5.99245481564999),
(203,198,22,1050,3239,1,598.5672),
(204,198,22,355,640,1,39.9872),
(205,199,115,613,696,1,392.51616),
(206,199,115,185,215,1,36.593),
(207,199,115,184,214,1,36.22592),
(208,200,0,0,0,0,0),
(209,201,30,92,NULL,1,0.513359984207153),
(210,202,55,2315,NULL,1,43.4178236643076),
(211,203,75,2830,NULL,1,98.6962469637394),
(212,204,130,1112,NULL,1,116.515356415558),
(213,205,0,0,0,0,0),
(214,206,25,1765,NULL,1,6.8393747895956),
(215,207,50,2548,NULL,1,39.4939987850189),
(216,208,50,1747,NULL,1,27.0784991669655),
(217,209,22,31,272,1,1.484032),
(218,210,26,500,664,1,69.056),
(219,210,26,224,255,1,11.88096),
(220,211,0,0,0,0,0),
(221,212,41,67,71,1,1.560296),
(222,213,41,49,51,1,0.819672),
(223,214,37,51,55,1,0.83028),
(224,215,51,146,267,1,15.904656),
(225,216,27,28,85,1,0.51408),
(226,217,15,150,4064,1,73.152),
(227,218,15,88,99,1,1.04544),
(228,219,21,296,367,1,18.250176),
(229,219,21,102,135,1,2.31336),
(230,220,61,72,100,1,3.5136),
(231,221,26,91,256,1,4.845568),
(232,222,26,91,160,1,3.02848),
(233,223,200,812,NULL,1,201.375993804932),
(234,224,225,1890,NULL,1,593.22373175025),
(235,225,225,1822,NULL,1,571.880232406855),
(236,226,130,773,NULL,1,80.994937508297),
(237,227,180,1885,NULL,1,378.658788351059),
(238,228,95,187,NULL,1,10.4635846781015),
(239,229,95,210,NULL,1,11.7505496385098),
(240,230,222,2905,NULL,1,887.654096692486),
(241,231,65,2790,NULL,1,73.0840477516651),
(242,232,38,1050,3314,1,1057.8288),
(243,232,37,42,295,1,3.66744),
(244,233,67,1010,3655,1,1978.6708),
(245,233,67,76,235,1,9.57296),
(246,234,40,6000,NULL,13,773.759976196289),
(247,234,40,3995,NULL,1,39.6303987808228),
(248,235,112,500,3465,1,1552.32),
(249,235,63,112,328,1,18.514944),
(250,235,57,57,63,1,1.637496),
(251,236,70,600,NULL,1,18.2279994392395),
(252,237,40,893,NULL,1,8.85855972747803),
(253,238,0,0,0,0,0),
(254,239,0,0,0,0,0),
(255,240,49,55,96,1,2.06976),
(256,241,0,0,0,0,0),
(257,242,0,0,0,0,0),
(258,243,0,0,0,0,0),
(259,244,0,0,0,0,0),
(260,245,37,85,121,1,3.04436),
(261,246,36,86,110,1,2.72448),
(262,247,37,55,115,1,1.8722),
(263,248,28,55,62,1,0.76384),
(264,249,56,69,105,1,3.24576),
(265,250,100,43,NULL,1,2.66599991798401),
(266,251,22,1050,3055,1,564.564),
(267,251,22,140,180,1,4.4352),
(268,252,105,13,NULL,1,0.888614972662926),
(269,253,105,4574,NULL,1,312.655760381556),
(270,254,32,4015,NULL,1,25.4904312158203),
(271,254,32,6000,NULL,6,228.55679296875),
(272,255,55,2352,NULL,1,44.1117586429596),
(273,256,60,2774,NULL,1,61.9156780952454),
(274,257,140,2945,NULL,1,357.876388990402),
(275,258,35,2807,NULL,1,21.3191643441439),
(276,259,115,2715,NULL,1,222.616418151498),
(277,260,0,0,0,0,0),
(278,261,90,78,NULL,1,3.91715987949371),
(279,262,115,13,NULL,1,1.06593496720791),
(280,263,100,270,NULL,1,16.7399994850159),
(281,264,70,325,NULL,1,9.87349969625473),
(282,265,225,1760,NULL,1,552.419983005524),
(283,266,105,4574,NULL,1,304.726580625486),
(284,267,115,2670,NULL,1,218.926643265009),
(285,268,0,0,0,0,0),
(286,269,55,90,114,1,4.5144),
(287,270,103,802,3813,1,2519.813424),
(288,270,103,168,583,1,80.705856),
(289,271,0,0,0,0,0),
(290,272,103,168,365,1,50.52768),
(291,272,32,165,216,1,9.12384),
(292,273,105,4397,NULL,1,300.55692575376),
(293,274,100,223,NULL,1,13.8259995746613),
(294,275,85,3833,NULL,1,171.699229717898),
(295,276,105,4350,NULL,1,297.344240852594),
(296,277,200,695,NULL,1,172.359994697571),
(297,278,14,3823,NULL,1,4.64570945708084),
(298,279,22,354,454,1,28.286016),
(299,279,22,184,227,1,7.351168),
(300,280,0,0,0,0,0),
(301,281,58,60,71,1,1.97664),
(302,282,45,28,NULL,1,0.351539989185333),
(303,283,45,27,NULL,1,0.338984989571571),
(304,284,0,0,0,0,0),
(305,285,32,1510,NULL,1,9.58668770507813),
(306,286,25,765,NULL,1,2.96437490880489),
(307,287,38,5500,NULL,1,49.2403984851837),
(308,287,38,6000,NULL,9,483.451185127258),
(309,288,0,0,0,0,0),
(310,289,80,3618,NULL,1,143.562235583496),
(311,290,0,0,0,0,0),
(312,291,32,4515,NULL,1,28.6648311181641),
(313,291,32,6000,NULL,3,114.278396484375),
(314,292,0,0,0,0,0),
(315,293,0,0,0,0,0),
(316,294,0,0,0,0,0),
(317,295,0,0,0,0,0),
(318,296,0,0,0,0,0),
(319,297,45,2123,NULL,1,26.6542641800165),
(320,299,29,127,183,1,5.391912),
(321,299,29,48,117,1,1.302912),
(322,299,30,49,135,1,1.5876),
(323,300,12,510,605,1,29.6208),
(324,301,12,510,453,1,22.17888),
(325,301,12,208,453,1,9.045504),
(326,302,45,298,207,1,22.20696),
(327,303,20,271,278,1,12.05408),
(328,303,20,149,290,1,6.9136),
(329,304,40,2998,NULL,1,29.740159085083),
(330,304,40,6000,NULL,7,416.639987182617),
(331,305,0,0,0,0,0),
(332,306,25,40,70,1,0.56),
(333,307,25,40,116,1,0.928),
(334,308,25,45,102,1,0.918),
(335,309,26,32,40,1,0.26624),
(336,310,18,40,195,1,1.1232),
(337,310,40,53,180,1,3.0528),
(338,311,12,49,207,1,0.973728),
(339,312,85,619,NULL,1,27.7281041469812),
(340,313,180,5009,NULL,1,1006.20788904533),
(341,314,21,39,225,1,1.73628),
(342,314,21,81,225,1,3.0618),
(343,315,22,25,184,1,0.8096),
(344,315,22,32,200,1,1.1264),
(345,316,55,259,338,1,38.51848),
(346,317,56,1014,3100,1,1408.2432),
(347,317,56,320,400,1,57.344),
(348,318,61,413,496,1,99.965824),
(349,318,61,160,243,1,18.97344),
(350,319,43,70,97,1,2.33576),
(351,319,25,70,70,1,0.98),
(352,320,60,71,81,1,2.76048),
(353,321,21,103,296,1,5.121984),
(354,321,0,0,0,0,0),
(355,322,21,500,3104,1,260.736),
(356,322,0,0,0,0,0),
(357,323,0,0,0,0,0),
(358,324,20,65,89,1,0.9256),
(359,325,75,5450,NULL,1,190.068744152784),
(360,326,22,1050,2750,1,508.2),
(361,326,22,303,645,1,34.39656),
(362,327,65,2808,NULL,1,73.5555577371597),
(363,328,130,1060,NULL,1,111.066796583176),
(364,329,30,66,NULL,1,0.368279988670349),
(365,329,30,320,NULL,1,1.78559994506836),
(366,330,45,44,NULL,1,0.552419983005524),
(367,331,45,556,NULL,1,6.98057978525162),
(368,332,20,60,NULL,1,0.148799995422363),
(369,333,41,73,161,1,3.854984),
(370,334,45,1323,NULL,1,16.610264489007),
(371,335,80,2685,NULL,1,106.540796722412),
(372,336,22,1050,2412,1,445.7376),
(373,336,22,335,595,1,35.0812),
(374,337,20,180,NULL,1,0.44639998626709),
(375,338,30,396,NULL,1,2.20967993202209),
(376,339,30,5000,NULL,1,27.8999991416931),
(377,339,30,6000,NULL,10,334.799989700317),
(378,340,35,2742,NULL,1,20.8254893593311),
(379,341,45,150,NULL,1,1.88324994206429),
(380,342,85,1275,NULL,1,57.1136232429743),
(381,343,85,2857,NULL,1,127.979311062884),
(382,344,90,626,NULL,1,31.4377190328598),
(383,345,0,0,0,0,0),
(384,346,120,4617,NULL,1,412.205747319031),
(385,347,130,1016,NULL,1,106.456476725006),
(386,348,21,500,2967,1,249.228),
(387,348,21,130,216,1,4.71744),
(388,349,45,535,917,1,176.6142),
(389,349,45,180,355,1,23.004),
(390,350,30,116,NULL,1,0.64727998008728),
(391,351,0,0,0,0,0),
(392,352,35,37,NULL,2,0.562029982709884),
(393,353,35,1743,NULL,1,13.2380845927477),
(394,354,35,5238,NULL,1,39.7826087761402),
(395,354,35,6000,NULL,5,227.849992990494),
(396,355,0,0,0,0,0),
(397,356,40,200,NULL,1,1.98399993896484),
(398,357,110,4940,NULL,1,370.598788599014),
(399,358,65,125,NULL,1,3.27437489926815),
(400,359,65,1912,NULL,1,50.0848384592056),
(401,360,0,0,0,0,0),
(402,361,15,49,68,1,0.39984),
(403,362,55,148,670,1,43.6304),
(404,362,55,148,165,1,10.7448),
(405,363,35,2060,NULL,1,15.6456995186806),
(406,364,105,5496,NULL,1,375.679068442726),
(407,364,105,6000,NULL,2,820.259974765778),
(408,365,120,160,NULL,1,14.2847995605469),
(409,366,130,327,NULL,1,34.2630589459419),
(410,367,225,1693,NULL,1,531.390358652473),
(411,368,370,80,NULL,1,67.9023979110718),
(412,369,20,4000,NULL,1,9.91999969482422),
(413,369,20,6000,NULL,8,119.039996337891),
(414,370,25,6000,NULL,18,418.499987125397),
(415,371,32,2810,NULL,1,17.8401274511719),
(416,371,0,0,0,0,0),
(417,372,80,244,573,1,89.47968),
(418,373,75,247,504,1,74.6928),
(419,374,12,342,445,1,14.61024),
(420,374,12,84,167,1,1.346688),
(421,375,20,317,1667,1,84.55024),
(422,375,20,188,735,1,22.1088),
(423,375,20,126,355,1,7.1568),
(424,376,26.8,1030,3688,1,790.11712),
(425,376,26.8,207,877,1,37.760112),
(426,377,22,263,354,1,16.385952),
(427,377,22,45,188,1,1.48896),
(428,378,12,300,342,1,9.8496),
(429,379,0,0,0,0,0),
(430,380,26.8,207,629,1,27.082224),
(431,381,27,72,255,1,3.96576),
(432,381,27,60,231,1,2.99376),
(433,382,121,3550,NULL,1,322.248400086451),
(434,383,26,429,500,1,44.616),
(435,383,26,145,235,1,7.0876),
(436,384,60,6000,NULL,1,133.919995880127),
(437,385,50,244,NULL,1,3.78199988365173),
(438,386,60,6000,NULL,9,1205.27996292114),
(439,387,70,3000,NULL,1,91.1399971961975),
(440,387,70,6000,NULL,9,1640.51994953156),
(441,388,28,134,306,1,9.184896),
(442,388,35,36,306,1,3.08448),
(443,388,13,35,47,1,0.17108),
(444,389,20,100,NULL,1,0.247999992370606),
(445,390,35,437,NULL,1,3.31901489789486),
(446,391,22,235,335,1,13.8556),
(447,391,0,0,0,0,0),
(448,392,22,289,304,1,15.462656),
(449,392,22,76,355,1,4.74848),
(450,393,14,3311,NULL,1,4.02352707622147),
(451,394,38,136,218,1,9.012992),
(452,394,38,73,255,1,5.65896),
(453,395,103,802,3693,1,2440.511664),
(454,395,103,118,196,1,19.057472),
(455,396,92,803,3700,1,2186.7296),
(456,396,92,98,197,1,14.209216),
(457,397,0,0,0,0,0),
(458,398,21,500,2409,1,202.356),
(459,398,21,315,555,1,29.3706),
(460,399,0,0,0,0,0),
(461,400,60,2140,NULL,1,47.7647985305786),
(462,401,80,2603,NULL,1,103.28703682251),
(463,402,141,2900,NULL,1,357.4603690032),
(464,403,30,62,145,1,2.1576),
(465,404,35,110,163,1,5.0204),
(466,405,50,690,697,1,192.372),
(467,405,50,125,145,1,7.25),
(468,406,26,80,275,1,4.576),
(469,406,0,0,0,0,0),
(470,407,60,2080,NULL,1,46.4255985717773),
(471,408,0,0,0,0,0),
(472,409,80,128,NULL,1,5.07903984375),
(473,410,90,2537,NULL,1,127.408136080456),
(474,411,72,127,129,1,9.436608),
(475,412,51,96,202,1,7.911936),
(476,413,72,500,541,1,155.808),
(477,413,72,155,355,1,31.6944),
(478,414,35,738,NULL,1,5.60510982756615),
(479,415,26,55,60,1,0.6864),
(480,416,0,0,0,0,0),
(481,417,26,50,145,1,1.508),
(482,418,31,130,240,1,7.7376),
(483,419,31,137,195,1,6.62532),
(484,420,41,500,1541,1,252.724),
(485,420,41,175,225,1,12.915),
(486,421,51,146,212,1,12.628416),
(487,421,0,0,0,0,0),
(488,422,0,0,0,0,0),
(489,423,45,973,NULL,1,12.2160146241903),
(490,424,141,2860,NULL,1,352.529881154881),
(491,425,72,127,155,1,11.33856),
(492,425,72,80,233,1,10.73664),
(493,426,35,50,85,1,1.19),
(494,427,32,130,NULL,1,0.825343974609375),
(495,428,0,0,0,0,0),
(496,429,50,553,699,1,154.6188),
(497,430,0,0,0,0,0),
(498,431,55,166,275,1,20.086),
(499,432,53,1050,2965,1,1320.018),
(500,432,53,185,545,1,42.7498),
(501,433,42,1020,2771,1,949.67712),
(502,433,42,170,545,1,31.1304),
(503,434,90,325,394,1,92.196),
(504,434,38,90,275,1,7.524),
(505,435,170,460,NULL,1,82.4227974643707),
(506,436,0,0,0,0,0),
(507,437,21,29,60,1,0.29232),
(508,438,22,1050,2185,1,403.788),
(509,438,22,225,645,1,25.542),
(510,439,27,1030,3463,1,770.44824),
(511,439,27,225,625,1,30.375),
(512,440,41,309,455,1,46.11516),
(513,440,41,155,270,1,13.7268),
(514,441,0,0,0,0,0),
(515,442,16,50,100,1,0.64),
(516,443,33,60,95,1,1.5048),
(517,444,41,134,NULL,1,1.39657475703621),
(518,445,0,0,0,0,0),
(519,446,90,545,1000,1,392.4),
(520,446,53,90,195,1,7.4412),
(521,446,35,53,350,1,5.194),
(522,447,105,417,NULL,1,28.5040341231108),
(523,448,65,4221,NULL,1,110.569091598487),
(524,449,20,520,NULL,1,1.28959996032715),
(525,450,25,6000,NULL,14,325.49998998642),
(526,451,25,5065,NULL,1,19.6268743962049),
(527,451,25,6000,NULL,13,302.249990701675),
(528,452,35,30,NULL,1,0.227849992990494),
(529,453,35,150,NULL,1,1.13924996495247),
(530,454,40,255,NULL,1,2.52959992218018),
(531,455,40,455,NULL,1,4.51359986114502),
(532,456,40,5363,NULL,1,53.2009583633423),
(533,456,40,6000,NULL,6,357.119989013672),
(534,457,55,28,NULL,1,0.525139983844757),
(535,458,55,20,NULL,1,0.375099988460541),
(536,459,75,5150,NULL,1,179.606244474649),
(537,460,90,4950,NULL,1,248.588992352486),
(538,461,105,20,NULL,1,1.36709995794296),
(539,462,105,4010,NULL,1,274.103541567564),
(540,463,110,3800,NULL,1,285.075991230011),
(541,464,41,146,215,1,10.29592),
(542,465,25,384,NULL,1,1.48799995422363),
(543,466,25,2055,NULL,1,7.96312475502491),
(544,467,15.8,100,1174,1,14.088),
(545,468,65,3457,NULL,1,90.55611221416),
(546,469,50,40,NULL,1,0.619999980926514),
(547,470,50,5800,NULL,1,89.8999972343445),
(548,470,50,6000,NULL,3,278.999991416931),
(549,471,16,805,NULL,1,1.27769596069336),
(550,472,16,5000,NULL,1,7.93599975585937),
(551,472,16,6000,NULL,2,19.0463994140625),
(552,473,20,895,1405,1,201.196),
(553,473,20,490,1000,1,78.4),
(554,474,50,80,551,1,17.632),
(555,474,50,238,610,1,58.072),
(556,475,0,0,0,0,0),
(557,476,40,56,NULL,1,0.555519982910156),
(558,477,60,3000,NULL,1,66.9599979400635),
(559,477,60,6000,NULL,2,267.839991760254),
(560,478,80,6000,NULL,3,714.239978027344),
(561,479,20,1330,NULL,1,3.29839989852905),
(562,480,50,60,NULL,1,0.92999997138977),
(563,481,50,350,NULL,1,5.42499983310699),
(564,482,35,148,271,1,11.23024),
(565,482,35,63,625,1,11.025),
(566,483,0,0,0,0,0),
(567,484,32,5505,NULL,1,34.9501429248047),
(568,484,32,6000,NULL,2,76.18559765625),
(569,485,45,1253,NULL,1,15.7314145160437),
(570,486,50,60,163,1,3.912),
(571,487,61,310,410,1,62.0248),
(572,487,61,185,258,1,23.29224),
(573,488,30,3000,NULL,1,16.7399994850159),
(574,489,70,15,NULL,1,0.455699985980987),
(575,490,120,40,NULL,1,3.57119989013672),
(576,491,120,1765,NULL,1,157.579195152283),
(577,492,0,0,0,0,0),
(578,493,80,920,1110,1,653.568),
(579,493,80,225,308,1,44.352),
(580,493,29,225,610,1,31.842),
(581,494,55,1890,NULL,1,35.4469489095211),
(582,495,161,2831,NULL,1,454.970562203427),
(583,496,125,273,NULL,1,26.4468741863966),
(584,497,50,30,NULL,1,0.464999985694885),
(585,498,50,5076,NULL,1,78.6779975795746),
(586,499,160,423,NULL,1,67.1385579345703),
(587,500,21,21,385,1,1.35828),
(588,500,0,0,0,0,0),
(589,501,21,71,168,1,2.003904),
(590,501,21,90,153,1,2.31336),
(591,502,16,120,160,1,2.4576),
(592,503,18,250,390,1,14.04),
(593,503,18,85,210,1,2.5704),
(594,504,25,77,455,1,7.007),
(595,505,65,811,NULL,1,21.2441443464518),
(596,506,65,1314,NULL,1,34.4202289411068),
(597,507,125,227,NULL,1,21.9906243234873),
(598,508,75,980,1145,1,673.26),
(599,508,75,85,355,1,18.105),
(600,508,35,85,625,1,14.875),
(601,509,115,341,613,1,192.31036),
(602,510,28,1000,NULL,1,4.86079985046387),
(603,511,160,5000,NULL,1,793.599975585938),
(604,512,0,0,0,0,0),
(605,513,6,240,2000,9,207.36),
(606,514,0,0,0,0,0),
(607,515,30,60,165,1,2.376),
(608,515,22,143,165,1,4.15272),
(609,515,36,70,143,1,2.88288),
(610,516,32,61,98,1,1.530368),
(611,516,15,32,206,1,0.79104),
(612,517,38,38,148,1,1.709696),
(613,517,38,103,206,1,6.450272),
(614,518,13,38,129,1,0.509808),
(615,518,13,36,206,1,0.771264),
(616,519,16,34,35,1,0.15232),
(617,520,150,699,NULL,1,97.5104970002174),
(618,521,190,5950,NULL,1,1331.7289590311),
(619,522,60,100,NULL,1,2.23199993133545),
(620,523,60,43,NULL,1,0.959759970474243),
(621,524,47,1015,3820,1,0.336),
(622,524,47,150,940,1,53.016),
(623,525,55,1027,NULL,1,19.2613844074488),
(624,526,28,1005,NULL,1,4.88510384971619),
(625,527,40,4882,NULL,1,48.4294385101318),
(626,528,120,1696,NULL,1,151.418875341797),
(627,529,38,3421,NULL,1,30.6275278577843),
(628,530,45,1574,NULL,1,19.7615693920612),
(629,531,160,115,NULL,1,18.2527994384766),
(630,532,160,4695,NULL,1,745.190377075196);

/*Table structure for table `dt_spk_real_stok_akhir` */

DROP TABLE IF EXISTS `dt_spk_real_stok_akhir`;

CREATE TABLE `dt_spk_real_stok_akhir` (
  `id_real_stok_akhir` bigint(20) NOT NULL AUTO_INCREMENT,
  `id_dt_spk` bigint(20) NOT NULL,
  `id_operation` bigint(20) NOT NULL,
  `lebar` double NOT NULL,
  `panjang` double NOT NULL,
  `tinggi` double DEFAULT NULL,
  `qty` int(11) NOT NULL,
  `kg` double NOT NULL,
  `is_salah_potong` int(11) DEFAULT NULL,
  `keterangan` text COLLATE latin1_general_ci,
  PRIMARY KEY (`id_real_stok_akhir`),
  KEY `FK_DT_SPK` (`id_dt_spk`),
  KEY `FK_ID_OPERATION` (`id_operation`),
  CONSTRAINT `FK_DT_SPK` FOREIGN KEY (`id_dt_spk`) REFERENCES `dt_spk` (`ID_DT_SPK`) ON DELETE CASCADE ON UPDATE CASCADE,
  CONSTRAINT `FK_ID_OPERATION` FOREIGN KEY (`id_operation`) REFERENCES `t_mesinoperation` (`ID_MESIN_OPERATION`) ON DELETE CASCADE ON UPDATE CASCADE
) ENGINE=InnoDB AUTO_INCREMENT=626 DEFAULT CHARSET=latin1 COLLATE=latin1_general_ci;

/*Data for the table `dt_spk_real_stok_akhir` */

insert  into `dt_spk_real_stok_akhir`(`id_real_stok_akhir`,`id_dt_spk`,`id_operation`,`lebar`,`panjang`,`tinggi`,`qty`,`kg`,`is_salah_potong`,`keterangan`) values 
(162,188,284,100,3590,NULL,1,222.579993152618,NULL,NULL),
(163,170,285,31.5,174,240,1,10.52352,NULL,NULL),
(164,170,285,31.5,174,240,1,10.52352,NULL,NULL),
(165,170,285,31.5,37,325,1,3.0303,NULL,NULL),
(166,170,285,31,174,240,1,10.52352,NULL,NULL),
(167,170,285,31,37,325,1,3.0303,NULL,NULL),
(168,171,286,21,363,435,1,26.52804,NULL,NULL),
(169,171,286,21,106,157,1,2.795856,NULL,NULL),
(170,172,287,30,187,384,1,17.23392,NULL,NULL),
(171,172,287,30,49,135,1,1.5876,NULL,NULL),
(172,173,288,56,1496,NULL,1,29.0870263051758,NULL,NULL),
(173,174,289,0,0,0,0,0,NULL,NULL),
(174,175,290,14,26,51,1,0.148512,NULL,NULL),
(175,176,291,15,26,45,1,0.1404,NULL,NULL),
(176,177,292,15,30,76,1,0.2736,NULL,NULL),
(177,178,293,15,30,56,1,0.2016,NULL,NULL),
(178,179,294,0,0,0,0,0,NULL,NULL),
(179,180,295,17,30,31,1,0.12648,NULL,NULL),
(180,181,296,15,25,60,1,0.18,NULL,NULL),
(181,182,297,14,26,31,1,0.090272,NULL,NULL),
(182,183,298,0,0,0,0,0,NULL,NULL),
(183,184,299,51.5,500,2274,1,468.444,NULL,NULL),
(184,184,299,51,500,2274,1,468.444,NULL,NULL),
(185,184,299,51,146,319,1,19.0394512,NULL,NULL),
(186,185,300,22,92,250,1,4.048,NULL,NULL),
(187,186,301,41.7,455,579,1,87.885252,NULL,NULL),
(188,186,301,41,455,579,1,87.885252,NULL,NULL),
(189,186,301,41,161,255,1,13.695948,NULL,NULL),
(190,190,303,75,168,NULL,1,5.85899981975555,NULL,NULL),
(191,191,304,140,503,NULL,1,61.1245581195831,NULL,NULL),
(192,197,305,35,789,NULL,1,5.99245481564999,NULL,NULL),
(193,192,306,26,165,NULL,1,0.691547978725433,NULL,NULL),
(194,193,307,75,5862,NULL,1,204.437243710756,NULL,NULL),
(195,194,308,72,109,109,1,6.843456,NULL,NULL),
(196,194,308,51,55,72,1,1.61568,NULL,NULL),
(197,195,309,72,127,195,1,14.26464,NULL,NULL),
(198,195,309,20,102,127,1,2.07264,NULL,NULL),
(199,196,310,31,910,NULL,1,5.42196183320045,NULL,NULL),
(200,198,311,22,1050,3239,1,598.5672,NULL,NULL),
(201,198,311,22,355,640,1,39.9872,NULL,NULL),
(202,199,312,115,613,696,1,392.51616,NULL,NULL),
(203,199,312,115,185,215,1,36.593,NULL,NULL),
(204,199,312,115,184,214,1,36.22592,NULL,NULL),
(205,200,313,0,0,0,0,0,NULL,NULL),
(206,201,314,30,92,NULL,1,0.513359984207153,NULL,NULL),
(207,202,315,55,2315,NULL,1,43.4178236643076,NULL,NULL),
(208,203,316,75,2830,NULL,1,98.6962469637394,NULL,NULL),
(209,204,317,130,1112,NULL,1,116.515356415558,NULL,NULL),
(210,207,318,50,2548,NULL,1,39.4939987850189,NULL,NULL),
(211,205,319,0,0,0,0,0,NULL,NULL),
(212,206,320,25,1765,NULL,1,6.8393747895956,NULL,NULL),
(213,208,321,50,1747,NULL,1,27.0784991669655,NULL,NULL),
(214,209,322,22,31,272,1,1.484032,NULL,NULL),
(215,210,323,26,500,664,1,69.056,NULL,NULL),
(216,210,323,26,224,255,1,11.88096,NULL,NULL),
(217,211,324,0,0,0,0,0,NULL,NULL),
(218,212,325,41,67,71,1,1.560296,NULL,NULL),
(219,213,326,41,49,51,1,0.819672,NULL,NULL),
(220,214,327,37,51,55,1,0.83028,NULL,NULL),
(221,215,328,51,146,267,1,15.904656,NULL,NULL),
(222,216,329,27,28,85,1,0.51408,NULL,NULL),
(223,217,330,15,150,4064,1,73.152,NULL,NULL),
(224,218,331,15,88,99,1,1.04544,NULL,NULL),
(225,219,332,21,296,367,1,18.250176,NULL,NULL),
(226,219,332,21,102,135,1,2.31336,NULL,NULL),
(227,220,333,61,72,100,1,3.5136,NULL,NULL),
(228,221,334,26,91,256,1,4.845568,NULL,NULL),
(229,222,335,26,91,160,1,3.02848,NULL,NULL),
(230,223,336,200,812,NULL,1,201.375993804932,NULL,NULL),
(231,224,337,225,1890,NULL,1,593.22373175025,NULL,NULL),
(232,225,338,225,1822,NULL,1,571.880232406855,NULL,NULL),
(233,226,339,130,773,NULL,1,80.994937508297,NULL,NULL),
(234,227,340,180,1885,NULL,1,378.658788351059,NULL,NULL),
(235,228,341,95,187,NULL,1,10.4635846781015,NULL,NULL),
(236,229,342,95,210,NULL,1,11.7505496385098,NULL,NULL),
(237,230,343,222,2905,NULL,1,887.654096692486,NULL,NULL),
(238,231,344,65,2790,NULL,1,73.0840477516651,NULL,NULL),
(239,232,345,38,1050,3314,1,1057.8288,NULL,NULL),
(240,232,345,37,42,295,1,3.66744,NULL,NULL),
(241,233,346,67,1010,3655,1,1978.6708,NULL,NULL),
(242,233,346,67,76,235,1,9.57296,NULL,NULL),
(243,234,347,40,6000,NULL,13,773.759976196289,NULL,NULL),
(244,234,347,40,3995,NULL,1,39.6303987808228,NULL,NULL),
(245,235,348,112,500,3465,1,1552.32,NULL,NULL),
(246,235,348,63,112,328,1,18.514944,NULL,NULL),
(247,235,348,57,57,63,1,1.637496,NULL,NULL),
(248,236,349,70,600,NULL,1,18.2279994392395,NULL,NULL),
(249,237,350,40,893,NULL,1,8.85855972747803,NULL,NULL),
(250,238,351,0,0,0,0,0,NULL,NULL),
(251,239,352,0,0,0,0,0,NULL,NULL),
(252,240,353,49,55,96,1,2.06976,NULL,NULL),
(253,241,354,0,0,0,0,0,NULL,NULL),
(254,242,355,0,0,0,0,0,NULL,NULL),
(255,243,356,0,0,0,0,0,NULL,NULL),
(256,244,357,0,0,0,0,0,NULL,NULL),
(257,245,358,37,85,121,1,3.04436,NULL,NULL),
(258,246,359,36,86,110,1,2.72448,NULL,NULL),
(259,247,360,37,55,115,1,1.8722,NULL,NULL),
(260,248,361,28,55,62,1,0.76384,NULL,NULL),
(261,249,362,56,69,105,1,3.24576,NULL,NULL),
(262,250,363,100,43,NULL,1,2.66599991798401,NULL,NULL),
(263,251,364,22,1050,3055,1,564.564,NULL,NULL),
(264,251,364,22,140,180,1,4.4352,NULL,NULL),
(265,252,365,105,13,NULL,1,0.888614972662926,NULL,NULL),
(266,253,366,105,4574,NULL,1,312.655760381556,NULL,NULL),
(267,254,367,32,4015,NULL,1,25.4904312158203,NULL,NULL),
(268,254,367,32,6000,NULL,6,228.55679296875,NULL,NULL),
(269,255,368,55,2352,NULL,1,44.1117586429596,NULL,NULL),
(270,256,369,60,2774,NULL,1,61.9156780952454,NULL,NULL),
(271,257,370,140,2945,NULL,1,357.876388990402,NULL,NULL),
(272,258,371,35,2807,NULL,1,21.3191643441439,NULL,NULL),
(273,259,372,115,2715,NULL,1,222.616418151498,NULL,NULL),
(274,260,373,0,0,0,0,0,NULL,NULL),
(275,261,374,90,78,NULL,1,3.91715987949371,NULL,NULL),
(276,262,375,115,13,NULL,1,1.06593496720791,NULL,NULL),
(277,263,376,100,270,NULL,1,16.7399994850159,NULL,NULL),
(278,264,377,70,325,NULL,1,9.87349969625473,NULL,NULL),
(279,265,378,225,1760,NULL,1,552.419983005524,NULL,NULL),
(280,266,379,105,4574,NULL,1,312.655760381556,NULL,NULL),
(281,267,380,115,2670,NULL,1,218.926643265009,NULL,NULL),
(282,268,381,0,0,0,0,0,NULL,NULL),
(283,269,382,55,90,114,1,4.5144,NULL,NULL),
(284,270,383,103,802,3813,1,2519.813424,NULL,NULL),
(285,270,383,103,168,583,1,80.705856,NULL,NULL),
(286,271,384,0,0,0,0,0,NULL,NULL),
(287,274,385,100,223,NULL,1,13.8259995746613,NULL,NULL),
(288,275,386,85,3833,NULL,1,171.699229717898,NULL,NULL),
(289,273,387,105,4397,NULL,1,300.55692575376,NULL,NULL),
(290,272,388,103,168,365,1,50.52768,NULL,NULL),
(291,272,388,32,165,216,1,9.12384,NULL,NULL),
(292,276,389,105,4350,NULL,1,297.344240852594,NULL,NULL),
(293,277,390,200,695,NULL,1,172.359994697571,NULL,NULL),
(294,278,391,14,3823,NULL,1,4.64570945708084,NULL,NULL),
(295,279,392,22,354,454,1,28.286016,NULL,NULL),
(296,279,392,22,184,227,1,7.351168,NULL,NULL),
(297,280,393,0,0,0,0,0,NULL,NULL),
(298,281,394,58,60,71,1,1.97664,NULL,NULL),
(299,282,395,45,28,NULL,1,0.351539989185333,NULL,NULL),
(300,283,396,45,27,NULL,1,0.338984989571571,NULL,NULL),
(301,285,398,32,1510,NULL,1,9.58668770507813,NULL,NULL),
(302,288,399,60,21,NULL,1,0.468719985580444,NULL,NULL),
(303,286,400,25,765,NULL,1,2.96437490880489,NULL,NULL),
(304,287,402,38,6000,NULL,9,483.451185127258,NULL,NULL),
(305,287,402,38,5525,NULL,1,49.4642184782982,NULL,NULL),
(306,289,401,80,3614,NULL,1,143.403515588379,NULL,NULL),
(307,294,406,0,0,0,0,0,NULL,NULL),
(308,295,407,0,0,0,0,0,NULL,NULL),
(309,296,408,45,20,NULL,1,0.251099992275238,NULL,NULL),
(310,299,410,29,127,183,1,5.391912,NULL,NULL),
(311,299,410,29,48,117,1,1.302912,NULL,NULL),
(312,299,410,30,49,135,1,1.5876,NULL,NULL),
(313,300,411,12,510,605,1,29.6208,NULL,NULL),
(314,290,403,0,0,0,0,0,NULL,NULL),
(315,291,412,32,6000,NULL,3,114.278396484375,NULL,NULL),
(316,291,412,32,4480,NULL,1,28.442623125,NULL,NULL),
(317,298,413,103,2454,NULL,1,161.413808234316,NULL,NULL),
(318,297,409,45,2063,NULL,1,25.9009642031908,NULL,NULL),
(319,305,415,0,0,0,0,0,NULL,NULL),
(320,306,416,25,40,70,1,0.56,NULL,NULL),
(321,307,417,25,40,116,1,0.928,NULL,NULL),
(322,308,418,25,45,102,1,0.918,NULL,NULL),
(323,309,419,26,32,40,1,0.26624,NULL,NULL),
(324,301,414,12,445,510,1,21.7872,NULL,NULL),
(325,301,414,12,151,207,1,3.000672,NULL,NULL),
(326,302,420,45,95,207,1,7.0794,NULL,NULL),
(327,302,420,7,45,118,1,0.29736,NULL,NULL),
(328,303,421,20,270,274,1,11.8368,NULL,NULL),
(329,303,421,20,145,292,1,6.7744,NULL,NULL),
(330,304,422,40,6000,NULL,7,416.639987182617,NULL,NULL),
(331,304,422,40,3025,NULL,1,30.0079990768433,NULL,NULL),
(332,311,423,12,48,207,1,0.953856,NULL,NULL),
(333,310,424,15,39,194,1,0.90792,NULL,NULL),
(334,310,424,40,50,184,1,2.944,NULL,NULL),
(335,312,425,85,615,NULL,1,27.5489241524935,NULL,NULL),
(336,313,426,180,5018,NULL,1,1008.01580898972,NULL,NULL),
(337,314,427,21,27,266,1,1.206576,NULL,NULL),
(338,314,427,21,168,226,1,6.378624,NULL,NULL),
(339,314,427,21,46,226,1,1.746528,NULL,NULL),
(340,314,427,21,46,226,1,1.746528,NULL,NULL),
(341,315,428,22,23,184,1,0.744832,NULL,NULL),
(342,315,428,22,30,203,1,1.07184,NULL,NULL),
(343,319,430,23,71,73,1,0.953672,NULL,NULL),
(344,319,430,40,71,97,1,2.20384,NULL,NULL),
(345,316,431,56,259,430,1,49.89376,NULL,NULL),
(346,317,429,56,1014,3096,1,1406.426112,NULL,NULL),
(347,317,429,56,313,402,1,56.370048,NULL,NULL),
(348,325,434,75,5450,NULL,1,190.068744152784,NULL,NULL),
(349,327,436,65,2308,NULL,1,60.4580581400871,NULL,NULL),
(350,321,432,21,100,295,1,4.956,NULL,NULL),
(351,321,432,0,0,0,0,0,NULL,NULL),
(352,318,433,61,410,495,1,99.0396,NULL,NULL),
(353,318,433,61,163,240,1,19.09056,NULL,NULL),
(354,326,435,22,1050,2747,1,507.6456,NULL,NULL),
(355,326,435,22,304,641,1,34.296064,NULL,NULL),
(356,328,442,130,1060,NULL,1,111.066796583176,NULL,NULL),
(357,329,443,30,66,NULL,1,0.368279988670349,NULL,NULL),
(358,329,443,30,320,NULL,1,1.78559994506836,NULL,NULL),
(359,330,444,45,44,NULL,1,0.552419983005524,NULL,NULL),
(360,331,445,45,556,NULL,1,6.98057978525162,NULL,NULL),
(361,332,446,20,60,NULL,1,0.148799995422363,NULL,NULL),
(362,324,438,21,65,84,1,0.91728,NULL,NULL),
(363,320,437,56,70,81,1,2.54016,NULL,NULL),
(364,336,447,22,1050,2410,1,445.368,NULL,NULL),
(365,336,447,22,335,592,1,34.90432,NULL,NULL),
(366,322,439,21,500,3097,1,260.232,NULL,NULL),
(367,322,439,14,22,135,1,0.33264,NULL,NULL),
(368,322,439,8,22,142,1,0.199936,NULL,NULL),
(369,333,448,41,72,165,1,3.89664,NULL,NULL),
(370,337,449,20,177,NULL,1,0.438959986495972,NULL,NULL),
(371,340,451,35,2745,NULL,1,20.8482743586302,NULL,NULL),
(372,323,440,0,0,0,0,0,NULL,NULL),
(373,338,450,30,394,NULL,1,2.19851993236542,NULL,NULL),
(374,349,456,45,535,911,1,175.4586,NULL,NULL),
(375,349,456,45,113,178,1,7.24104,NULL,NULL),
(376,357,463,110,4940,NULL,1,370.598788599014,NULL,NULL),
(377,351,455,0,0,0,0,0,NULL,NULL),
(378,350,474,30,114,NULL,1,0.636119980430603,NULL,NULL),
(379,352,479,35,34,NULL,2,0.516459984111786,NULL,NULL),
(380,348,467,21,500,2964,1,248.976,NULL,NULL),
(381,348,467,21,131,219,1,4.819752,NULL,NULL),
(382,335,454,80,2680,NULL,1,106.342396728516,NULL,NULL),
(383,362,478,55,144,670,1,42.4512,NULL,NULL),
(384,362,478,55,55,166,1,4.0172,NULL,NULL),
(385,370,481,25,6000,NULL,18,418.499987125397,NULL,NULL),
(386,371,480,32,2810,NULL,1,17.8401274511719,NULL,NULL),
(387,342,452,85,1254,NULL,1,56.1729282719135,NULL,NULL),
(388,343,453,85,2850,NULL,1,127.665746072531,NULL,NULL),
(389,345,465,0,0,0,0,0,NULL,NULL),
(390,367,482,225,1690,NULL,1,530.44873368144,NULL,NULL),
(391,368,473,370,75,NULL,1,63.6584980416298,NULL,NULL),
(392,347,466,130,1012,NULL,1,106.0373567379,NULL,NULL),
(393,354,468,35,6000,NULL,5,227.849992990494,NULL,NULL),
(394,354,468,35,5243,NULL,1,39.820583774972,NULL,NULL),
(395,339,470,30,6000,NULL,10,334.799989700317,NULL,NULL),
(396,339,470,30,5000,NULL,1,27.8999991416931,NULL,NULL),
(397,355,483,0,0,0,0,0,NULL,NULL),
(398,334,441,45,1145,NULL,1,14.3754745577574,NULL,NULL),
(399,356,464,40,198,NULL,1,1.9641599395752,NULL,NULL),
(400,374,484,12,342,445,1,14.61024,NULL,NULL),
(401,374,484,12,84,167,1,1.346688,NULL,NULL),
(402,372,485,80,244,573,1,89.47968,NULL,NULL),
(403,373,486,75,247,504,1,74.6928,NULL,NULL),
(404,358,462,65,225,NULL,1,5.89387481868267,NULL,NULL),
(405,341,471,45,144,NULL,1,1.73258994669914,NULL,NULL),
(406,375,487,20,317,1667,1,84.55024,NULL,NULL),
(407,375,487,20,188,735,1,22.1088,NULL,NULL),
(408,375,487,20,126,355,1,7.1568,NULL,NULL),
(409,376,488,26.8,1030,3688,1,814.428416,NULL,NULL),
(410,376,488,26.8,1030,3688,1,814.428416,NULL,NULL),
(411,376,488,26.8,207,877,1,38.9219616,NULL,NULL),
(412,376,488,26,1030,3688,1,814.428416,NULL,NULL),
(413,376,488,26,207,877,1,38.9219616,NULL,NULL),
(414,377,489,22,45,188,1,1.48896,NULL,NULL),
(415,378,490,12,300,342,1,9.8496,NULL,NULL),
(416,360,461,0,0,0,0,0,NULL,NULL),
(417,361,459,15,49,65,1,0.3822,NULL,NULL),
(418,363,476,35,2053,NULL,1,15.5925345203161,NULL,NULL),
(419,359,460,65,1775,NULL,1,46.4961235696077,NULL,NULL),
(420,379,491,0,0,0,0,0,NULL,NULL),
(421,380,492,26,207,629,1,27.082224,NULL,NULL),
(422,381,493,27,72,255,1,3.96576,NULL,NULL),
(423,381,493,27,60,231,1,2.99376,NULL,NULL),
(424,353,458,35,1740,NULL,1,13.2152995934486,NULL,NULL),
(425,365,477,120,160,NULL,1,14.2847995605469,NULL,NULL),
(426,369,494,20,6000,NULL,8,119.039996337891,NULL,NULL),
(427,369,494,20,4025,NULL,1,9.98199969291687,NULL,NULL),
(428,364,469,105,6000,NULL,2,820.259974765778,NULL,NULL),
(429,364,469,105,4510,NULL,1,308.281040516138,NULL,NULL),
(430,384,496,50,6000,NULL,1,92.9999971389771,NULL,NULL),
(431,389,500,20,103,NULL,1,0.255439992141724,NULL,NULL),
(432,382,495,121,3546,NULL,1,321.885303297621,NULL,NULL),
(433,385,498,50,242,NULL,1,3.75099988460541,NULL,NULL),
(434,386,502,60,6000,NULL,9,1205.27996292114,NULL,NULL),
(435,387,499,70,6000,NULL,9,1640.51994953156,NULL,NULL),
(436,387,499,70,3033,NULL,1,92.1425371653557,NULL,NULL),
(437,346,457,120,4599,NULL,1,410.598707368469,NULL,NULL),
(438,366,475,130,323,NULL,1,33.8439389588356,NULL,NULL),
(439,344,472,90,600,NULL,1,30.1319990730286,NULL,NULL),
(440,383,497,26,425,501,1,44.2,NULL,NULL),
(441,383,497,26,145,235,1,7.0876,NULL,NULL),
(442,393,505,14,3310,NULL,1,4.02231187625885,NULL,NULL),
(443,390,506,35,435,NULL,1,3.30382489836216,NULL,NULL),
(444,394,503,38,135,218,1,8.94672,NULL,NULL),
(445,394,503,38,74,255,1,5.73648,NULL,NULL),
(446,399,511,0,0,0,0,0,NULL,NULL),
(447,397,509,0,0,0,0,0,NULL,NULL),
(448,400,512,60,2136,NULL,1,47.6755185333252,NULL,NULL),
(449,391,504,22,231,234,1,9.513504,NULL,NULL),
(450,391,504,0,0,0,0,0,NULL,NULL),
(451,401,513,80,2600,NULL,1,103.167996826172,NULL,NULL),
(452,395,507,103,802,3690,1,2438.52912,NULL,NULL),
(453,395,507,103,119,189,1,18.532584,NULL,NULL),
(454,403,515,30,56,147,1,1.97568,NULL,NULL),
(455,404,516,35,108,163,1,4.92912,NULL,NULL),
(456,408,520,0,0,0,0,0,NULL,NULL),
(457,407,518,60,2078,NULL,1,46.3809585731506,NULL,NULL),
(458,409,521,80,130,NULL,1,5.15839984130859,NULL,NULL),
(459,396,508,92,803,3695,1,2183.77456,NULL,NULL),
(460,396,508,92,98,191,1,13.776448,NULL,NULL),
(461,410,522,90,2535,NULL,1,127.307696083546,NULL,NULL),
(462,402,514,141,2895,NULL,1,356.84405802216,NULL,NULL),
(463,398,510,21,500,2404,1,201.936,NULL,NULL),
(464,398,510,21,320,555,1,29.8368,NULL,NULL),
(465,405,517,50,690,699,1,192.924,NULL,NULL),
(466,405,517,50,125,139,1,6.95,NULL,NULL),
(467,411,523,72,123,127,1,8.997696,NULL,NULL),
(468,412,528,51,96,201,1,7.872768,NULL,NULL),
(469,414,530,35,735,NULL,1,5.5823248282671,NULL,NULL),
(470,415,531,26,54,60,1,0.67392,NULL,NULL),
(471,416,532,0,0,0,0,0,NULL,NULL),
(472,423,524,45,976,NULL,1,12.2536796230316,NULL,NULL),
(473,417,536,26,47,145,1,1.41752,NULL,NULL),
(474,419,534,31,136,194,1,6.543232,NULL,NULL),
(475,424,527,141,2855,NULL,1,351.91357017384,NULL,NULL),
(476,413,529,72,510,539,1,158.33664,NULL,NULL),
(477,413,529,72,155,360,1,32.1408,NULL,NULL),
(478,406,519,21,80,275,1,3.696,NULL,NULL),
(479,406,519,0,0,0,0,0,NULL,NULL),
(480,421,526,51,146,211,1,12.568848,NULL,NULL),
(481,421,526,0,0,0,0,0,NULL,NULL),
(482,420,535,41,500,1537,1,252.068,NULL,NULL),
(483,420,535,41,174,236,1,13.468992,NULL,NULL),
(484,418,533,31,130,237,1,7.64088,NULL,NULL),
(485,418,533,15,31,41,1,0.15252,NULL,NULL),
(486,426,538,35,47,84,1,1.10544,NULL,NULL),
(487,427,539,32,127,NULL,1,0.806297575195313,NULL,NULL),
(488,428,540,0,0,0,0,0,NULL,NULL),
(489,425,537,72,125,155,1,11.16,NULL,NULL),
(490,425,537,72,77,234,1,10.378368,NULL,NULL),
(491,431,543,55,164,274,1,19.77184,NULL,NULL),
(492,430,542,0,0,0,0,0,NULL,NULL),
(493,436,547,0,0,0,0,0,NULL,NULL),
(494,437,548,21,28,60,1,0.28224,NULL,NULL),
(495,441,550,0,0,0,0,0,NULL,NULL),
(496,445,551,0,0,0,0,0,NULL,NULL),
(497,444,552,41,131,NULL,1,1.36530815799808,NULL,NULL),
(498,422,525,41,208,NULL,1,2.16781753330994,NULL,NULL),
(499,435,546,170,457,NULL,1,81.8852574809074,NULL,NULL),
(500,443,553,28,60,95,1,1.2768,NULL,NULL),
(501,429,541,50,551,699,1,154.0596,NULL,NULL),
(502,429,541,23,50,137,1,1.2604,NULL,NULL),
(503,442,554,16,50,100,1,0.64,NULL,NULL),
(504,434,545,90,325,391,1,91.494,NULL,NULL),
(505,434,545,36,90,275,1,7.128,NULL,NULL),
(506,432,544,53,1050,2960,1,1317.792,NULL,NULL),
(507,432,544,53,170,547,1,39.42776,NULL,NULL),
(508,440,549,41,303,453,1,43.92288,NULL,NULL),
(509,440,549,41,146,271,1,12.977648,NULL,NULL),
(510,450,560,25,6000,NULL,14,325.49998998642,NULL,NULL),
(511,447,559,105,414,NULL,1,28.2989691294193,NULL,NULL),
(512,449,562,20,525,NULL,1,1.30199995994568,NULL,NULL),
(513,451,563,25,6000,NULL,13,302.249990701675,NULL,NULL),
(514,451,563,25,5097,NULL,1,19.7508743923903,NULL,NULL),
(515,448,561,65,4213,NULL,1,110.359531604934,NULL,NULL),
(516,388,501,27,134,306,1,9.184896,NULL,NULL),
(517,388,501,34,35,306,1,3.08448,NULL,NULL),
(518,388,501,0,0,0,0,0,NULL,NULL),
(519,392,567,22,281,305,1,15.08408,NULL,NULL),
(520,392,567,22,75,358,1,4.7256,NULL,NULL),
(521,452,564,35,29,NULL,1,0.220254993224144,NULL,NULL),
(522,454,566,40,256,NULL,1,2.539519921875,NULL,NULL),
(523,455,568,40,477,NULL,1,4.73183985443115,NULL,NULL),
(524,457,571,55,24,NULL,1,0.450119986152649,NULL,NULL),
(525,438,556,22,1050,2182,1,403.2336,NULL,NULL),
(526,438,556,22,225,642,1,21.4632,NULL,NULL),
(527,453,565,35,119,NULL,1,0.903804972195625,NULL,NULL),
(528,458,573,0,0,0,0,0,NULL,NULL),
(529,439,557,27,1030,3460,1,769.7808,NULL,NULL),
(530,439,557,27,225,630,1,30.618,NULL,NULL),
(531,467,572,16,100,1169,1,14.9632,NULL,NULL),
(532,433,555,42,1020,2768,1,948.64896,NULL,NULL),
(533,433,555,42,143,545,1,31.1304,NULL,NULL),
(534,465,579,25,380,NULL,1,1.47249995470047,NULL,NULL),
(535,466,580,25,2063,NULL,1,7.99412475407124,NULL,NULL),
(536,456,570,40,6000,NULL,6,357.119989013672,NULL,NULL),
(537,456,570,40,5385,NULL,1,53.4191983566284,NULL,NULL),
(538,461,576,0,0,0,0,0,NULL,NULL),
(539,464,569,41,94,146,1,4.501472,NULL,NULL),
(540,464,569,41,56,147,1,2.700096,NULL,NULL),
(541,459,574,75,5105,NULL,1,178.036869522929,NULL,NULL),
(542,460,575,90,4919,NULL,1,247.032172400379,NULL,NULL),
(543,462,578,105,4000,NULL,1,273.419991588593,NULL,NULL),
(544,470,582,50,6000,NULL,3,278.999991416931,NULL,NULL),
(545,470,582,50,5412,NULL,1,83.8859974193573,NULL,NULL),
(546,473,583,20,895,1405,1,201.196,NULL,NULL),
(547,473,583,20,485,1000,1,77.6,NULL,NULL),
(548,469,584,50,33,NULL,1,0.511499984264374,NULL,NULL),
(549,471,586,16,811,NULL,1,1.28721916040039,NULL,NULL),
(550,472,587,16,5015,NULL,1,7.95980775512695,NULL,NULL),
(551,472,587,16,6000,NULL,2,19.0463994140625,NULL,NULL),
(552,446,558,90,545,957,1,375.5268,NULL,NULL),
(553,446,558,54,90,192,1,7.46496,NULL,NULL),
(554,446,558,33,54,350,1,4.9896,NULL,NULL),
(555,446,558,41,83,544,1,14.809856,NULL,NULL),
(556,463,577,110,3754,NULL,1,281.625071336174,NULL,NULL),
(557,468,581,65,3410,NULL,1,21.2441443464518,NULL,NULL),
(558,474,585,50,83,552,1,18.3264,NULL,NULL),
(559,474,585,50,231,613,1,56.6412,NULL,NULL),
(560,475,588,0,0,0,0,0,NULL,NULL),
(561,476,590,40,55,NULL,1,0.545599983215332,NULL,NULL),
(562,478,591,80,6000,NULL,3,714.239978027344,NULL,NULL),
(563,477,589,60,6000,NULL,2,267.839991760254,NULL,NULL),
(564,477,589,60,3022,NULL,1,67.4510379249573,NULL,NULL),
(565,479,596,20,1327,NULL,1,3.29095989875793,NULL,NULL),
(566,480,592,50,50,NULL,1,0.774999976158142,NULL,NULL),
(567,483,594,0,0,0,0,0,NULL,NULL),
(568,482,597,35,148,271,1,11.23024,NULL,NULL),
(569,482,597,35,60,624,1,10.4832,NULL,NULL),
(570,484,595,32,6000,NULL,2,76.18559765625,NULL,NULL),
(571,484,595,32,5495,NULL,1,34.8866549267578,NULL,NULL),
(572,488,604,30,2995,NULL,1,16.7120994858742,NULL,NULL),
(573,490,603,120,31,NULL,1,2.76767991485596,NULL,NULL),
(574,481,593,50,292,NULL,1,4.52599986076355,NULL,NULL),
(575,486,599,48,61,163,1,3.818112,NULL,NULL),
(576,491,602,120,1768,NULL,1,157.847035144043,NULL,NULL),
(577,485,598,45,1226,NULL,1,15.3924295264721,NULL,NULL),
(578,492,605,0,0,0,0,0,NULL,NULL),
(579,487,601,61,307,410,1,61.42456,NULL,NULL),
(580,487,601,61,185,252,1,22.75056,NULL,NULL),
(581,495,607,161,2827,NULL,1,454.327721423204,NULL,NULL),
(582,498,609,50,5060,NULL,1,78.429997587204,NULL,NULL),
(583,497,608,50,21,NULL,1,0.32549998998642,NULL,NULL),
(584,496,611,125,271,NULL,1,26.2531241923571,NULL,NULL),
(585,493,606,80,918,1107,1,650.38464,NULL,NULL),
(586,493,606,80,226,300,1,43.392,NULL,NULL),
(587,493,606,22,226,613,1,24.382688,NULL,NULL),
(588,499,612,160,417,NULL,1,66.1862379638672,NULL,NULL),
(589,503,615,16,250,388,1,12.416,NULL,NULL),
(590,503,615,17,80,209,1,2.27392,NULL,NULL),
(591,502,614,16,117,160,1,2.39616,NULL,NULL),
(592,504,616,25,75,455,1,6.825,NULL,NULL),
(593,508,617,75,980,1137,1,668.556,NULL,NULL),
(594,508,617,75,86,350,1,18.06,NULL,NULL),
(595,508,617,38,86,625,1,16.34,NULL,NULL),
(596,500,613,19,21,385,1,1.22892,NULL,NULL),
(597,500,613,21,28,154,1,0.724416,NULL,NULL),
(598,505,620,65,908,NULL,1,23.7850592682838,NULL,NULL),
(599,507,622,125,221,NULL,1,21.4093743413687,NULL,NULL),
(600,501,619,21,69,168,1,1.947456,NULL,NULL),
(601,501,619,21,46,155,1,1.19784,NULL,NULL),
(602,509,618,115,340,613,1,191.7464,NULL,NULL),
(603,510,623,28,997,NULL,1,4.84621745091248,NULL,NULL),
(604,511,624,160,5000,NULL,1,793.599975585938,NULL,NULL),
(605,506,621,85,1270,NULL,1,56.8896482498646,NULL,NULL),
(606,512,625,0,0,0,0,0,NULL,NULL),
(607,513,626,6,240,2000,9,207.36,NULL,NULL),
(608,517,630,36,38,148,1,1.619712,NULL,NULL),
(609,517,630,38,100,208,1,6.3232,NULL,NULL),
(610,516,629,32,61,94,1,1.467904,NULL,NULL),
(611,516,629,13,35,208,1,0.75712,NULL,NULL),
(612,515,628,29,61,163,1,2.306776,NULL,NULL),
(613,515,628,19,144,163,1,3.567744,NULL,NULL),
(614,515,628,39,65,145,1,2.9406,NULL,NULL),
(615,522,633,60,100,NULL,1,2.23199993133545,NULL,NULL),
(616,494,610,55,1082,NULL,1,20.2929093757153,NULL,NULL),
(617,518,631,13,36,129,1,0.482976,NULL,NULL),
(618,518,631,13,30,208,1,0.64896,NULL,NULL),
(619,523,634,60,41,NULL,1,0.915119971847534,NULL,NULL),
(620,526,638,28,1010,NULL,1,4.90940784896851,NULL,NULL),
(621,525,639,55,1027,NULL,1,19.2613844074488,NULL,NULL),
(622,527,640,40,4882,NULL,1,48.4294385101318,NULL,NULL),
(623,520,635,150,702,NULL,1,97.9289969873428,NULL,NULL),
(624,530,645,45,1570,NULL,1,19.7113493936062,NULL,NULL),
(625,519,632,10,35,40,1,0.112,NULL,NULL);

/*Table structure for table `jabatan` */

DROP TABLE IF EXISTS `jabatan`;

CREATE TABLE `jabatan` (
  `ID_JABATAN` int(11) NOT NULL AUTO_INCREMENT,
  `NAMA_JABATAN` varchar(50) COLLATE latin1_general_ci NOT NULL,
  PRIMARY KEY (`ID_JABATAN`)
) ENGINE=InnoDB AUTO_INCREMENT=5 DEFAULT CHARSET=latin1 COLLATE=latin1_general_ci;

/*Data for the table `jabatan` */

insert  into `jabatan`(`ID_JABATAN`,`NAMA_JABATAN`) values 
(1,'admin'),
(2,'Marketing'),
(3,'Operator'),
(4,'Super');

/*Table structure for table `m_customer` */

DROP TABLE IF EXISTS `m_customer`;

CREATE TABLE `m_customer` (
  `ID_CUSTOMER` bigint(20) NOT NULL AUTO_INCREMENT,
  `CUSTOMER_INPUTBY` bigint(20) DEFAULT NULL,
  `NAMA_CUSTOMER` varchar(100) COLLATE latin1_general_ci NOT NULL,
  `ALAMAT` varchar(255) COLLATE latin1_general_ci DEFAULT NULL,
  `TIPE` varchar(20) COLLATE latin1_general_ci DEFAULT NULL,
  `KETR` text COLLATE latin1_general_ci,
  `INPUT_DATE_CUSTOMER` datetime DEFAULT NULL,
  `TELP_CUST` varchar(30) COLLATE latin1_general_ci DEFAULT NULL,
  `CONTACT_PERSON` varchar(30) COLLATE latin1_general_ci DEFAULT NULL,
  PRIMARY KEY (`ID_CUSTOMER`),
  KEY `FK_CUSTOMER_INPUT_BY` (`CUSTOMER_INPUTBY`),
  CONSTRAINT `FK_CUSTOMER_INPUT_BY` FOREIGN KEY (`CUSTOMER_INPUTBY`) REFERENCES `m_user` (`ID_USER`)
) ENGINE=InnoDB AUTO_INCREMENT=234 DEFAULT CHARSET=latin1 COLLATE=latin1_general_ci;

/*Data for the table `m_customer` */

insert  into `m_customer`(`ID_CUSTOMER`,`CUSTOMER_INPUTBY`,`NAMA_CUSTOMER`,`ALAMAT`,`TIPE`,`KETR`,`INPUT_DATE_CUSTOMER`,`TELP_CUST`,`CONTACT_PERSON`) values 
(173,7,'BPK. SUMADI','TROSOBO',NULL,'','2017-03-14 09:54:00','085100053599','BPK. SUMADI'),
(174,7,'BPK. ISNANTO','DESA KEDAMEAN RT.05 / RW.08  DESA KEPULUNGAN - GEMPOL - PASURUAN',NULL,'','2017-03-14 09:56:00','081330437746','BPK. ISNANTO'),
(175,7,'','',NULL,'','2017-03-14 09:59:00','',''),
(176,7,'PT. INNOVATIVE PLASTIC PACKAGING','DESA SUMBER SUKO GEMPOL PANDAAN PASURUAN 67155',NULL,'FAX : 031-5678688','2017-03-14 10:00:00','031-5668688','BPK. MARIANO ARRON'),
(177,7,'PT. DIAN SARI PURI PLASTINDO II','JL. JAWA NO. 114 RT.04 RW.01 WADUNGASIH',NULL,'ALAMAT KIRIM : JL. RAYA SUKODONO NO. 12 GEDANGAN - SDA','2017-03-14 10:03:00','031-8012250 / FAX 031-8917435','IBU CHI CHI'),
(178,7,'PT. INSERA SENA','JL. JAWA NO. 393 DESA WADUNGASIH BUDURAN - SIDOARJO',NULL,'','2017-03-14 10:07:00','031-8963951 / FAX 031-8961781','BPK. WAHYUDI'),
(179,7,'CV. DINAMIKA UTAMA JAYA','JL. RAYA KENDUNG NO. 7 SEMEMI SURABAYA',NULL,'','2017-03-14 10:09:00','031-7409943 / FAX 7416818','IBU FINDI / BPK DANU'),
(180,7,'','',NULL,'','2017-03-14 10:15:00','',''),
(181,7,'PT. SALAM PACIFIC INDONESIA LINES','JL. KALIANAK NO. 51 F SURABAYA',NULL,'','2017-03-14 10:16:00','031-7497035 FAX 031-7497270','BPK. FAJAR'),
(182,7,'CV. AB HYDRAULIC','JL. MARGOMULYO INDAH 1 / D-19 SURABAYA',NULL,'','2017-03-14 10:20:00','031-7484091 / FAX 031-7484090','IBU DEWI / IBU NORA'),
(183,7,'BPK. AGUS SUPRI','DUSUN BANGUNREJO RT.003 RW.001 PRANGGANG PLOSOKLATEN',NULL,'','2017-03-14 10:23:00','082231804653','BPK. AGUS SUPRI'),
(184,7,'CV. HANINDO','KOMP. PERG MEIKO ABADI 1 BLOCK C-63A - GEDANGAN-SDA',NULL,'','2017-03-14 10:27:00','031-8014711 / FAX 031-8014711','IBU DINI'),
(185,7,'PT. GUDANG GARAM TBK','JL. LETJEN SUTOYO 55 - WARU',NULL,'ALAMAT KIRIM : Jl. SEMAMPIR II NO. 1 KEDIRI','2017-03-14 10:30:00','031-2985100 / FAX 031-2985177','BPK. INDRA KADARUSMAN'),
(186,7,'PT. GUDANG GARAM TBK','JL. LETJEN SUTOYO 55 - WARU',NULL,'ALAMAT KIRIM : JL. SEMAMPIR II NO. 1 KEDIRI','2017-03-14 10:31:00','031-2985100 / FAX 031-2985177','BPK. DANANG INDIRA WIJAYA'),
(187,7,'PT. TUNAS HARAPAN ENGINEERING','JL. DUMAR INDUSTRI F2 - F3 MARGOMULYO SURABAYA',NULL,'','2017-03-14 10:34:00','031-7499142 / FAX 031-7480709','BPK. LIONO'),
(188,7,'PT. TAMAN PRATAMA','JL. RAYA TAMAN NO.5, TAMAN SEPANJANG SIDOARJO',NULL,'','2017-03-14 10:35:00','031-7879555 / FAX 031-7879777','IBU ARI'),
(189,7,'BPK. SAMUEL','JL. KENDANGSARI H - 27 SURABAYA',NULL,'E-MAIL : tgmulia@gmail.com','2017-03-14 10:37:00','031-8411228 / FAX 031-8438312','BPK. SAMUEL '),
(190,7,'PT. GAJAH MADA PLASTIC','JL. INDUSTRI NO. 41,RANDU AGUNG SINGOSARI MALANG',NULL,'chusingtek@hotmail.com','2017-03-14 10:40:00','0341-458860 / FAX 0341-451033','BPK. HADI SUTRISNO'),
(191,7,'ANUGERAH SEJAHTERA TEKNINDO','JL. MARGOMULYO AJBS - 4F SURABAYA',NULL,'E-mail : yonas@astsby.com ','2017-03-14 10:42:00','031-7494833 / 031-7494833','BPK. YONAS HARTONO'),
(192,7,'CV. CATUR PRASETYA PACKINDO','KOMP. INDUS. PERG. PERMATA BLOK AD/1B JL MUNCUL GEDANGAN - SDA',NULL,'','2017-03-14 10:44:00','031-8554771 / FAX 031-8542022','IBU WURI / BPK. WAHYU'),
(193,7,'PT. KOMPINDO WIRATAMA','JL. MAYJEND SUNGKONO KAV. 27A GRESIK',NULL,'E-mail : isti_2407@yahoo.com / rica_komp@yahoo.com','2017-03-14 10:47:00','031-3990508 / FAX 031-3990507','IBU ISTI / IBU RIKA'),
(194,7,'CV. SINAR MULYA SEJAHTERA','JL. POL SUWOTO NO. 20 LAWANG MALANG',NULL,'','2017-03-14 10:50:00','031-5049902','BPK. YAHYA'),
(195,7,'BENGKEL TBA','JL.TANJUNG SARI MAS NO.09 SURABAYA',NULL,'','2017-03-14 10:54:00','081252294120','BPK. ARIEF SOEJANTO'),
(196,7,'PT. PLATINUM CERAMIC INDUSTRY','JL. KARANGPILANG BARAT NO.201 SURABAYA',NULL,'','2017-03-14 10:55:00','031-5312358 / FAX 031-5317742','BPK. HENDRA'),
(197,7,'PT. BUSUR KHATULISTIWA SEMESTA','JL. RAYA SARIROGO KAV. 4A SIDOARJO ',NULL,'','2017-03-14 10:57:00','031-8922268 / FAX 031-8922267','BPK. TONI'),
(198,7,'PT. BINTANG DELI JAYA','JL. RAYA TAMAN 113 SEPANJANG SURABAYA',NULL,'','2017-03-14 10:58:00','031-7881992 / FAX 031-7881944','IBU GRACE CHUA / IBU LILIK'),
(199,7,'BINTANG ABADI TEKNIK','JL. BULUREJO NO.142 BLABAK KEDIRI',NULL,'','2017-03-14 11:01:00','081331196999','IBU SUGENG'),
(200,7,'CV. JAYA MAKMUR ','TROPODO I GG. MASJID RT 085 RW. 002 SIDOARJO',NULL,'','2017-03-14 11:03:00','081-75202446','BPK. MARYONO'),
(201,7,'BPK. SUMADI','TROSOBO',NULL,'','2017-03-14 11:04:00','085100053599','BPK. SUMADI'),
(202,7,'PT. TERAPAN NILAIOSILASI INDONESIA','JL. RAYA KERTAJAYA INDAH 153/P-116 GEBANG PUTIH SUKOLILO SURABAYA',NULL,'','2017-03-14 11:11:00','031-5936242 / FAX 031-5936240','BPK. HARI'),
(203,7,'PT. TENO TRACT INDONESIA','JL. RAYA KERTAJAYA INDAH TIMUR 153 BLOK P-116 GERBANG PUTIH SUKOLILO SBY',NULL,'','2017-03-14 11:12:00','031-5396242 / FAX 031-5936240','BPK. HARI'),
(204,7,'CV. NASIONAL AGUNG JAYA','JL. RUNGKUT INDUSTRI IV/8 KUTISARI TENGGILIS MEJOYO SBY',NULL,'','2017-03-14 11:14:00','031-8473888 / FAX 031-8470999','BPK. ARIEF / IBU AGNES'),
(205,7,'BPK. WILLY','JL. SUNANDAR PRIYO SUDARMO GG, 8 NO. 2 SIDOARJO',NULL,'','2017-03-14 11:14:00','08155079940','BPK. WILLY'),
(206,7,'BPK. ARIF MALANG','JL. RAYA LOWOK DORO NO.38 KEBONSARI SUKUN GADANG - MALANG',NULL,'','2017-03-14 11:16:00','081233394870','BPK. ARIF MALANG'),
(207,7,'PT. LINTECH DUTA PRATAMA','JL. MASTRIP 70 KARANG PILANG SURABAYA 60221',NULL,'','2017-03-14 11:17:00','031-7666891 / FAX 031-7664604','BPK. ANTHON WIDODO'),
(208,7,'PT. BETON PRIMA INDONESIA','JL. RAYA KERTAJAYA INDAH NO. 153/P-116 GEBANG PUTIH SUKOLILO SBY',NULL,'','2017-03-14 11:18:00','031-5936242 / FAX 031-5936240','BPK. HARI'),
(209,7,'TIRTA GRAHA MULYA','JL. KENDANGSARI H - 27 SURABAYA',NULL,'E-MAIL : tgmulia@gmail.com','2017-03-02 14:35:00','031-8411228 / FAX 031-8438312','BPK. SAMUEL'),
(210,7,'PT. HARAPAN JAYA ABADI','JL.TENAGA BARU III/15, BLIMBING MALANG',NULL,'','2017-03-07 15:50:00','0341-472032 / FAX 0341-472031','IBU NUNUK'),
(211,7,'PT. BERLINA TBK','JL. RAYA PANDAAN KM 43 PANDAAN PASURUAN 67556',NULL,'','2017-03-09 16:38:00','0343-631901 / FAX 0343-631902','BPK. ARIS NIRTIYASMO ATMAJA'),
(212,7,'PT. INTI DUTA LESTARI PLASINDO','JL. RUNGKUT INDUSTRI III/29 SURABAYA 60293',NULL,'','2017-03-09 16:42:00','031-8414951 / FAX 031-8438578','BPK. ADHE'),
(213,7,'PT. ARTHAWENASAKTI GEMILANG','JL. KERTANEGARA 85 DESA GIRIMOYO KARANGPLOSO - MALANG',NULL,'','2017-03-09 11:15:00','0341- 468500 / FAX 0341-468501','IBU NADIA / BPK. ZAINURI'),
(214,7,'PT. PABRIK GULA CANDI BARU','JL. RAYA CANDI NO. 10 SIDOARJO',NULL,'','2017-03-10 11:57:00','BPK. MISYANTO','031-8921003 / 031-8921002'),
(215,7,'PT. CATUR PUTRA SURYA','JL. RUNGKUT INDUSTRI III/36',NULL,'','2017-03-13 13:19:00','031-8430652 / FAX 031-8439856','BPK. WONGSO'),
(216,7,'BPK. MOH FATONI','KREMBANGAN RT 015 RW 003 - TAMAN - SIDOARJO',NULL,'','2017-03-13 13:33:00','-','BPK. TONI'),
(217,7,'BPK. SAMSUL','',NULL,'','2017-03-14 13:36:00','082131663279','BPK. SAMSUL'),
(218,7,'PT. NOBELINDO','JL. INDUSTRI NO. 12 RT. 005 / RW. 005, - TROSOBO - TAMAN',NULL,'','2017-03-16 15:12:00','031-7884878 / FAX 031-7872845','IBU DEWI'),
(219,7,'BPK. EKA','MALANG',NULL,'','2017-03-22 10:13:00','-','BPK. EKA'),
(220,7,'PT. IMPACT INDONESIA','JL.RAYA REMBANG INDUSTRI NO. 16 PANDEAN - REMBANG - PASURUAN',NULL,'','2017-03-22 11:52:00','031-8493495 / FAX 031-8438596','IBU RULI'),
(221,7,'PT. LOGAM JAYA','JL. GUNUNG ANYAR TAMBAK KAV. 192-193 SURABAYA',NULL,'','2017-03-27 08:20:00','031-8706543 / FAX 031-8707244','BPK. ERIC'),
(222,7,'MITRA KARYA JAYA','PERMATA SAFIRA REGENCY C-2 NO. 2 LIDAH KULON SURABAYA',NULL,'E-MAIL : Handcindho@yahoo.com\r\n','2017-03-27 13:23:00','031-70170806','BPK. HANDOYO'),
(223,7,'BPK. IWAN','JL.Broto Seno RT. 07 RW 02 Kedung Wonokerto PRAMBON SIDOARJO',NULL,'','2017-03-30 13:16:00','-','BPK. IWAN'),
(224,7,'CHIN YANG','JL. RAYA BAMBE NO134 ',NULL,'','2017-03-30 13:18:00','-','IBU NUNI'),
(225,7,'PT. BAGONG SEJAHTERA ABADI','L. RAYA SEDATI 42 RT. 04 RW. 02',NULL,'','2017-03-30 13:25:00','031-8010591  FAX :031-8010590','BPK. IVAN'),
(226,7,'PT. UNTUNG BERSAMA SEJAHTERA','JL. KENJERAN NO. 395-399',NULL,'','2017-03-30 17:24:00','031-3894636  FAX 031-3814247','BPK. JUNAEDI'),
(227,7,'CV. SINAR FAJAR','JL. KEDUNG COWEK 102',NULL,'','2017-03-31 08:44:00','031-51500339  FAX 031-51503883','BPK. ALEX'),
(228,7,'PT. RAJA PRESISI SUKSES MAKMUR','JL. ',NULL,'','2017-04-03 13:30:00','031-8781541','BPK. FAISOL '),
(229,7,'PT. UMBRA PRASIA INDONESIA','JL. GATOT SUBROTO DESA TEBEL GEDANGAN SIDOARJO 61254',NULL,'','2017-04-05 08:37:00','031-8910641-42 FAX 031-8910643','BPK. HARTONO'),
(230,7,'BPK. IRVAN YOSTAN','JL. MUNCUL INDUSTRI AB 15, KAWASAN PERG PERMATA GEDANGAN SIDOARJO',NULL,'','2017-04-05 09:02:00','031-8556569','IBU HARNI'),
(231,7,'PT. DUTA WIRA UTAMA','KAWASAN INDUSTRI GREENLAND BATAVIA BLAB NO 45 DELTAMAS CIKARANG PUSAT',NULL,'','2017-04-05 15:12:00','021-8983  FAX 021-445','BPK. TRISNO'),
(232,7,'PT. ASTERINDO','JL. RAYA TANDES LOR NO. 1-A',NULL,'','2017-04-06 10:11:00','031-734444  FAX 031-7319185','IBU FITRI'),
(233,7,'PT. MAHKOTA PLASTIK INDONESIA','JL. NGORO INDUSTRI PERSADA BLOK J-8 MOJOKERTO',NULL,'','2017-04-06 10:20:00','0321-68182111 FAX 0321-6818216','IBU YULIANA');

/*Table structure for table `m_dokumen` */

DROP TABLE IF EXISTS `m_dokumen`;

CREATE TABLE `m_dokumen` (
  `id` int(11) NOT NULL AUTO_INCREMENT,
  `id_customer` int(11) DEFAULT NULL,
  `keterangan` varchar(100) COLLATE latin1_general_ci DEFAULT NULL,
  `doc_no` varchar(50) COLLATE latin1_general_ci DEFAULT NULL,
  `total` int(11) DEFAULT NULL,
  `tgl_input` timestamp NOT NULL DEFAULT CURRENT_TIMESTAMP,
  PRIMARY KEY (`id`)
) ENGINE=MyISAM AUTO_INCREMENT=4 DEFAULT CHARSET=latin1 COLLATE=latin1_general_ci;

/*Data for the table `m_dokumen` */

insert  into `m_dokumen`(`id`,`id_customer`,`keterangan`,`doc_no`,`total`,`tgl_input`) values 
(1,191,'test','test',1234567890,'2017-09-01 01:22:48'),
(2,230,'test','test',123,'2017-09-01 01:23:14'),
(3,225,'sss','ddd',1345636,'2017-09-01 09:55:41');

/*Table structure for table `m_invoice` */

DROP TABLE IF EXISTS `m_invoice`;

CREATE TABLE `m_invoice` (
  `id_invoice` bigint(20) NOT NULL AUTO_INCREMENT,
  `id_creator` bigint(20) DEFAULT NULL,
  `tgl_invoice` date DEFAULT NULL,
  `no_invoice` varchar(100) COLLATE latin1_general_ci DEFAULT NULL,
  `nama_customer` text COLLATE latin1_general_ci,
  `alamat_customer` text COLLATE latin1_general_ci,
  `list_po` text COLLATE latin1_general_ci,
  `list_sp` text COLLATE latin1_general_ci,
  `sales` text COLLATE latin1_general_ci,
  `jumlah` bigint(20) DEFAULT NULL,
  `ppn` bigint(20) DEFAULT NULL,
  `grand_total` bigint(20) DEFAULT NULL,
  `grand_total_terbilang` text COLLATE latin1_general_ci,
  PRIMARY KEY (`id_invoice`)
) ENGINE=InnoDB AUTO_INCREMENT=45 DEFAULT CHARSET=latin1 COLLATE=latin1_general_ci;

/*Data for the table `m_invoice` */

insert  into `m_invoice`(`id_invoice`,`id_creator`,`tgl_invoice`,`no_invoice`,`nama_customer`,`alamat_customer`,`list_po`,`list_sp`,`sales`,`jumlah`,`ppn`,`grand_total`,`grand_total_terbilang`) values 
(23,13,'2017-07-04','1/INV/SBS/VII/17','PT. INNOVATIVE PLASTIC PACKAGING','DESA SUMBER SUKO GEMPOL PANDAAN PASURUAN 67155','6400008917','272/PR','',0,0,0,'Nol rupiah'),
(24,13,'2017-07-04','24/INV/SBS/VII/17','PT. DIAN SARI PURI PLASTINDO II','JL. JAWA NO. 114 RT.04 RW.01 WADUNGASIH','166/PH/SBS/II/17','181/R','',292825,29282,322107,'Tiga ratus dua puluh dua ribu seratus tujuh rupiah'),
(25,13,'2017-07-04','25/INV/SBS/VII/17','PT. DIAN SARI PURI PLASTINDO II','JL. JAWA NO. 114 RT.04 RW.01 WADUNGASIH','180/PH/SBS/III/17','192/O','',140250,14025,154275,'Seratus lima puluh empat ribu dua ratus tujuh puluh lima rupiah'),
(26,13,'2017-07-04','26/INV/SBS/VII/17','PT. DIAN SARI PURI PLASTINDO II','JL. JAWA NO. 114 RT.04 RW.01 WADUNGASIH','185/PH/SBS/III/17','195/RD','',400520,40052,440572,'Empat ratus empat puluh ribu lima ratus tujuh puluh dua rupiah'),
(27,13,'2017-07-04','27/INV/SBS/VII/17','PT. DIAN SARI PURI PLASTINDO II','JL. JAWA NO. 114 RT.04 RW.01 WADUNGASIH','192/PH/SBS/III/17','210/RD','',620500,62050,682550,'Enam ratus delapan puluh dua ribu lima ratus lima puluh rupiah'),
(28,13,'2017-07-04','28/INV/SBS/VII/17','PT. DIAN SARI PURI PLASTINDO II','JL. JAWA NO. 114 RT.04 RW.01 WADUNGASIH','204/PH/SBS/III/17','227/O','',437920,43792,481712,'Empat ratus delapan puluh satu ribu tujuh ratus  dua belas rupiah'),
(29,13,'2017-07-04','29/INV/SBS/VII/17','PT. DUTA WIRA UTAMA','KAWASAN INDUSTRI GREENLAND BATAVIA BLAB NO 45 DELTAMAS CIKARANG PUSAT','377/PH/SBS/IV/17','308/RD','',2945250,294525,3239775,'Tiga juta dua ratus tiga puluh sembilan ribu tujuh ratus tujuh puluh lima rupiah'),
(30,13,'2017-07-04','30/INV/SBS/VII/17','PT. TERAPAN NILAIOSILASI INDONESIA','JL. RAYA KERTAJAYA INDAH 153/P-116 GEBANG PUTIH SUKOLILO SURABAYA','','221/RD','',367540,36754,404294,'Empat ratus empat ribu dua ratus sembilan puluh empat rupiah'),
(31,8,'2017-07-04','31/INV/SBS/VII/17','PT. DIAN SARI PURI PLASTINDO II','JL. JAWA NO. 114 RT.04 RW.01 WADUNGASIH','223/PH/SBS/III/17','252/PR','',0,0,0,'Nol rupiah'),
(32,13,'2017-07-04','32/INV/SBS/VII/17','PT. TENO TRACT INDONESIA','JL. RAYA KERTAJAYA INDAH TIMUR 153 BLOK P-116 GERBANG PUTIH SUKOLILO SBY','','203/RD','',887570,0,887570,'Delapan ratus delapan puluh tujuh ribu lima ratus tujuh puluh rupiah'),
(33,13,'2017-07-04','33/INV/SBS/VII/17','PT. DIAN SARI PURI PLASTINDO II','JL. JAWA NO. 114 RT.04 RW.01 WADUNGASIH','255/PH/SBS/III/17','280/PR','',0,0,0,'Nol rupiah'),
(34,13,'2017-07-05','34/INV/SBS/VII/17','PT. DIAN SARI PURI PLASTINDO II','JL. JAWA NO. 114 RT.04 RW.01 WADUNGASIH','258/PH/SBS/III/17','281/PR','',0,0,0,'Nol rupiah'),
(35,13,'2017-07-05','35/INV/SBS/VII/17','PT. DIAN SARI PURI PLASTINDO II','JL. JAWA NO. 114 RT.04 RW.01 WADUNGASIH','260/PH/SBS/III/17','288/PR','',552500,55250,607750,'Enam ratus tujuh ribu tujuh ratus lima puluh rupiah'),
(36,13,'2017-07-05','36/INV/SBS/VII/17','PT. DIAN SARI PURI PLASTINDO II','JL. JAWA NO. 114 RT.04 RW.01 WADUNGASIH','391/PH/SBS/IV/17','314/PR','',619496,61949,681445,'Enam ratus delapan puluh satu ribu empat ratus empat puluh lima rupiah'),
(37,13,'2017-07-05','37/INV/SBS/VII/17','CV. DINAMIKA UTAMA JAYA','JL. RAYA KENDUNG NO. 7 SEMEMI SURABAYA','394/PH/SBS/III/17','317/Y','',182750,18275,201025,'Dua ratus satu ribu dua puluh lima rupiah'),
(38,13,'2017-07-05','38/INV/SBS/VII/17','PT. INSERA SENA','JL. JAWA NO. 393 DESA WADUNGASIH BUDURAN - SIDOARJO','','226/O','',1996820,199682,2196502,'Dua juta seratus sembilan puluh enam ribu lima ratus dua rupiah'),
(39,13,'2017-07-05','39/INV/SBS/VII/17','PT. TENO TRACT INDONESIA','JL. RAYA KERTAJAYA INDAH TIMUR 153 BLOK P-116 GERBANG PUTIH SUKOLILO SBY','','223/RD','',1309000,130900,1439900,'Satu juta empat ratus tiga puluh sembilan ribu sembilan ratus rupiah'),
(40,13,'2017-07-05','40/INV/SBS/VII/17','PT. INSERA SENA','JL. JAWA NO. 393 DESA WADUNGASIH BUDURAN - SIDOARJO','','256/PR','',2580000,258000,2838000,'Dua juta delapan ratus tiga puluh delapan ribu rupiah'),
(41,13,'2017-07-05','41/INV/SBS/VII/17','PT. INSERA SENA','JL. JAWA NO. 393 DESA WADUNGASIH BUDURAN - SIDOARJO','','271/PR','',0,0,0,'Nol rupiah'),
(42,13,'2017-07-05','42/INV/SBS/VII/17','PT. SALAM PACIFIC INDONESIA LINES','JL. KALIANAK NO. 51 F SURABAYA','','194/Y','',280500,28050,308550,'Tiga ratus delapan ribu lima ratus lima puluh rupiah'),
(43,1,'2017-08-06','43/INV/SBS/VIII/17','PT. DUTA WIRA UTAMA','KAWASAN INDUSTRI GREENLAND BATAVIA BLAB NO 45 DELTAMAS CIKARANG PUSAT','','280/R','',1182960,118296,1301256,'Satu juta tiga ratus satu ribu dua ratus lima puluh enam rupiah'),
(44,1,'2017-08-06','44/INV/SBS/VIII/17','BPK. SUMADI','TROSOBO','','281/R','',1182960,118296,1301256,'Satu juta tiga ratus satu ribu dua ratus lima puluh enam rupiah');

/*Table structure for table `m_marketing` */

DROP TABLE IF EXISTS `m_marketing`;

CREATE TABLE `m_marketing` (
  `id_marketing` bigint(20) NOT NULL AUTO_INCREMENT,
  `nama_marketing` varchar(50) COLLATE latin1_general_ci DEFAULT NULL,
  `inisial` char(2) COLLATE latin1_general_ci DEFAULT NULL,
  PRIMARY KEY (`id_marketing`)
) ENGINE=InnoDB AUTO_INCREMENT=9 DEFAULT CHARSET=latin1 COLLATE=latin1_general_ci;

/*Data for the table `m_marketing` */

insert  into `m_marketing`(`id_marketing`,`nama_marketing`,`inisial`) values 
(1,'RUSANDY','R'),
(2,'YUGI','Y'),
(3,'RUDI','RD'),
(4,'OFFICE','O'),
(5,'ZALIL','Z'),
(6,'PRISTY','PR'),
(7,'POPPY','PO'),
(8,'NIRMA','N');

/*Table structure for table `m_mesin` */

DROP TABLE IF EXISTS `m_mesin`;

CREATE TABLE `m_mesin` (
  `ID_MESIN` bigint(20) NOT NULL AUTO_INCREMENT,
  `NAMA_MESIN` varchar(50) COLLATE latin1_general_ci DEFAULT NULL,
  `STATUS_MESIN` int(11) DEFAULT NULL,
  PRIMARY KEY (`ID_MESIN`)
) ENGINE=InnoDB AUTO_INCREMENT=4 DEFAULT CHARSET=latin1 COLLATE=latin1_general_ci;

/*Data for the table `m_mesin` */

insert  into `m_mesin`(`ID_MESIN`,`NAMA_MESIN`,`STATUS_MESIN`) values 
(1,'1',0),
(2,'2',0),
(3,'3',0);

/*Table structure for table `m_pembelian` */

DROP TABLE IF EXISTS `m_pembelian`;

CREATE TABLE `m_pembelian` (
  `ID_PEMBELIAN` bigint(20) NOT NULL AUTO_INCREMENT,
  `TGL_PEMBELIAN` date NOT NULL,
  `KATEGORI_PEMBELIAN` int(11) NOT NULL,
  `ID_SUPPLIER` bigint(20) NOT NULL,
  `ORDER_NUMBER` varchar(100) COLLATE latin1_general_ci DEFAULT NULL,
  `TGL_INVOICE` date DEFAULT NULL,
  `NO_INVOICE` varchar(100) COLLATE latin1_general_ci DEFAULT NULL,
  `PPN_PERSEN` int(11) DEFAULT NULL,
  `ONGKOS_KIRIM_TOTAL` bigint(20) DEFAULT NULL,
  `SUDAH_LENGKAP` int(11) NOT NULL,
  PRIMARY KEY (`ID_PEMBELIAN`),
  KEY `FK_SUPPLIER` (`ID_SUPPLIER`)
) ENGINE=InnoDB DEFAULT CHARSET=latin1 COLLATE=latin1_general_ci;

/*Data for the table `m_pembelian` */

/*Table structure for table `m_penerimaan` */

DROP TABLE IF EXISTS `m_penerimaan`;

CREATE TABLE `m_penerimaan` (
  `ID_PENERIMAAN` bigint(20) NOT NULL AUTO_INCREMENT,
  `ID_PEMBELIAN` bigint(20) NOT NULL,
  `TGL_PENERIMAAN` date NOT NULL,
  `NO_SJ_PENERIMAAN` varchar(100) COLLATE latin1_general_ci NOT NULL,
  PRIMARY KEY (`ID_PENERIMAAN`),
  KEY `FK_BELI` (`ID_PEMBELIAN`)
) ENGINE=InnoDB DEFAULT CHARSET=latin1 COLLATE=latin1_general_ci;

/*Data for the table `m_penerimaan` */

/*Table structure for table `m_piutang` */

DROP TABLE IF EXISTS `m_piutang`;

CREATE TABLE `m_piutang` (
  `id_piutang` bigint(20) unsigned NOT NULL AUTO_INCREMENT,
  `id_creator` bigint(20) unsigned NOT NULL,
  `id_invoice` bigint(20) unsigned NOT NULL,
  `faktur_pajak` varchar(50) COLLATE latin1_general_ci DEFAULT NULL,
  `tanda_terima` varchar(50) COLLATE latin1_general_ci DEFAULT NULL,
  `estimasi_jt` date DEFAULT NULL,
  `status` varchar(255) COLLATE latin1_general_ci DEFAULT NULL,
  `keterangan` text COLLATE latin1_general_ci,
  PRIMARY KEY (`id_piutang`)
) ENGINE=MyISAM DEFAULT CHARSET=latin1 COLLATE=latin1_general_ci;

/*Data for the table `m_piutang` */

/*Table structure for table `m_sj` */

DROP TABLE IF EXISTS `m_sj`;

CREATE TABLE `m_sj` (
  `ID_SJ` bigint(20) NOT NULL AUTO_INCREMENT,
  `ID_PO` bigint(20) NOT NULL,
  `NO_PO_CUSTOMER` varchar(100) COLLATE latin1_general_ci DEFAULT NULL,
  `ID_CREATOR` bigint(20) DEFAULT NULL,
  `NO_SJ` varchar(100) COLLATE latin1_general_ci DEFAULT NULL,
  `TANGGAL_SJ` date DEFAULT NULL,
  `TELP` text COLLATE latin1_general_ci,
  `FAX` text COLLATE latin1_general_ci,
  `KETERANGAN` varchar(200) COLLATE latin1_general_ci DEFAULT NULL,
  `driver` text COLLATE latin1_general_ci,
  `gudang` text COLLATE latin1_general_ci,
  PRIMARY KEY (`ID_SJ`),
  KEY `FK_PO` (`ID_PO`),
  KEY `FK_CREATOR` (`ID_CREATOR`)
) ENGINE=InnoDB AUTO_INCREMENT=3 DEFAULT CHARSET=latin1 COLLATE=latin1_general_ci;

/*Data for the table `m_sj` */

insert  into `m_sj`(`ID_SJ`,`ID_PO`,`NO_PO_CUSTOMER`,`ID_CREATOR`,`NO_SJ`,`TANGGAL_SJ`,`TELP`,`FAX`,`KETERANGAN`,`driver`,`gudang`) values 
(1,54,'158/PH/SBS/II/17',13,'1/SJ/SBS/VII/17','2017-07-04','Telp. (031) 7533999','Fax. (031) 7533666','',NULL,NULL),
(2,3,'',13,'2/SJ/SBS/VII/17','2017-07-12','Telp. (031) 7533999','Fax. (031) 7533666','',NULL,NULL);

/*Table structure for table `m_stock` */

DROP TABLE IF EXISTS `m_stock`;

CREATE TABLE `m_stock` (
  `ID_STOCK` bigint(20) NOT NULL AUTO_INCREMENT,
  `ID_TYPE` bigint(20) DEFAULT NULL,
  `ID_UKURAN` bigint(20) DEFAULT NULL,
  `ID_DT_PEMBELIAN` bigint(20) DEFAULT NULL,
  `QTY_STOCK` int(11) DEFAULT NULL,
  `KG` double DEFAULT NULL,
  `HARGA_STOCK` bigint(20) DEFAULT NULL,
  PRIMARY KEY (`ID_STOCK`),
  UNIQUE KEY `constr_unique` (`ID_TYPE`,`ID_UKURAN`),
  KEY `FK_TYPE_STOCK` (`ID_TYPE`),
  KEY `FK_UKURAN_STOCK` (`ID_UKURAN`),
  CONSTRAINT `FK_TYPE_STOCK` FOREIGN KEY (`ID_TYPE`) REFERENCES `m_type` (`ID_TYPE`),
  CONSTRAINT `FK_UKURAN_STOCK` FOREIGN KEY (`ID_UKURAN`) REFERENCES `m_ukuran` (`ID_UKURAN`)
) ENGINE=InnoDB AUTO_INCREMENT=5740 DEFAULT CHARSET=latin1 COLLATE=latin1_general_ci;

/*Data for the table `m_stock` */

insert  into `m_stock`(`ID_STOCK`,`ID_TYPE`,`ID_UKURAN`,`ID_DT_PEMBELIAN`,`QTY_STOCK`,`KG`,`HARGA_STOCK`) values 
(2893,1,2657,NULL,0,43.5421786180611,14300),
(2894,1,2658,NULL,14,52.08,14300),
(2895,1,2659,NULL,0,15.0823680883789,14300),
(2896,1,2660,NULL,2,49.9968002929688,14300),
(2897,1,2661,NULL,0,10.9616000843048,14300),
(2898,1,2662,NULL,16,74.4,14300),
(2900,1,2663,NULL,1,37.51,14300),
(2901,1,2664,NULL,2,81.84,14300),
(2902,1,2665,NULL,0,16.1122501652241,14300),
(2903,1,2666,NULL,0,35.5725003647804,14300),
(2904,1,2667,NULL,18,93,14300),
(2905,1,2668,NULL,1,40.796,14300),
(2906,1,2669,NULL,5,104.16,14300),
(2907,1,2670,NULL,1,74.772,14300),
(2908,1,2671,NULL,19,111.6,14300),
(2909,1,2672,NULL,0,38.638797359375,14300),
(2910,1,2673,NULL,2,42.85440234375,14300),
(2911,1,2674,NULL,0,42.2444756997824,14300),
(2912,1,2675,NULL,5,84.630001401901,14300),
(2913,1,2676,NULL,1,47.12,14300),
(2914,1,2677,NULL,4,141.36,14300),
(2915,1,2678,NULL,13,89.280001831055,14300),
(2916,1,2679,NULL,0,37.1349009346962,14300),
(2917,1,2680,NULL,1,98.208,14300),
(2918,1,2681,NULL,6,167.4,14300),
(2919,1,2682,NULL,0,30.9225009512901,14300),
(2920,1,2683,NULL,0,5.72204601212434e-006,14300),
(2921,1,2684,NULL,1,62.2325,14300),
(2922,1,2685,NULL,1,62.4371,14300),
(2923,1,2686,NULL,1,62.5735,14300),
(2924,1,2687,NULL,1,62.6758,14300),
(2925,1,2688,NULL,1,59.5045,14300),
(2926,1,2689,NULL,1,60.0501,14300),
(2927,1,2690,NULL,1,60.1524,14300),
(2928,1,2691,NULL,1,60.9708,14300),
(2929,1,2692,NULL,2,204.6,14300),
(2930,1,2693,NULL,0,15.237120703125,14300),
(2931,1,2694,NULL,9,89.28000411987,14300),
(2932,1,2695,NULL,0,63.514818628764,14300),
(2933,1,2696,NULL,8,241.8,14300),
(2934,1,2697,NULL,9,78.12000560761,14300),
(2935,1,2698,NULL,1,89.404,14300),
(2936,1,2699,NULL,1,142.5225,14300),
(2937,1,2700,NULL,9,279,14300),
(2938,1,2701,NULL,0,39.858564904785,14300),
(2939,1,2702,NULL,3,-178.559985351566,14300),
(2940,1,2703,NULL,5,316.2,14300),
(2941,1,2704,NULL,0,33.675305870533,14300),
(2942,1,2705,NULL,0,31.331708674908,14300),
(2943,5,2706,NULL,1,9.19296,31400),
(2944,5,2707,NULL,1,17.31072,56900),
(2945,1,2708,NULL,2,334.8,14300),
(2947,1,2710,NULL,0,2.959726729989,14300),
(2948,1,2711,NULL,0,3.0186267644167,14300),
(2949,5,2712,NULL,1,217.97376,29590),
(2950,1,2713,NULL,1,65.7324,14300),
(2951,5,2714,NULL,1,1939.627008,29590),
(2952,1,2715,NULL,1,224.8213,14300),
(2953,1,2716,NULL,1,59.7246,14300),
(2954,5,2717,NULL,1,12.4416,31400),
(2955,1,2718,NULL,0,7.78198202056046e-006,14300),
(2956,1,2719,NULL,3,372,14300),
(2957,5,2720,NULL,1,159.9,29810),
(2958,1,2721,NULL,0,-1.4452190663338,14300),
(2959,5,2722,NULL,1,2464.88064,29810),
(2960,1,2723,NULL,0,-14.354540726423,14300),
(2961,5,2724,NULL,1,1140.048,29700),
(2962,1,2725,NULL,3,390.6,14300),
(2964,1,2726,NULL,0,-34.386428363609,14300),
(2965,1,2727,NULL,2,409.2,14300),
(2966,1,2728,NULL,0,-1.993919631958,14300),
(2967,1,2729,NULL,1,10.4904,14300),
(2968,1,2730,NULL,0,-76.557585868835,14300),
(2969,1,2731,NULL,1,446.4,14300),
(2970,1,2732,NULL,1,171.895,14300),
(2971,1,2733,NULL,3,465,14300),
(2972,5,2734,NULL,0,0,30470),
(2973,1,2735,NULL,0,-26.718896438122,14300),
(2974,5,2736,NULL,1,10.52128,31400),
(2975,1,2737,NULL,2,483.6,14300),
(2976,1,2738,NULL,1,10.416,14300),
(2977,5,2739,NULL,0,0,30415),
(2978,1,2740,NULL,1,311.178,14300),
(2979,5,2741,NULL,1,3937.43504,30470),
(2980,1,2742,NULL,1,19.53,14300),
(2981,5,2743,NULL,1,3972.5784,30580),
(2982,5,2744,NULL,1,6236.94144,30745),
(2983,5,2745,NULL,1,6298.642,29040),
(2985,7,2747,NULL,1,12.183,85000),
(2986,7,2748,NULL,1,39.1034,85000),
(2987,7,2749,NULL,0,7.3098020238876,85000),
(2988,7,2750,NULL,1,12.648,85000),
(2989,7,2751,NULL,1,43.524,85000),
(2990,7,2752,NULL,1,14.03556,85000),
(2991,1,2753,NULL,1,380.37,14300),
(2992,1,2754,NULL,1,558,14300),
(2993,1,2755,NULL,1,433.008,14000),
(2994,7,2756,NULL,1,10.64676,85000),
(2995,1,2757,NULL,1,595.2,14000),
(2996,1,2758,NULL,1,45.5328,14000),
(2997,7,2759,NULL,0,0,85000),
(2998,7,2760,NULL,0,0,85000),
(2999,1,2761,NULL,0,-451.75676873016,14000),
(3000,1,2762,NULL,1,127.224,14000),
(3001,1,2763,NULL,1,706.8,14000),
(3002,1,2764,NULL,1,488.56,14000),
(3003,7,2765,NULL,1,13.25896,85000),
(3004,1,2766,NULL,1,744,14000),
(3005,1,2767,NULL,1,631.47,14000),
(3006,1,2768,NULL,1,523.776,14000),
(3007,1,2769,NULL,1,817.3832,14000),
(3008,1,2770,NULL,1,809.472,14000),
(3009,1,2771,NULL,1,38.75,14000),
(3010,1,2772,NULL,1,323.175,14000),
(3011,1,2773,NULL,1,127.6704,14000),
(3012,1,2774,NULL,1,49.0482,14000),
(3013,1,2775,NULL,3,236.034,14000),
(3014,1,2776,NULL,1,1004.4,14000),
(3015,1,2777,NULL,1,283.4888,14000),
(3016,1,2778,NULL,1,1041.6,14000),
(3017,1,2779,NULL,1,1062.06,14000),
(3018,1,2780,NULL,1,12.0714,23000),
(3019,7,2781,NULL,1,11.64328,85000),
(3020,7,2782,NULL,1,14.46432,85000),
(3021,7,2783,NULL,0,0,85000),
(3022,7,2784,NULL,1,17.296384,85000),
(3024,7,2786,NULL,0,0,85000),
(3025,7,2787,NULL,0,0,85000),
(3026,1,2788,NULL,5,17.92,15000),
(3027,8,2789,NULL,1,30.63978,60000),
(3029,8,2791,NULL,1,41.23,60000),
(3030,1,2792,NULL,0,0,15000),
(3031,8,2793,NULL,1,37.25301,60000),
(3032,1,2794,NULL,0,0,15000),
(3033,8,2795,NULL,17,500.774,60000),
(3034,8,2796,NULL,1,13.58916,60000),
(3035,1,2797,NULL,0,0,15000),
(3036,1,2798,NULL,0,0,15000),
(3037,1,2799,NULL,20,76.8,15000),
(3038,1,2800,NULL,1,1.6128,15000),
(3039,8,2801,NULL,1,30.40232,60000),
(3040,1,2802,NULL,1,10.89,15000),
(3041,8,2803,NULL,1,46.5062,60000),
(3042,1,2804,NULL,0,0,15000),
(3043,1,2805,NULL,1,11.264,15000),
(3044,8,2806,NULL,2,46.9898,60000),
(3045,1,2807,NULL,1,11.86048,15000),
(3046,1,2808,NULL,1,14.6944,15000),
(3047,8,2809,NULL,3,47.7152,60000),
(3048,1,2810,NULL,1,10.032,15000),
(3049,8,2811,NULL,1,48.1182,60000),
(3050,1,2812,NULL,1,11.88,16000),
(3051,8,2813,NULL,1,48.6018,60000),
(3052,1,2814,NULL,1,85.56,16000),
(3053,1,2815,NULL,0,0,16000),
(3054,8,2816,NULL,3,49.166,60000),
(3055,1,2817,NULL,1,93.48,16000),
(3056,8,2818,NULL,3,50.6168,60000),
(3057,1,2819,NULL,1,61.744,16000),
(3058,1,2820,NULL,1,109.7712,16000),
(3059,2,2821,NULL,1,12.86144,18000),
(3060,2,2822,NULL,1,0.729088,18000),
(3061,8,2823,NULL,0,19.4152754683456,60000),
(3062,2,2824,NULL,1,52.4,18000),
(3063,3,2825,NULL,1,23.47754,20000),
(3064,3,2826,NULL,1,55.40134,20000),
(3065,3,2827,NULL,8,70.68,20000),
(3066,3,2828,NULL,0,12.6480000972748,20000),
(3067,3,2662,NULL,8,59.520000457764,20000),
(3068,3,2829,NULL,1,74.6108,20000),
(3069,3,2664,NULL,9,81.84,20000),
(3070,3,2830,NULL,0,23.4825002408028,20000),
(3071,3,2667,NULL,13,-46.499995708466,20000),
(3072,3,2831,NULL,0,19.4362562325287,20000),
(3073,3,2832,NULL,0,37.6600900505524,20000),
(3074,3,2669,NULL,17,104.16,20000),
(3075,3,2833,NULL,0,24.7640403264999,20000),
(3076,3,2671,NULL,10,78.120001029968,20000),
(3077,3,2673,NULL,6,80.947201171875,20000),
(3078,3,2834,NULL,1,12.2822,20000),
(3079,8,2835,NULL,1,66.4051,60000),
(3081,8,2837,NULL,2,67.27,60000),
(3082,8,2838,NULL,2,70.5374,60000),
(3083,8,2839,NULL,1,72.075,60000),
(3084,8,2840,NULL,1,42.27408,60000),
(3085,8,2841,NULL,1,633.2432,60000),
(3086,8,2842,NULL,1,478.53708,60000),
(3087,8,2843,NULL,1,701.6571,65000),
(3088,8,2844,NULL,1,87.048,60000),
(3089,3,2845,NULL,0,57.2945109490871,20000),
(3090,8,2846,NULL,1,88.3872,60000),
(3091,8,2847,NULL,1,42.4514,60000),
(3092,3,2675,NULL,5,130.2,20000),
(3093,3,2677,NULL,9,87.643201652526,20000),
(3094,8,2848,NULL,1,88.3345,60000),
(3095,3,2849,NULL,0,25.9358405319214,20000),
(3096,8,2850,NULL,0,28.0046257048845,60000),
(3097,3,2678,NULL,6,29.760003662109,20000),
(3098,7,2851,NULL,1,53.38944,60000),
(3099,3,2852,NULL,5,156.24,20000),
(3100,8,2853,NULL,1,81.995,60000),
(3101,8,2854,NULL,1,90.8362,60000),
(3102,8,2855,NULL,2,108.6612,60000),
(3103,3,2856,NULL,0,27.8972107021809,20000),
(3104,8,2857,NULL,1,65.782,60000),
(3105,3,2858,NULL,1,136.989,20000),
(3106,8,2859,NULL,1,93,60000),
(3107,3,2681,NULL,4,167.4,20000),
(3108,8,2860,NULL,1,27.76236,60000),
(3109,8,2861,NULL,2,123.6342,60000),
(3110,8,2862,NULL,2,124.2666,60000),
(3112,8,2863,NULL,0,24.9011849749756,60000),
(3113,8,2864,NULL,1,138.1856,60000),
(3114,3,2865,NULL,0,42.2375012993813,20000),
(3115,8,2866,NULL,0,32.0515214790344,60000),
(3116,3,2683,NULL,3,93.000002861023,20000),
(3117,8,2867,NULL,1,125.7515,60000),
(3118,3,2868,NULL,0,57.5284071630716,20000),
(3120,8,2870,NULL,1,25.8726,60000),
(3122,3,2871,NULL,0,45.041762078476,20000),
(3124,3,2694,NULL,2,89.280004119873,20000),
(3126,8,2874,NULL,1,158.565,60000),
(3127,3,2696,NULL,3,241.8,20000),
(3128,8,2875,NULL,1,110.1492,60000),
(3129,3,2876,NULL,0,10.8066007757187,20000),
(3130,8,2877,NULL,1,136.462,60000),
(3131,3,2697,NULL,2,260.4,20000),
(3132,8,2878,NULL,1,141.7444,60000),
(3133,3,2879,NULL,0,50.801254688501,20000),
(3134,3,2700,NULL,3,279,20000),
(3135,8,2880,NULL,0,3.31312530577183,60000),
(3136,3,2881,NULL,1,40.2752,20000),
(3137,8,2882,NULL,2,150.784,60000),
(3138,3,2702,NULL,3,297.6,20000),
(3139,8,2883,NULL,0,30.146883709717,60000),
(3140,3,2884,NULL,0,12.7665772255659,20000),
(3141,3,2703,NULL,2,316.2,20000),
(3142,8,2885,NULL,1,121.18086,60000),
(3143,3,2886,NULL,1,28.458,20000),
(3144,8,2887,NULL,1,189.8316,60000),
(3145,3,2708,NULL,2,334.8,20000),
(3146,8,2888,NULL,0,14.7823525769711,60000),
(3147,3,2889,NULL,1,239.8997,20000),
(3148,3,2890,NULL,2,353.4,20000),
(3149,3,2891,NULL,1,141.236,20000),
(3150,3,2719,NULL,2,372,20000),
(3151,8,2892,NULL,1,131.967,60000),
(3152,3,2725,NULL,2,-19.529987382892,20000),
(3153,8,2893,NULL,1,140.55152,60000),
(3154,3,2894,NULL,1,391.2634,20000),
(3155,8,2895,NULL,0,14.530324023056,60000),
(3156,3,2727,NULL,2,409.2,20000),
(3157,3,2896,NULL,1,6.3457,20000),
(3158,8,2897,NULL,1,146.9741,60000),
(3159,3,2898,NULL,1,30.5877,20000),
(3160,8,2899,NULL,1,168.9779,60000),
(3161,8,2900,NULL,1,57.4864,60000),
(3162,3,2901,NULL,1,252.0455,20000),
(3163,3,2902,NULL,1,359.352,20000),
(3164,8,2903,NULL,1,205.26836,60000),
(3165,3,2904,NULL,2,429.939,20000),
(3166,8,2905,NULL,1,211.0294,60000),
(3167,3,2906,NULL,0,-2.7974394836426,20000),
(3168,3,2907,NULL,0,-27.379194946289,20000),
(3169,8,2908,NULL,1,108.3915,60000),
(3170,3,2909,NULL,1,286.2912,20000),
(3171,8,2910,NULL,1,213.96138,60000),
(3172,3,2731,NULL,2,446.4,20000),
(3173,8,2911,NULL,0,-56.352763411052,60000),
(3174,3,2912,NULL,0,-52.349693021297,20000),
(3175,3,2737,NULL,1,483.6,20000),
(3176,8,2913,NULL,1,246.0966,60000),
(3177,3,2914,NULL,0,-20.2417578205109,20000),
(3178,3,2915,NULL,0,-225.679975700378,20000),
(3179,8,2916,NULL,1,15.5496,60000),
(3180,3,2917,NULL,0,-37.013996583939,20000),
(3181,3,2754,NULL,1,558,20000),
(3182,3,2918,NULL,0,-45.532796264648,20000),
(3183,8,2919,NULL,0,-67.056003297621,60000),
(3184,3,2757,NULL,0,-357.119970703125,20000),
(3185,3,2920,NULL,0,-40.062537006855,20000),
(3186,3,2921,NULL,1,632.4,20000),
(3187,3,2922,NULL,0,-173.64958798027,20000),
(3188,3,2763,NULL,0,-636.11995868683,20000),
(3189,3,2923,NULL,1,3.596,20000),
(3190,3,2924,NULL,0,-102.919993667603,20000),
(3191,3,2925,NULL,0,-347.006230784655,30000),
(3192,3,2926,NULL,1,437.782,30000),
(3193,3,2927,NULL,1,734.3993,30000),
(3194,3,2928,NULL,1,7.75,30000),
(3195,3,2929,NULL,1,887.375,30000),
(3196,3,2930,NULL,1,32.0788,30000),
(3197,3,2931,NULL,1,301.32,30000),
(3198,3,2778,NULL,1,1041.6,30000),
(3199,3,2932,NULL,1,158.25376,30000),
(3200,8,2933,NULL,1,346.95572,60000),
(3201,8,2934,NULL,0,-177.068687222736,60000),
(3202,8,2935,NULL,1,219.9915,60000),
(3203,8,2936,NULL,1,392.6832,60000),
(3204,8,2937,NULL,1,427.3536,60000),
(3205,8,2938,NULL,1,276.65516,60000),
(3206,8,2939,NULL,1,389.45672,65000),
(3207,8,2940,NULL,0,-492.847520410481,65000),
(3208,4,2941,NULL,1,57.288,35000),
(3209,8,2942,NULL,1,594.0592,65000),
(3210,4,2664,NULL,1,81.84,35000),
(3211,8,2943,NULL,1,489.1304,65000),
(3212,4,2944,NULL,1,20.0725,35000),
(3213,4,2945,NULL,0,25.3184754194021,35000),
(3214,7,2946,NULL,1,622.6164,65000),
(3215,4,2947,NULL,0,81.8795263563395,35000),
(3216,4,2948,NULL,0,49.7945268722772,35000),
(3217,8,2949,NULL,1,551.15892,65000),
(3218,4,2950,NULL,1,179.025,35000),
(3219,4,2951,NULL,0,69.982506458759,35000),
(3220,4,2952,NULL,1,19.7625,35000),
(3222,4,2954,NULL,2,317.254,35000),
(3223,4,2955,NULL,1,30.5691,35000),
(3224,8,2956,NULL,0,2.04000000000001,60000),
(3225,4,2957,NULL,1,355.167,35000),
(3226,8,2958,NULL,1,79.20528,60000),
(3227,4,2959,NULL,0,5.64575199035744e-007,35000),
(3228,4,2960,NULL,0,-0.553349642515199,35000),
(3229,8,2961,NULL,0,-0.2272,60000),
(3230,4,2962,NULL,0,-15.6565398852831,35000),
(3231,4,2963,NULL,0,-29.999467924476,35000),
(3232,8,2964,NULL,2,47.9056,60000),
(3233,4,2965,NULL,0,-3.6902393188477,35000),
(3234,8,2966,NULL,1,48.12048,60000),
(3235,4,2967,NULL,0,-17.1468723624945,35000),
(3236,4,2968,NULL,1,121.52,45000),
(3237,8,2969,NULL,1,48.4744,60000),
(3238,4,2970,NULL,2,15.283,45000),
(3239,8,2971,NULL,0,0,60000),
(3240,4,2972,NULL,1,161.0636,45000),
(3241,8,2973,NULL,0,0,60000),
(3242,8,2974,NULL,1,289.38,60000),
(3243,8,2975,NULL,0,0,60000),
(3244,8,2976,NULL,1,299,60000),
(3245,8,2977,NULL,1,408.72,60000),
(3246,8,2978,NULL,0,-0.15344,60000),
(3247,8,2979,NULL,0,-0.475895999999999,60000),
(3248,4,2980,NULL,0,-78.041876709938,45000),
(3249,8,2981,NULL,0,-0.303552,60000),
(3250,4,2982,NULL,1,29.5926,45000),
(3251,4,2983,NULL,1,150.629,45000),
(3252,7,2984,NULL,1,412.65,60000),
(3253,5,2985,NULL,0,0,26700),
(3254,5,2986,NULL,1,14.603328,31400),
(3255,5,2987,NULL,0,-6.42719999999997,27100),
(3256,5,2988,NULL,1,3.663792,31400),
(3257,5,2989,NULL,1,9.61,31400),
(3258,5,2990,NULL,1,1035.216,27000),
(3259,5,2991,NULL,0,0,26700),
(3260,5,2992,NULL,0,0,26700),
(3261,5,2993,NULL,0,-0.989395200000018,27000),
(3262,5,2994,NULL,0,-8.11756800000012,27000),
(3263,5,2995,NULL,1,9.568,31400),
(3264,5,2996,NULL,0,-6.44727999999987,27000),
(3265,5,2997,NULL,0,14.7420000000002,26900),
(3266,5,2998,NULL,0,-9.1625039999999,27000),
(3267,5,2999,NULL,0,0,31400),
(3268,5,3000,NULL,0,-0.457113600000014,27700),
(3269,5,3001,NULL,1,1319.692032,27700),
(3270,5,3002,NULL,0,0,27000),
(3271,8,3003,NULL,1,447.678,60000),
(3272,8,3004,NULL,1,21.724752,60000),
(3273,8,3005,NULL,0,0,60000),
(3274,8,3006,NULL,1,513.812,60000),
(3275,8,3007,NULL,1,557.6,60000),
(3276,8,3008,NULL,0,-0.104448,60000),
(3277,8,3009,NULL,0,-4.84800000000001,60000),
(3278,1,3010,NULL,1,1.8941,14300),
(3279,1,3011,NULL,1,0.6448,14300),
(3280,8,3012,NULL,1,768.38,60000),
(3281,1,3013,NULL,1,0.78368,14300),
(3282,1,3014,NULL,1,1.01184,14300),
(3283,8,3015,NULL,1,795.16,60000),
(3284,8,3016,NULL,0,0,60000),
(3285,1,3017,NULL,1,1.02176,14300),
(3286,8,3018,NULL,0,0,60000),
(3287,1,3019,NULL,2,1.07136,14300),
(3288,8,3020,NULL,1,34.6368,60000),
(3289,1,3021,NULL,1,1.0912,14300),
(3290,1,3022,NULL,1,3.0256,14300),
(3291,7,3023,NULL,1,25.29736,60000),
(3292,1,3024,NULL,1,0.6076,14300),
(3293,8,3025,NULL,1,1342.464,60000),
(3294,1,3026,NULL,1,0.6572,14300),
(3295,1,3027,NULL,1,3.472,14300),
(3296,8,3028,NULL,2,242.4,60000),
(3297,1,3029,NULL,1,4.3152,14300),
(3298,1,3030,NULL,1,4.588,14300),
(3299,7,3031,NULL,1,318.352,60000),
(3300,1,3032,NULL,1,1.35036,14300),
(3301,8,3033,NULL,1,1693.02,60000),
(3302,1,3034,NULL,1,1.364,14300),
(3303,8,3035,NULL,0,0,60000),
(3304,1,3036,NULL,1,1.5004,14300),
(3305,1,3037,NULL,1,1.5686,14300),
(3306,8,3038,NULL,1,2235.516,60000),
(3307,1,3039,NULL,1,3.8192,14300),
(3308,1,3040,NULL,1,0.6665,14300),
(3309,1,3041,NULL,1,0.713,14300),
(3310,9,3042,NULL,1,45.64378,70000),
(3311,1,3043,NULL,1,1.085,14300),
(3312,1,3044,NULL,1,1.2555,14300),
(3313,9,3045,NULL,1,167.26794,70000),
(3314,1,3046,NULL,1,1.3485,14300),
(3315,1,3047,NULL,1,1.519,14300),
(3316,9,3048,NULL,2,5.5304,70000),
(3317,1,3049,NULL,1,1.86,14300),
(3318,9,3050,NULL,2,6.2217,70000),
(3319,1,3051,NULL,1,2.325,14300),
(3320,9,3052,NULL,1,7.6043,70000),
(3321,1,3053,NULL,1,11.5165,14300),
(3322,9,3054,NULL,1,113.51146,70000),
(3323,1,3055,NULL,1,3.0225,14300),
(3324,9,3056,NULL,1,161.2062,70000),
(3325,1,3057,NULL,1,11.594,14300),
(3326,9,3058,NULL,1,227.63176,70000),
(3327,1,3059,NULL,2,11.6405,14300),
(3328,1,3060,NULL,1,11.7955,14300),
(3329,9,3061,NULL,1,269.85748,70000),
(3330,1,3062,NULL,1,11.811,14300),
(3331,10,3063,NULL,1,44.10432,70000),
(3332,10,3064,NULL,1,93.744,70000),
(3333,1,3065,NULL,2,11.8575,14300),
(3334,10,3066,NULL,1,93.93,70000),
(3335,1,3067,NULL,1,0.868,14300),
(3336,1,3068,NULL,1,4.5136,14300),
(3337,10,3069,NULL,1,187.9995,70000),
(3338,1,3070,NULL,1,8.1592,14300),
(3339,1,3071,NULL,1,10.416,14300),
(3340,1,3072,NULL,2,0.2604,14300),
(3341,1,3073,NULL,2,0.279,14300),
(3342,1,3074,NULL,1,0.4092,14300),
(3343,14,3075,NULL,9,-46.08,30000),
(3344,1,3076,NULL,1,0.558,14300),
(3345,1,3077,NULL,1,0.744,14300),
(3346,1,3078,NULL,1,0.7626,14300),
(3347,14,3079,NULL,1,228.096,30000),
(3348,1,3080,NULL,1,0.93,14300),
(3349,13,3081,NULL,1,285.12,30000),
(3350,1,3082,NULL,2,0.9672,14300),
(3351,13,3083,NULL,1,187.2,30000),
(3352,14,3084,NULL,1,26.568,30000),
(3353,1,3085,NULL,2,0.9858,14300),
(3354,14,3086,NULL,1,31.10068416,30000),
(3355,14,3087,NULL,1,34.6399872,30000),
(3356,1,3088,NULL,4,1.023,14300),
(3357,14,3089,NULL,1,34.6342464,30000),
(3358,14,3090,NULL,1,2.736,30000),
(3359,15,3091,NULL,1,540,40000),
(3360,15,3092,NULL,1,360,40000),
(3361,1,3093,NULL,2,1.3578,14300),
(3362,1,3094,NULL,1,1.395,14300),
(3363,1,3095,NULL,1,1.9902,14300),
(3364,3,3096,NULL,1,2.9295,20000),
(3365,3,3097,NULL,0,2.00291003317833,20000),
(3366,1,3098,NULL,1,2.0088,14300),
(3367,1,3099,NULL,1,2.1576,14300),
(3368,3,3100,NULL,1,3.1899,20000),
(3369,1,3101,NULL,2,2.79,14300),
(3370,1,3102,NULL,1,3.1806,14300),
(3371,1,3103,NULL,1,3.441,14300),
(3372,3,3104,NULL,1,3.2116,20000),
(3373,1,3105,NULL,1,3.534,14300),
(3374,3,3106,NULL,1,4.0145,20000),
(3375,1,3107,NULL,1,4.185,14300),
(3376,3,3108,NULL,1,4.4051,20000),
(3377,1,3109,NULL,1,4.16640005493164,14300),
(3378,3,3110,NULL,1,4.8391,20000),
(3379,1,3111,NULL,1,9.7464,14300),
(3380,3,3112,NULL,1,5.0344,20000),
(3381,1,3113,NULL,1,11.0112,14300),
(3382,1,3114,NULL,2,13.764,14300),
(3383,3,3115,NULL,1,5.0995,20000),
(3384,1,3116,NULL,1,13.857,14300),
(3385,3,3117,NULL,1,5.1212,20000),
(3386,1,3118,NULL,1,13.8942,14300),
(3387,3,3119,NULL,1,5.7505,20000),
(3388,1,3120,NULL,0,9.76500012874603,14300),
(3389,2,3121,NULL,1,5.9675,20000),
(3391,3,3123,NULL,1,6.1845,20000),
(3393,3,3125,NULL,2,6.2279,20000),
(3394,1,3126,NULL,1,1.44832,14300),
(3395,1,3127,NULL,1,2.07328,14300),
(3396,1,3128,NULL,1,1.8848,14300),
(3397,3,3129,NULL,1,6.8324,20000),
(3398,1,3130,NULL,1,2.02368,14300),
(3399,3,3131,NULL,1,6.9502,20000),
(3400,1,3132,NULL,1,0.6076,14300),
(3402,3,3134,NULL,1,0.62,20000),
(3403,3,3135,NULL,1,0.9424,20000),
(3404,3,3136,NULL,1,2.232,20000),
(3405,1,3137,NULL,2,0.651,14300),
(3406,3,3138,NULL,1,2.4552,20000),
(3408,3,3140,NULL,1,2.6288,20000),
(3409,1,3141,NULL,1,0.8246,14300),
(3410,3,3142,NULL,1,2.8272,20000),
(3411,1,3143,NULL,4,0.868,14300),
(3413,1,3145,NULL,1,0.9114,14300),
(3414,3,3146,NULL,0,3.24384006652832,20000),
(3415,1,3147,NULL,1,1.085,14300),
(3416,3,3148,NULL,1,6.0264,20000),
(3417,1,3149,NULL,2,1.2586,14300),
(3418,3,3150,NULL,1,0.6975,20000),
(3419,1,3151,NULL,1,1.302,14300),
(3421,1,3153,NULL,1,1.3454,14300),
(3422,3,3154,NULL,0,10.9716752761602,20000),
(3423,1,3155,NULL,1,1.8445,14300),
(3424,3,3156,NULL,1,0.527,20000),
(3425,1,3157,NULL,2,2.17,14300),
(3426,3,3158,NULL,1,0.713,20000),
(3427,1,3159,NULL,0,0.67704004859924,14300),
(3428,3,3160,NULL,1,1.116,20000),
(3429,1,3161,NULL,1,2.4521,14300),
(3430,3,3162,NULL,1,1.736,20000),
(3431,1,3163,NULL,0,1.96059503247738,14300),
(3432,3,3164,NULL,1,2.976,20000),
(3433,1,3165,NULL,0,3.2864650544405,14300),
(3434,1,3166,NULL,1,1.767,14300),
(3435,3,3167,NULL,1,0.93,20000),
(3436,1,3168,NULL,1,8.81144,14300),
(3437,3,3169,NULL,1,0.4092,20000),
(3438,1,3170,NULL,1,8.85856,14300),
(3439,3,3171,NULL,1,1.3764,20000),
(3440,1,3172,NULL,1,0.496,14300),
(3441,3,3173,NULL,1,2.79,20000),
(3442,1,3174,NULL,1,0.5456,14300),
(3443,1,3134,NULL,1,0.62,14300),
(3444,3,3175,NULL,1,1.2493,20000),
(3445,1,3176,NULL,1,0.744,14300),
(3446,3,3177,NULL,1,2.3374,20000),
(3447,1,3135,NULL,1,0.9424,14300),
(3448,3,3178,NULL,1,7.0525,20000),
(3449,3,3179,NULL,1,9.0675,20000),
(3450,3,3180,NULL,1,1.085,20000),
(3451,3,3181,NULL,1,1.8662,20000),
(3452,3,3182,NULL,1,4.557,20000),
(3453,3,3183,NULL,1,2.728,20000),
(3454,3,3184,NULL,1,5.8528,20000),
(3456,3,3186,NULL,1,1.1067,20000),
(3457,3,3187,NULL,1,2.108,20000),
(3458,1,3188,NULL,1,0.992,14300),
(3459,3,3189,NULL,1,0.9486,20000),
(3460,3,3190,NULL,0,0.68634019002914,20000),
(3461,1,3191,NULL,1,1.0168,14300),
(3462,1,3192,NULL,1,1.5872,14300),
(3463,1,3193,NULL,1,2.0336,14300),
(3464,3,3194,NULL,1,1.6492,20000),
(3465,1,3195,NULL,1,2.108,14300),
(3466,3,3196,NULL,1,0.8866,20000),
(3467,1,3197,NULL,1,2.3064,14300),
(3468,3,3198,NULL,1,4.6128,20000),
(3469,1,3199,NULL,1,2.356,14300),
(3470,3,3200,NULL,1,1.6926,20000),
(3471,1,3201,NULL,1,3.0256,14300),
(3472,3,3202,NULL,1,1.2152,20000),
(3473,3,3203,NULL,1,4.185,20000),
(3474,3,3204,NULL,1,2.1824,20000),
(3475,1,3205,NULL,1,10.1928,14300),
(3476,1,3206,NULL,0,6.05616012420654,14300),
(3477,3,3207,NULL,0,-2.65607980155945,20000),
(3478,1,3208,NULL,1,13.764,14300),
(3479,3,3209,NULL,1,3.72,30000),
(3480,1,3210,NULL,1,16.7152,14300),
(3481,1,3211,NULL,0,10.6094402175903,14300),
(3482,4,3212,NULL,1,0.77376,35000),
(3483,1,3213,NULL,2,0.6138,14300),
(3484,4,3214,NULL,1,0.82336,35000),
(3485,4,3021,NULL,1,1.0912,35000),
(3486,4,3215,NULL,1,3.3573,35000),
(3487,4,3216,NULL,1,6.52612,35000),
(3488,4,3217,NULL,1,0.8928,35000),
(3489,4,3218,NULL,1,1.2648,35000),
(3490,1,3219,NULL,0,0.506385012745857,14300),
(3491,1,3220,NULL,1,1.116,14300),
(3492,1,3221,NULL,0,0.813285020470619,14300),
(3493,4,3222,NULL,1,1.6492,35000),
(3494,1,3223,NULL,0,0.905355022788048,14300),
(3495,1,3224,NULL,0,1.288980032444,14300),
(3496,1,3225,NULL,0,1.30432503283024,14300),
(3497,1,3226,NULL,0,1.82605504596233,14300),
(3498,1,3227,NULL,1,1.054,14300),
(3499,4,3228,NULL,1,2.8892,35000),
(3500,1,3229,NULL,1,1.581,14300),
(3501,4,3230,NULL,1,3.41,35000),
(3502,1,3231,NULL,1,1.674,14300),
(3503,4,3232,NULL,0,4.61280003547668,35000),
(3504,1,3233,NULL,0,5.99850018453598,14300),
(3505,1,3234,NULL,1,1.364,14300),
(3506,1,3235,NULL,1,4.0238,14300),
(3507,4,3236,NULL,1,4.48756,35000),
(3508,1,3237,NULL,0,-1.44072482979298,14300),
(3509,4,3238,NULL,1,0.3813,35000),
(3510,1,3239,NULL,0,4.52677517020702,14300),
(3511,1,3240,NULL,1,0.8184,14300),
(3512,4,3241,NULL,1,0.594828,35000),
(3513,1,3242,NULL,1,1.116,14300),
(3514,1,3243,NULL,2,1.488,14300),
(3515,1,3244,NULL,1,1.7484,14300),
(3516,1,3245,NULL,1,1.86,14300),
(3518,4,3247,NULL,1,0.7626,35000),
(3519,1,3248,NULL,1,1.9716,14300),
(3520,4,3249,NULL,1,1.128648,35000),
(3521,1,3173,NULL,1,2.79,14300),
(3523,1,3250,NULL,1,4.65,14300),
(3524,1,3251,NULL,1,4.7244,14300),
(3525,1,3252,NULL,1,0.7812,14300),
(3526,1,3180,NULL,1,1.085,14300),
(3527,1,3253,NULL,1,1.519,14300),
(3528,1,3254,NULL,1,6.0915,14300),
(3529,1,3255,NULL,1,6.5565,14300),
(3530,1,3256,NULL,1,0.992,14300),
(3531,1,3257,NULL,0,2.28160028076172,14300),
(3532,1,3258,NULL,1,0.6324,14300),
(3534,1,3260,NULL,1,1.395,14300),
(3536,1,3262,NULL,1,1.984,14300),
(3537,1,3263,NULL,2,3.41,14300),
(3538,1,3264,NULL,1,4.96,14300),
(3540,1,3266,NULL,1,5.27,14300),
(3541,4,3267,NULL,1,1.75398,35000),
(3542,1,3268,NULL,2,6.82,14300),
(3543,4,3040,NULL,1,0.6665,35000),
(3545,4,3077,NULL,1,0.744,35000),
(3547,4,3271,NULL,1,0.7812,35000),
(3548,1,3272,NULL,1,3.3728,14000),
(3549,4,3273,NULL,1,0.837,35000),
(3550,1,3274,NULL,1,3.0628,14000),
(3552,1,3275,NULL,1,0.41856,15000),
(3553,4,3276,NULL,1,0.9486,35000),
(3554,4,3277,NULL,1,1.0788,35000),
(3555,1,3278,NULL,1,1.101,15000),
(3556,4,3279,NULL,1,1.6926,35000),
(3558,1,3281,NULL,1,7.081,14300),
(3559,4,3282,NULL,0,3.54144004669189,35000),
(3560,4,3283,NULL,1,5.394,35000),
(3561,1,3284,NULL,1,1.4904,15000),
(3563,1,3286,NULL,1,0.5148,15000),
(3564,4,3287,NULL,1,0.9548,35000),
(3565,4,3288,NULL,1,1.4322,35000),
(3566,4,3155,NULL,1,1.8445,35000),
(3567,1,3289,NULL,1,0.632448,15000),
(3568,4,3290,NULL,1,4.5787,35000),
(3569,4,3291,NULL,0,11.12884518435,35000),
(3570,1,3292,NULL,1,0.500136,15000),
(3572,1,3294,NULL,1,0.53704,15000),
(3573,4,3295,NULL,1,2.42668,35000),
(3574,1,3296,NULL,1,0.61376,15000),
(3575,4,3297,NULL,1,6.90308,35000),
(3576,4,3298,NULL,1,0.3472,35000),
(3577,1,3299,NULL,1,1.792,15000),
(3578,4,3300,NULL,1,0.5952,35000),
(3579,1,3301,NULL,1,0.17632,15000),
(3581,1,3302,NULL,1,0.198528,15000),
(3582,4,3303,NULL,1,1.612,35000),
(3583,1,3304,NULL,1,0.372736,15000),
(3585,1,3306,NULL,1,1.28,15000),
(3586,4,3307,NULL,1,2.0584,35000),
(3587,4,3213,NULL,1,0.6138,35000),
(3588,1,3308,NULL,1,1.48512,15000),
(3589,4,3309,NULL,1,1.1439,35000),
(3590,1,3310,NULL,2,0.8208,15000),
(3591,4,3311,NULL,2,1.78001998300552,35000),
(3592,1,3312,NULL,1,3.90336,15000),
(3593,4,3313,NULL,1,1.9809,35000),
(3594,1,3314,NULL,1,8.22528,15000),
(3596,4,3316,NULL,0,3.06900007724762,35000),
(3597,1,3317,NULL,1,0.22464,15000),
(3599,1,3319,NULL,1,0.756,15000),
(3601,4,3252,NULL,1,0.7812,35000),
(3602,1,3321,NULL,1,0.29376,15000),
(3603,4,3322,NULL,2,1.2586,35000),
(3604,1,3323,NULL,1,0.25092,15000),
(3605,1,3324,NULL,1,0.6426,15000),
(3607,1,3326,NULL,1,4.230144,15000),
(3609,4,3328,NULL,1,0.558,35000),
(3610,4,3329,NULL,1,0.93,35000),
(3611,4,3330,NULL,1,0.9765,35000),
(3612,4,3331,NULL,2,1.488,35000),
(3613,4,3332,NULL,1,2.139,35000),
(3614,4,3333,NULL,1,0.6448,35000),
(3615,4,3334,NULL,1,2.0336,35000),
(3616,4,3186,NULL,1,1.1067,35000),
(3617,4,3335,NULL,1,1.3702,35000),
(3618,1,3336,NULL,1,9.34416,15000),
(3619,4,3337,NULL,1,2.0615,35000),
(3620,4,3338,NULL,1,2.2382,35000),
(3621,1,3339,NULL,1,0.132,15000),
(3622,4,3340,NULL,1,0.93,35000),
(3623,1,3341,NULL,1,0.64256,15000),
(3624,4,3342,NULL,1,1.6275,35000),
(3625,1,3343,NULL,4,0.1672,15000),
(3626,4,3344,NULL,0,-0.42779989910126,35000),
(3627,1,3345,NULL,1,0.2808,15000),
(3628,1,3346,NULL,1,0.25856,15000),
(3629,4,3347,NULL,1,1.6864,45000),
(3630,1,3348,NULL,1,0.77216,15000),
(3631,4,3349,NULL,1,2.0832,45000),
(3632,1,3350,NULL,1,0.4352,15000),
(3633,1,3351,NULL,1,1.376,15000),
(3634,4,3352,NULL,1,10.912,45000),
(3635,1,3353,NULL,1,0.448,15000),
(3636,4,3354,NULL,1,1.395,45000),
(3637,1,3355,NULL,1,1.056,15000),
(3638,4,3356,NULL,1,4.991,45000),
(3639,1,3357,NULL,1,0.36,15000),
(3640,4,3358,NULL,1,9.38556,45000),
(3641,1,3359,NULL,1,0.54096,15000),
(3642,5,3360,NULL,1,0.93,31400),
(3643,1,3361,NULL,1,0.84,15000),
(3644,1,3362,NULL,1,0.8492,15000),
(3645,5,3363,NULL,1,2.976,31400),
(3646,1,3364,NULL,1,0.6696,15000),
(3647,5,3365,NULL,1,2.19072,31400),
(3648,1,3366,NULL,1,4.23,15000),
(3649,5,3367,NULL,1,1.45656,31400),
(3650,1,3368,NULL,1,4.60864,15000),
(3651,5,3369,NULL,1,0.31616,31400),
(3652,1,3370,NULL,2,0.864,15000),
(3653,5,3371,NULL,1,0.17248,31400),
(3654,1,3372,NULL,1,0.68,15000),
(3656,5,3374,NULL,1,0.35168,31400),
(3657,1,3375,NULL,1,3.31296,15000),
(3658,5,3376,NULL,1,0.608256,31400),
(3659,5,3377,NULL,1,0.64288,31400),
(3660,5,3378,NULL,1,0.58752,31400),
(3661,5,3379,NULL,1,0.5888,31400),
(3662,1,3380,NULL,1,2.46,15000),
(3663,1,3381,NULL,1,5.145504,15000),
(3664,1,3382,NULL,1,0.4356,15000),
(3665,5,3383,NULL,1,0.479808,31400),
(3666,5,3384,NULL,1,0.798912,31400),
(3667,5,3385,NULL,1,0.2184,31400),
(3668,1,3386,NULL,1,0.512512,15000),
(3669,5,3387,NULL,1,0.21328,31400),
(3670,5,3388,NULL,1,0.5076,31400),
(3671,1,3389,NULL,1,0.5852,15000),
(3672,5,3390,NULL,1,0.4464,31400),
(3673,1,3391,NULL,1,0.68552,15000),
(3674,5,3392,NULL,1,0.752,31400),
(3675,1,3393,NULL,1,0.85272,15000),
(3676,5,3394,NULL,1,0.72912,31400),
(3677,1,3395,NULL,1,0.81312,15000),
(3678,5,3396,NULL,1,0.6808,31400),
(3680,5,3398,NULL,1,1.56464,31400),
(3681,1,3399,NULL,1,1.32132,15000),
(3682,1,3400,NULL,1,1.34068,15000),
(3683,5,3401,NULL,1,0.31008,31400),
(3684,5,3402,NULL,1,0.134112,31400),
(3685,1,3403,NULL,1,0.73656,15000),
(3686,5,3404,NULL,1,0.1848,31400),
(3687,1,3405,NULL,1,0.716496,15000),
(3688,1,3406,NULL,1,0.9042,15000),
(3689,5,3407,NULL,1,0.23936,31400),
(3690,1,3408,NULL,1,1.9602,15000),
(3691,1,3409,NULL,1,0.96448,15000),
(3692,5,3410,NULL,2,0.2992,31400),
(3693,5,3411,NULL,1,0.407264,31400),
(3694,4,3412,NULL,1,0.183744,31400),
(3695,1,3413,NULL,1,1.112496,15000),
(3696,5,3414,NULL,1,0.472032,31400),
(3697,1,3415,NULL,1,2.197272,15000),
(3699,1,3417,NULL,1,2.44816,15000),
(3700,5,3418,NULL,1,1.2496,31400),
(3701,1,3419,NULL,1,6.982008,15000),
(3703,1,3421,NULL,1,3.96,15000),
(3705,1,3422,NULL,1,0.23664,15000),
(3706,5,3423,NULL,1,0.56544,31400),
(3707,1,3424,NULL,1,0.43008,15000),
(3709,5,3426,NULL,1,0.562464,31400),
(3710,1,3427,NULL,1,0.4344,15000),
(3711,5,3428,NULL,1,0.417792,31400),
(3712,1,3429,NULL,1,0.3912,15000),
(3713,5,3430,NULL,1,0.54912,31400),
(3714,1,3431,NULL,1,0.389376,15000),
(3715,5,3432,NULL,1,0.33024,31400),
(3716,1,3433,NULL,2,0.52224,15000),
(3717,1,3434,NULL,1,0.2112,15000),
(3718,1,3435,NULL,1,0.22272,15000),
(3720,5,3436,NULL,1,0.536448,31400),
(3722,5,3438,NULL,1,0.39744,31400),
(3723,1,3439,NULL,1,0.404544,15000),
(3724,5,3440,NULL,1,0.8064,31400),
(3725,5,3441,NULL,1,0.713952,31400),
(3726,1,3442,NULL,1,1.03776,15000),
(3728,5,3444,NULL,1,0.86688,31400),
(3729,5,3445,NULL,1,1.367808,31400),
(3730,5,3446,NULL,1,0.55432,31400),
(3731,5,3447,NULL,2,0.423072,31400),
(3732,1,3448,NULL,1,0.387072,15000),
(3733,5,3449,NULL,1,0.76752,31400),
(3734,1,3450,NULL,1,0.5328,15000),
(3735,5,3451,NULL,1,0.35776,31400),
(3736,1,3452,NULL,1,0.6624,15000),
(3737,5,3453,NULL,1,0.65052,31400),
(3738,1,3454,NULL,1,0.6576,15000),
(3739,5,3455,NULL,1,0.81744,31400),
(3740,1,3456,NULL,1,1.8154656,15000),
(3741,5,3457,NULL,1,0.63648,31400),
(3742,1,3458,NULL,2,0.7128,15000),
(3743,5,3459,NULL,1,1.2168,31400),
(3744,1,3460,NULL,1,0.333312,15000),
(3745,1,3461,NULL,1,0.8424,15000),
(3746,1,3462,NULL,1,0.541824,15000),
(3747,5,3463,NULL,2,0.53312,31400),
(3748,1,3464,NULL,1,2.352,15000),
(3749,5,3465,NULL,1,0.549472,31400),
(3750,1,3466,NULL,1,2.9664,15000),
(3751,5,3467,NULL,1,0.959616,31400),
(3752,1,3468,NULL,1,1.0368,15000),
(3753,1,3469,NULL,1,0.87312,15000),
(3754,1,3470,NULL,0,0,15000),
(3755,1,3471,NULL,1,0.2808,15000),
(3756,5,3472,NULL,1,0.4508,31400),
(3757,1,3473,NULL,1,1.319864,15000),
(3758,5,3474,NULL,1,0.606144,31400),
(3759,1,3475,NULL,1,2.132,15000),
(3760,5,3476,NULL,1,0.545664,31400),
(3761,1,3477,NULL,1,0.876096,15000),
(3762,1,3478,NULL,1,0.78624,15000),
(3764,1,3480,NULL,4,1.082848,15000),
(3765,1,3481,NULL,1,1.3104,15000),
(3766,5,3482,NULL,1,0.14484,31400),
(3767,1,3483,NULL,1,1.278784,15000),
(3768,1,3484,NULL,1,0.203728,15000),
(3769,1,3485,NULL,1,0.52808,15000),
(3770,5,3486,NULL,1,0.94176,31400),
(3771,1,3487,NULL,1,0.448448,15000),
(3772,5,3488,NULL,1,0.792,31400),
(3773,1,3489,NULL,1,0.50176,15000),
(3774,1,3490,NULL,1,0.924,15000),
(3775,5,3491,NULL,1,1.44576,31400),
(3776,1,3492,NULL,1,0.93072,15000),
(3777,1,3493,NULL,1,0.8288,15000),
(3778,1,3494,NULL,1,0.62272,15000),
(3779,1,3495,NULL,1,0.69552,15000),
(3780,5,3496,NULL,1,0.27,31400),
(3781,1,3497,NULL,1,1.7192,15000),
(3782,5,3498,NULL,1,0.756,31400),
(3783,1,3499,NULL,2,1.708,15000),
(3784,5,3500,NULL,1,0.3948,31400),
(3785,1,3501,NULL,1,1.956864,15000),
(3786,1,3502,NULL,1,0.85176,15000),
(3787,5,3503,NULL,1,0.48564,31400),
(3788,1,3504,NULL,1,0.97216,15000),
(3789,1,3505,NULL,1,1.99136,15000),
(3790,1,3506,NULL,1,1.68,15000),
(3791,1,3507,NULL,1,1.134,15000),
(3792,5,3508,NULL,1,1.4934,31400),
(3793,5,3509,NULL,1,2.17152,31400),
(3794,5,3510,NULL,1,2.4624,31400),
(3796,5,3512,NULL,1,4.74192,31400),
(3797,1,3513,NULL,1,1.72368,15000),
(3798,5,3514,NULL,1,0.285696,31400),
(3799,1,3515,NULL,1,0.7776,15000),
(3800,1,3516,NULL,1,0.4182,15000),
(3801,5,3517,NULL,1,0.68352,31400),
(3802,5,3518,NULL,1,0.17408,31400),
(3803,1,3519,NULL,1,0.702,15000),
(3804,5,3520,NULL,1,0.359936,31400),
(3805,1,3521,NULL,1,1.068,15000),
(3806,5,3522,NULL,1,0.70848,31400),
(3807,5,3523,NULL,1,0.4608,31400),
(3808,1,3524,NULL,1,0.57888,15000),
(3809,5,3525,NULL,1,1.482752,31400),
(3810,1,3526,NULL,1,1.11,15000),
(3811,5,3527,NULL,1,0.518976,31400),
(3812,1,3528,NULL,1,0.51168,15000),
(3813,5,3529,NULL,1,0.294032,31400),
(3814,1,3530,NULL,1,0.72576,15000),
(3815,5,3531,NULL,1,0.235008,31400),
(3816,1,3532,NULL,1,0.168,15000),
(3817,5,3533,NULL,1,0.510136,31400),
(3818,1,3534,NULL,1,0.5568,15000),
(3819,5,3535,NULL,1,1.302744,31400),
(3820,1,3536,NULL,1,0.918,15000),
(3821,1,3537,NULL,1,1.818,15000),
(3822,5,3538,NULL,1,0.68544,31400),
(3823,5,3539,NULL,1,0.430848,31400),
(3824,5,3540,NULL,1,0.34272,31400),
(3825,1,3541,NULL,1,0.8364,15000),
(3826,5,3542,NULL,1,1.81696,31400),
(3827,1,3543,NULL,1,2.142,15000),
(3828,5,3544,NULL,1,3.89912,31400),
(3829,1,3545,NULL,1,0.6912,15000),
(3830,5,3546,NULL,1,1.17096,31400),
(3831,1,3547,NULL,1,0.6528,15000),
(3832,5,3548,NULL,1,0.79776,31400),
(3833,1,3549,NULL,2,1.68,15000),
(3834,1,3550,NULL,1,0.43788,15000),
(3835,5,3551,NULL,1,0.849888,31400),
(3836,1,3552,NULL,1,0.252,15000),
(3837,5,3553,NULL,1,0.250344,31400),
(3839,5,3555,NULL,1,0.338256,31400),
(3840,1,3556,NULL,1,0.8316,15000),
(3841,5,3557,NULL,1,0.24768,31400),
(3842,1,3558,NULL,0,0,15000),
(3843,5,3559,NULL,1,0.44064,31400),
(3844,1,3560,NULL,1,0.78912,15000),
(3845,1,3561,NULL,0,0,15000),
(3846,5,3562,NULL,1,1.185408,31400),
(3847,1,3563,NULL,1,0.822,15000),
(3848,5,3564,NULL,1,0.8784,31400),
(3849,5,3565,NULL,1,0.3192,31400),
(3850,1,3566,NULL,1,0.81,15000),
(3851,1,3567,NULL,1,1.41984,15000),
(3852,5,3568,NULL,1,0.427424,31400),
(3853,1,3569,NULL,1,2.6928,15000),
(3854,1,3570,NULL,1,0.972,15000),
(3855,5,3571,NULL,1,1.491424,31400),
(3856,1,3572,NULL,1,1.18584,15000),
(3857,5,3573,NULL,1,1.981776,31400),
(3858,1,3574,NULL,1,1.0842,15000),
(3859,5,3575,NULL,1,1.22892,31400),
(3860,1,3576,NULL,1,0.714,15000),
(3861,1,3577,NULL,1,1.233,15000),
(3862,1,3578,NULL,1,0.9588,15000),
(3863,1,3579,NULL,1,0.68096,15000),
(3864,1,3580,NULL,1,0.26624,15000),
(3865,5,3581,NULL,1,1.031472,31400),
(3866,5,3582,NULL,1,2.502528,31400),
(3867,1,3583,NULL,2,0.35712,15000),
(3868,5,3584,NULL,1,1.581408,31400),
(3869,1,3585,NULL,1,0.18432,15000),
(3870,5,3586,NULL,1,3.545856,31400),
(3871,1,3587,NULL,1,0.8064,15000),
(3872,5,3588,NULL,1,2.87584,31400),
(3873,1,3589,NULL,1,1.04448,15000),
(3874,5,3590,NULL,1,0.42,31400),
(3875,1,3591,NULL,1,0.69632,15000),
(3876,5,3592,NULL,1,0.25376,31400),
(3877,5,3593,NULL,1,0.9776,31400),
(3878,1,3594,NULL,1,1.36192,15000),
(3879,5,3595,NULL,1,1.24992,31400),
(3880,5,3596,NULL,1,0.2304,31400),
(3881,1,3597,NULL,1,1.45152,15000),
(3882,5,3598,NULL,1,1.27472,31400),
(3883,1,3599,NULL,1,5.7888,15000),
(3884,5,3600,NULL,1,1.0824,31400),
(3885,1,3601,NULL,1,0.5184,15000),
(3886,5,3602,NULL,1,0.3752,31400),
(3887,1,3522,NULL,1,0.70848,15000),
(3888,5,3603,NULL,1,0.00103376,31400),
(3889,1,3604,NULL,1,1.26336,15000),
(3890,1,3605,NULL,1,0.39936,15000),
(3891,4,3606,NULL,1,2.32704,31400),
(3892,1,3607,NULL,1,0.835584,15000),
(3893,5,3608,NULL,3,2.39168,31400),
(3894,1,3609,NULL,0,0,15000),
(3895,1,3610,NULL,1,0.639744,15000),
(3896,1,3611,NULL,1,0.864,15000),
(3897,1,3612,NULL,1,0.75328,15000),
(3898,1,3613,NULL,1,0.557056,15000),
(3899,1,3614,NULL,1,1.96992,15000),
(3900,1,3615,NULL,1,1.63584,15000),
(3901,1,3616,NULL,1,1.622016,15000),
(3902,1,3617,NULL,0,0,15000),
(3903,1,3618,NULL,0,0,15000),
(3904,1,3619,NULL,1,0.544,15000),
(3905,1,3620,NULL,1,0.2142,15000),
(3906,1,3621,NULL,1,0.664632,15000),
(3907,1,3622,NULL,1,0.38352,15000),
(3908,1,3623,NULL,1,1.5708,15000),
(3909,1,3624,NULL,1,0.36176,15000),
(3910,1,3625,NULL,1,0.77248,15000),
(3911,1,3626,NULL,1,0.9316,15000),
(3912,1,3627,NULL,1,0.597312,15000),
(3913,1,3628,NULL,1,1.105,15000),
(3914,1,3629,NULL,1,1.5912,15000),
(3915,1,3630,NULL,1,0.24192,15000),
(3916,1,3631,NULL,1,0.486,15000),
(3917,1,3632,NULL,1,0.29232,15000),
(3918,1,3633,NULL,1,0.7344,15000),
(3919,1,3634,NULL,1,0.82584,15000),
(3920,1,3635,NULL,1,0.80064,15000),
(3921,1,3636,NULL,1,0.576,15000),
(3922,1,3637,NULL,1,0.955584,15000),
(3923,1,3638,NULL,1,0.85536,15000),
(3924,1,3639,NULL,1,1.0044,15000),
(3925,1,3640,NULL,1,3.605616,15000),
(3926,1,3641,NULL,1,0.83304,15000),
(3927,1,3642,NULL,1,1.239984,15000),
(3928,1,3643,NULL,1,1.81152,15000),
(3929,1,3644,NULL,1,1.808352,15000),
(3930,1,3645,NULL,1,0.83296,15000),
(3931,1,3646,NULL,1,2.28,15000),
(3932,1,3647,NULL,1,2.4244,15000),
(3933,1,3648,NULL,1,1.122216,15000),
(3934,1,3649,NULL,1,4.768848,15000),
(3935,1,3650,NULL,1,1.8468,15000),
(3936,5,3651,NULL,1,1.00928,31400),
(3937,1,3652,NULL,1,1.559064,15000),
(3938,5,3653,NULL,1,2.5856,31400),
(3939,1,3654,NULL,1,0.4416,15000),
(3940,5,3655,NULL,1,0.7344,31400),
(3941,1,3656,NULL,1,1.43136,15000),
(3942,1,3657,NULL,1,0.84,15000),
(3943,5,3658,NULL,1,1.92,31400),
(3944,1,3659,NULL,1,0.58432,15000),
(3945,1,3660,NULL,1,0.4968,15000),
(3946,1,3661,NULL,1,0.7912,15000),
(3947,1,3662,NULL,15,2.4288,15000),
(3948,1,3663,NULL,2,0.2688,15000),
(3949,1,3664,NULL,1,0.82,15000),
(3950,1,3665,NULL,1,0.87232,15000),
(3951,1,3666,NULL,1,0.864,15000),
(3952,1,3667,NULL,1,0.14384,15000),
(3953,1,3668,NULL,1,1.4784,15000),
(3954,1,3669,NULL,1,0.7784,15000),
(3955,1,3670,NULL,1,1.2464,15000),
(3956,1,3671,NULL,1,0.7888,15000),
(3957,5,3672,NULL,1,1.584,31400),
(3958,1,3673,NULL,1,0.672,15000),
(3959,5,3674,NULL,1,1.76,31400),
(3960,1,3675,NULL,3,0,15000),
(3962,5,3677,NULL,2,1.62176,31400),
(3963,1,3678,NULL,1,2.0224,15000),
(3964,5,3679,NULL,1,1.2288,31400),
(3965,1,3680,NULL,1,2.528,15000),
(3966,5,3681,NULL,1,1.664,31400),
(3967,1,3682,NULL,1,2.848,15000),
(3968,5,3683,NULL,1,1.9584,31400),
(3969,1,3684,NULL,1,1.512,15000),
(3970,1,3685,NULL,1,0.336,15000),
(3971,5,3686,NULL,1,1.0668,31400),
(3972,1,3687,NULL,1,0.94256,15000),
(3973,5,3688,NULL,1,0.516096,31400),
(3974,1,3689,NULL,1,1.2888,15000),
(3975,5,3690,NULL,1,2.770656,31400),
(3976,1,3691,NULL,1,2.3912,15000),
(3977,1,3692,NULL,1,1.096,15000),
(3978,5,3693,NULL,1,0.26208,31400),
(3979,1,3694,NULL,1,0.888,15000),
(3980,5,3695,NULL,1,1.38432,31400),
(3981,1,3696,NULL,1,0.992,15000),
(3982,1,3697,NULL,1,2.4,15000),
(3983,4,3698,NULL,1,0.481656,31400),
(3984,5,3699,NULL,1,0.43428,31400),
(3985,1,3700,NULL,1,2.44,15000),
(3986,5,3701,NULL,1,0.5208,31400),
(3987,5,3702,NULL,1,2.854656,31400),
(3988,1,3703,NULL,1,0.9328,15000),
(3989,5,3704,NULL,1,1.32096,31400),
(3990,1,3705,NULL,1,2.64,15000),
(3991,1,3706,NULL,1,1.2144,15000),
(3992,1,3707,NULL,1,1.19472,15000),
(3993,5,3708,NULL,1,1.141536,31400),
(3994,1,3709,NULL,1,1.26208,15000),
(3995,5,3710,NULL,1,0.261888,31400),
(3996,1,3711,NULL,1,1.2576,15000),
(3997,1,3712,NULL,1,1.392,15000),
(3998,5,3713,NULL,1,0.56496,31400),
(4000,5,3715,NULL,1,1.159136,31400),
(4002,5,3717,NULL,1,0.474848,31400),
(4003,1,3718,NULL,0,0,15000),
(4004,5,3719,NULL,1,0.878592,31400),
(4005,1,3720,NULL,2,1.56,15000),
(4006,5,3721,NULL,1,0.518144,31400),
(4007,1,3722,NULL,1,7.332,15000),
(4008,5,3723,NULL,1,1.364,31400),
(4009,1,3724,NULL,1,1.7696,15000),
(4010,5,3725,NULL,1,1.216512,31400),
(4012,5,3727,NULL,1,1.026432,31400),
(4013,1,3728,NULL,1,1.21104,15000),
(4014,5,3729,NULL,1,2.89872,31400),
(4015,1,3730,NULL,1,0.786744,15000),
(4016,1,3731,NULL,1,0.924,15000),
(4017,5,3732,NULL,1,3.63792,31400),
(4018,1,3733,NULL,1,2.772,15000),
(4019,5,3734,NULL,1,0.464048,31400),
(4020,1,3735,NULL,1,0.496944,15000),
(4021,1,3736,NULL,1,0.964656,15000),
(4022,5,3737,NULL,1,0.349232,31400),
(4023,1,3738,NULL,1,3.3768,15000),
(4024,5,3739,NULL,1,5.407392,31400),
(4025,1,3740,NULL,1,0.5796,15000),
(4026,5,3741,NULL,1,4.153248,31400),
(4027,5,3742,NULL,1,2.727936,31400),
(4028,5,3743,NULL,1,1.758336,31400),
(4029,5,3744,NULL,1,0.432,31400),
(4030,1,3745,NULL,2,0.9072,15000),
(4031,5,3746,NULL,1,1.3392,31400),
(4032,5,3747,NULL,1,1.24416,31400),
(4033,5,3748,NULL,1,0.695232,31400),
(4034,5,3749,NULL,1,1.740096,31400),
(4035,5,3750,NULL,1,0.761856,31400),
(4036,1,3751,NULL,1,0.339528,15000),
(4037,5,3752,NULL,1,2.458368,31400),
(4038,1,3753,NULL,1,0.686952,15000),
(4039,5,3754,NULL,1,4.76544,31400),
(4040,5,3755,NULL,1,0.315,31400),
(4041,1,3756,NULL,1,1.45152,15000),
(4042,5,3757,NULL,1,0.4576,31400),
(4043,1,3758,NULL,1,1.4784,15000),
(4044,5,3759,NULL,1,1.222,31400),
(4045,1,3760,NULL,1,1.0395,15000),
(4046,5,3761,NULL,1,1.2258,31400),
(4047,1,3762,NULL,1,2.0748,15000),
(4048,4,3763,NULL,1,0.504,31400),
(4049,1,3764,NULL,1,1.651104,15000),
(4050,5,3765,NULL,1,0.5568,31400),
(4051,1,3766,NULL,1,1.947456,15000),
(4052,5,3767,NULL,1,0.5016,31400),
(4053,1,3768,NULL,1,3.493056,15000),
(4054,5,3769,NULL,1,2.4,31400),
(4055,1,3770,NULL,1,1.78752,15000),
(4056,1,3771,NULL,1,0.960256,15000),
(4057,5,3772,NULL,1,0.7038,31400),
(4058,1,3773,NULL,1,0.620928,15000),
(4059,5,3774,NULL,1,1.254,31400),
(4060,1,3775,NULL,1,0.99,15000),
(4061,5,3776,NULL,1,0.9086,31400),
(4062,1,3777,NULL,1,0.726,15000),
(4063,5,3778,NULL,1,2.2892,31400),
(4064,1,3779,NULL,1,0.304128,15000),
(4066,5,3781,NULL,1,1.7136,31400),
(4067,1,3782,NULL,1,0.792,15000),
(4068,5,3783,NULL,1,0.966,31400),
(4069,1,3784,NULL,1,1.057056,15000),
(4071,1,3786,NULL,1,0.41888,15000),
(4072,5,3787,NULL,1,2.8536,31400),
(4073,1,3788,NULL,1,0.29568,15000),
(4074,1,3789,NULL,1,0.46816,15000),
(4075,5,3790,NULL,1,0.806,31400),
(4076,1,3791,NULL,1,0.693264,15000),
(4077,1,3792,NULL,1,0.61248,15000),
(4078,5,3793,NULL,1,0.650624,31400),
(4079,1,3794,NULL,1,1.075184,15000),
(4080,5,3795,NULL,1,1.916928,31400),
(4081,1,3796,NULL,1,2.62416,15000),
(4082,1,3797,NULL,1,0.68904,15000),
(4083,5,3798,NULL,1,2.521376,31400),
(4084,5,3799,NULL,1,1.08504,15000),
(4085,5,3800,NULL,1,0.979264,31400),
(4086,1,3801,NULL,1,1.188,15000),
(4087,1,3802,NULL,1,1.1,15000),
(4088,5,3803,NULL,1,1.716,31400),
(4089,1,3804,NULL,1,1.107392,15000),
(4090,5,3805,NULL,1,0.90168,31400),
(4091,1,3806,NULL,1,1.86824,15000),
(4092,1,3807,NULL,1,1.3068,15000),
(4093,1,3808,NULL,1,2.81952,15000),
(4094,5,3809,NULL,1,1.97184,31400),
(4096,5,3811,NULL,1,2.131584,31400),
(4097,1,3812,NULL,1,1.43,15000),
(4098,5,3813,NULL,1,1.078272,31400),
(4099,1,3814,NULL,1,1.5444,15000),
(4101,1,3816,NULL,1,0.962192,15000),
(4102,5,3817,NULL,1,1.833312,31400),
(4103,1,3818,NULL,1,2.01872,15000),
(4104,5,3819,NULL,1,1.44976,31400),
(4105,1,3820,NULL,1,4.60152,15000),
(4106,5,3821,NULL,1,4.100096,31400),
(4107,1,3822,NULL,1,2.02752,15000),
(4108,5,3823,NULL,1,5.65344,31400),
(4109,1,3824,NULL,1,3.075072,15000),
(4110,5,3825,NULL,1,4.12672,31400),
(4111,1,3826,NULL,1,2.8644,15000),
(4112,1,3827,NULL,1,1.96416,15000),
(4113,5,3828,NULL,1,1.92888,31400),
(4114,1,3829,NULL,1,1.4742,15000),
(4115,1,3830,NULL,1,0.759552,15000),
(4116,5,3831,NULL,1,1.748304,31400),
(4117,1,3832,NULL,1,0.30912,15000),
(4118,5,3833,NULL,1,0.61344,31400),
(4119,1,3834,NULL,1,0.41952,15000),
(4120,5,3835,NULL,1,0.7776,31400),
(4121,1,3836,NULL,1,0.3795,15000),
(4122,1,3837,NULL,1,3.5098,15000),
(4123,5,3838,NULL,1,2.731968,31400),
(4124,5,3839,NULL,1,1.669248,31400),
(4125,1,3840,NULL,1,1.286528,15000),
(4126,5,3841,NULL,1,5.9508,31400),
(4128,1,3843,NULL,1,1.472,15000),
(4129,5,3844,NULL,1,2.9808,31400),
(4130,1,3845,NULL,1,1.025984,15000),
(4132,5,3846,NULL,1,3.23136,31400),
(4133,1,3847,NULL,1,1.033528,15000),
(4134,5,3848,NULL,1,3.2076,31400),
(4135,1,3849,NULL,1,2.1528,15000),
(4136,5,3850,NULL,1,3.21408,31400),
(4137,5,3851,NULL,1,3.589056,31400),
(4138,5,3852,NULL,1,0.458304,31400),
(4139,1,3853,NULL,1,1.242,15000),
(4140,5,3854,NULL,1,1.440768,31400),
(4141,1,3855,NULL,1,0.75072,15000),
(4142,5,3856,NULL,1,2.164736,31400),
(4143,1,3857,NULL,1,2.82256,15000),
(4144,5,3858,NULL,1,0.68544,31400),
(4145,1,3859,NULL,1,1.37632,15000),
(4146,5,3860,NULL,1,1.70688,31400),
(4147,1,3861,NULL,2,1.426368,15000),
(4148,5,3862,NULL,1,1.611008,31400),
(4149,1,3863,NULL,1,2.52816,15000),
(4150,5,3864,NULL,1,3.962112,31400),
(4151,1,3865,NULL,1,1.64864,15000),
(4152,5,3866,NULL,1,0.37584,31400),
(4153,1,3867,NULL,1,1.8768,15000),
(4154,1,3868,NULL,1,0.336,15000),
(4155,5,3869,NULL,1,0.819888,31400),
(4156,1,3870,NULL,1,0.36,15000),
(4157,5,3871,NULL,1,0.848656,31400),
(4158,1,3872,NULL,1,2.16,15000),
(4159,5,3873,NULL,1,1.499648,31400),
(4160,1,3874,NULL,1,0.72576,15000),
(4161,5,3875,NULL,1,0.68904,31400),
(4162,1,3876,NULL,1,0.64512,15000),
(4163,5,3877,NULL,1,3.17608,31400),
(4164,5,3878,NULL,1,2.3316,31400),
(4165,1,3879,NULL,1,3.47328,15000),
(4166,5,3880,NULL,1,1.822824,31400),
(4167,1,3881,NULL,1,0.93888,15000),
(4168,5,3882,NULL,1,1.5022,31400),
(4169,1,3883,NULL,1,1.39392,15000),
(4170,1,3884,NULL,1,0.45696,15000),
(4171,5,3885,NULL,1,2.556,31400),
(4172,1,3886,NULL,1,1.344,15000),
(4173,5,3887,NULL,1,0.90768,31400),
(4174,1,3888,NULL,2,1.44672,15000),
(4175,5,3889,NULL,1,1.52064,31400),
(4176,1,3890,NULL,1,1.4784,15000),
(4177,5,3891,NULL,1,1.5984,31400),
(4178,1,3892,NULL,1,2.583552,15000),
(4179,5,3893,NULL,1,0.9576,31400),
(4180,1,3894,NULL,1,1.5552,15000),
(4181,1,3895,NULL,1,3.50208,15000),
(4182,5,3896,NULL,1,1.4256,31400),
(4183,1,3897,NULL,1,1.14816,15000),
(4184,5,3898,NULL,1,1.5336,31400),
(4185,1,3899,NULL,1,1.52352,15000),
(4186,5,3900,NULL,1,1.26,31400),
(4187,1,3901,NULL,1,1.9728,15000),
(4188,5,3902,NULL,1,3.6108,31400),
(4189,1,3903,NULL,1,0.364,15000),
(4190,5,3904,NULL,1,1.77216,31400),
(4191,1,3905,NULL,1,0.8294,15000),
(4192,5,3906,NULL,1,2.232,31400),
(4193,5,3907,NULL,1,2.0832,31400),
(4194,1,3908,NULL,1,0.486,15000),
(4195,5,3909,NULL,1,1.91664,31400),
(4196,1,3910,NULL,1,0.93,15000),
(4197,5,3911,NULL,1,3.15,31400),
(4198,1,3912,NULL,1,3.1186,15000),
(4199,1,3913,NULL,1,0.9152,15000),
(4200,5,3914,NULL,1,6.708,31400),
(4201,1,3915,NULL,1,1.2744,15000),
(4202,5,3916,NULL,1,4.85616,31400),
(4203,1,3917,NULL,1,1.221,15000),
(4204,1,3918,NULL,1,1.406,15000),
(4205,1,3919,NULL,0,0,15000),
(4206,1,3920,NULL,0,0,15000),
(4207,5,3921,NULL,1,4.2768,31400),
(4208,1,3922,NULL,1,0.52,15000),
(4209,5,3923,NULL,1,0.343728,31400),
(4210,1,3924,NULL,1,1.1234,15000),
(4211,5,3925,NULL,1,0.589744,31400),
(4212,1,3926,NULL,1,0.731,15000),
(4215,5,3929,NULL,1,0.9548,31400),
(4216,1,3930,NULL,1,0.603,15000),
(4217,1,3931,NULL,1,0.747,15000),
(4219,1,3933,NULL,1,1.215,15000),
(4224,5,3938,NULL,1,1.0752,31400),
(4225,1,3939,NULL,1,1.3559,15000),
(4227,1,3941,NULL,1,1.61,15000),
(4232,1,3946,NULL,1,1.54,15000),
(4233,5,3947,NULL,1,1.005312,31400),
(4234,5,3948,NULL,1,1.903616,31400),
(4235,5,3949,NULL,1,3.96288,31400),
(4236,5,3950,NULL,1,0.859648,31400),
(4237,5,3951,NULL,1,1.67772,31400),
(4238,5,3952,NULL,1,1.848,31400),
(4239,5,3953,NULL,1,0.792,31400),
(4240,5,3954,NULL,1,0.51136,31400),
(4241,1,3955,NULL,1,0.57,15000),
(4242,1,3956,NULL,1,1.3144,15000),
(4243,1,3957,NULL,1,4.73,15000),
(4244,1,3958,NULL,1,5.39,15000),
(4245,1,3959,NULL,1,7.755,15000),
(4246,1,3960,NULL,1,8.062,15000),
(4247,5,3961,NULL,1,2.51056,31400),
(4248,1,3962,NULL,1,1.644,15000),
(4249,1,3963,NULL,1,1.8228,15000),
(4250,5,3964,NULL,1,4.616928,31400),
(4252,5,3966,NULL,1,1.8592,31400),
(4254,1,3968,NULL,1,0.9372,15000),
(4255,5,3969,NULL,0,0,31400),
(4256,1,3970,NULL,1,1.008,15000),
(4257,5,3971,NULL,1,1.96,31400),
(4258,1,3972,NULL,1,2.055,15000),
(4259,5,3973,NULL,1,1.08528,31400),
(4260,1,3974,NULL,1,1.6786,15000),
(4261,5,3975,NULL,1,2.4696,31400),
(4262,1,3976,NULL,1,1.36,15000),
(4263,5,3977,NULL,1,0.8431616,31400),
(4264,1,3978,NULL,0,0,15000),
(4265,5,3979,NULL,0,0,31400),
(4266,5,3980,NULL,1,0.6512,31400),
(4267,1,3981,NULL,1,0.887328,15000),
(4268,1,3982,NULL,1,1.152112,15000),
(4269,5,3983,NULL,1,1.3172,31400),
(4270,1,3984,NULL,1,1.29168,15000),
(4271,5,3985,NULL,1,1.332,31400),
(4272,5,3986,NULL,1,3.8924,31400),
(4273,1,3987,NULL,1,2.701504,15000),
(4274,1,3988,NULL,0,0,15000),
(4275,5,3989,NULL,1,1.147296,31400),
(4276,1,3990,NULL,1,0.48048,15000),
(4277,1,3991,NULL,0,0,15000),
(4278,1,3992,NULL,1,1.332656,15000),
(4279,1,3993,NULL,1,0.7488,15000),
(4280,5,3994,NULL,1,1.641024,31400),
(4281,1,3995,NULL,1,3.651648,15000),
(4282,1,3996,NULL,1,1.40608,15000),
(4283,5,3997,NULL,1,3.326976,31400),
(4284,1,3998,NULL,1,0.7776,15000),
(4285,5,3999,NULL,1,1.08528,31400),
(4286,1,4000,NULL,1,0.513216,15000),
(4287,5,4001,NULL,1,3.21984,31400),
(4288,1,4002,NULL,1,1.17504,15000),
(4289,5,4003,NULL,1,2.5472,31400),
(4290,1,4004,NULL,2,1.1232,15000),
(4291,5,4005,NULL,1,0.61824,31400),
(4292,5,4006,NULL,1,2.84,31400),
(4293,5,4007,NULL,1,0.93024,31400),
(4294,5,4008,NULL,1,0.8528,31400),
(4295,5,4009,NULL,1,0.836976,31400),
(4296,5,4010,NULL,1,2.1168,31400),
(4297,5,4011,NULL,1,2.33856,31400),
(4298,5,4012,NULL,1,2.494,31400),
(4299,5,4013,NULL,1,2.58688,31400),
(4300,5,4014,NULL,1,2.112,31400),
(4301,5,4015,NULL,1,2.87232,31400),
(4302,5,4016,NULL,1,1.242,31400),
(4303,5,4017,NULL,1,5.652,31400),
(4304,1,4018,NULL,1,0.6318,15000),
(4305,5,4019,NULL,1,1.9404,31400),
(4307,1,4021,NULL,1,3.4506,15000),
(4308,5,4022,NULL,1,2.6334,31400),
(4309,1,4023,NULL,1,1.5228,15000),
(4310,5,4024,NULL,1,2.754,31400),
(4311,1,4025,NULL,1,2.43432,15000),
(4313,1,4027,NULL,1,2.376,15000),
(4314,5,4028,NULL,1,5.0784,31400),
(4315,5,4029,NULL,1,2.1888,31400),
(4316,1,4030,NULL,1,5.3784,15000),
(4317,5,4031,NULL,1,3.008032,31400),
(4318,1,4032,NULL,1,0.975024,15000),
(4320,1,4034,NULL,1,2.02176,15000),
(4321,1,4035,NULL,1,1.93536,15000),
(4322,5,4036,NULL,1,1.8228,31400),
(4324,1,4038,NULL,1,1.38432,15000),
(4326,1,4040,NULL,1,0.423584,15000),
(4327,1,4041,NULL,1,0.523264,15000),
(4328,1,4042,NULL,1,0.90944,15000),
(4329,1,4043,NULL,1,3.048192,15000),
(4330,1,4044,NULL,1,1.37088,15000),
(4331,1,4045,NULL,1,0.89488,15000),
(4332,1,4046,NULL,1,1.6912,15000),
(4333,1,4047,NULL,1,1.8928,15000),
(4334,1,4048,NULL,1,1.793792,15000),
(4335,1,4049,NULL,1,1.650208,15000),
(4336,1,4050,NULL,1,1.817312,15000),
(4337,5,4051,NULL,1,3.008768,31400),
(4338,1,4052,NULL,1,1.820672,15000),
(4339,1,4053,NULL,1,0.96096,15000),
(4340,1,4054,NULL,1,2.3296,15000),
(4341,1,4055,NULL,1,1.84912,15000),
(4342,1,4056,NULL,1,1.27568,15000),
(4343,1,4057,NULL,1,3.528,15000),
(4344,1,4058,NULL,1,2.4024,15000),
(4345,1,4059,NULL,1,2.3016,15000),
(4346,1,4060,NULL,1,2.4192,15000),
(4347,1,4061,NULL,1,1.792,15000),
(4348,1,4062,NULL,1,2.424576,15000),
(4349,5,4063,NULL,1,3.36,31400),
(4350,1,4064,NULL,1,2.502528,15000),
(4351,5,4065,NULL,1,3.8,31400),
(4352,1,4066,NULL,0,0,15000),
(4353,1,4067,NULL,1,3.811808,15000),
(4354,5,4068,NULL,1,5.4912,31400),
(4355,1,4069,NULL,1,3.179904,15000),
(4356,5,4070,NULL,1,2.0292,31400),
(4357,1,4071,NULL,1,2.749824,15000),
(4358,1,4072,NULL,1,2.0216,15000),
(4359,1,4073,NULL,1,3.9368,15000),
(4360,1,4074,NULL,1,1.4616,15000),
(4361,1,4075,NULL,1,0.77952,15000),
(4362,1,4076,NULL,1,1.03936,15000),
(4363,1,4077,NULL,1,1.87572,15000),
(4365,1,4079,NULL,1,1.347688,15000),
(4367,1,4081,NULL,1,0.85608,15000),
(4369,5,4083,NULL,1,2.7216,31400),
(4370,1,4084,NULL,1,0.783,15000),
(4371,1,4085,NULL,1,1.89312,15000),
(4372,5,4086,NULL,1,5.168,31400),
(4373,1,4087,NULL,1,1.9372,15000),
(4374,5,4088,NULL,1,9.5604,31400),
(4375,1,4089,NULL,1,7.656,15000),
(4377,1,4091,NULL,1,5.74896,15000),
(4378,1,4092,NULL,1,1.93488,15000),
(4379,5,4093,NULL,1,5.36928,31400),
(4380,5,4094,NULL,1,3.519,31400),
(4382,1,4096,NULL,1,1.308944,15000),
(4383,5,4097,NULL,1,5.0592,31400),
(4384,1,4098,NULL,1,1.26208,15000),
(4385,1,4099,NULL,1,1.86528,15000),
(4387,1,4101,NULL,1,2.22372,15000),
(4388,1,4102,NULL,1,2.72484,15000),
(4389,1,4103,NULL,1,3.51944,15000),
(4390,1,4104,NULL,3,2.776576,15000),
(4391,1,4105,NULL,1,3.15288,15000),
(4392,1,4106,NULL,2,0.468,15000),
(4393,5,4095,NULL,1,3.72096,31400),
(4394,5,4100,NULL,1,2.607748,31400),
(4396,1,4108,NULL,1,1.512,15000),
(4397,5,4109,NULL,1,3.38352,31400),
(4399,5,4111,NULL,1,4.10432,31400),
(4401,1,4113,NULL,1,1.0248,15000),
(4402,5,4114,NULL,1,5.36544,31400),
(4403,1,4115,NULL,1,2.5536,15000),
(4404,1,4116,NULL,1,1.4592,15000),
(4405,5,4117,NULL,0,0,31400),
(4407,5,4119,NULL,1,4.235,31400),
(4408,1,4120,NULL,1,1.296,15000),
(4409,1,4121,NULL,1,1.1904,15000),
(4410,5,4122,NULL,1,4.774,31400),
(4411,1,4123,NULL,1,1.7472,15000),
(4412,1,4124,NULL,1,2.88,15000),
(4413,5,4125,NULL,1,1.8304,31400),
(4414,1,4126,NULL,1,3.12,15000),
(4415,5,4127,NULL,1,4.158,31400),
(4416,1,4128,NULL,1,5.616,15000),
(4417,1,4129,NULL,1,2.2704,15000),
(4418,5,4130,NULL,1,6.1824,31400),
(4419,1,4131,NULL,1,0.516,15000),
(4420,5,4132,NULL,1,6.12864,31400),
(4421,1,4133,NULL,1,1.60176,15000),
(4423,5,4135,NULL,1,4.635824,31400),
(4425,5,4137,NULL,1,3.216,31400),
(4426,1,4138,NULL,1,1.69344,15000),
(4427,1,4139,NULL,1,1.188,15000),
(4428,1,4140,NULL,1,1.2,15000),
(4429,1,4141,NULL,2,5.76,15000),
(4430,5,4142,NULL,1,4.86864,31400),
(4431,1,4143,NULL,1,8.4,15000),
(4432,1,4144,NULL,1,1.68,15000),
(4433,5,4145,NULL,1,4.26816,31400),
(4434,1,4146,NULL,2,0.72,15000),
(4435,5,4147,NULL,1,4.608,31400),
(4436,1,4148,NULL,1,1.62,15000),
(4437,5,4149,NULL,1,4.68968,31400),
(4438,1,4150,NULL,1,1.8348,15000),
(4439,5,4151,NULL,1,4.56768,31400),
(4440,5,4152,NULL,1,9.15732,31400),
(4441,5,4153,NULL,1,2.253824,31400),
(4442,1,4154,NULL,1,2.016,15000),
(4443,5,4155,NULL,1,4.464,31400),
(4444,1,4156,NULL,1,3.62496,15000),
(4445,1,4157,NULL,1,1.5912,15000),
(4446,5,4158,NULL,1,4.136832,31400),
(4449,1,4161,NULL,1,2.8392,15000),
(4450,1,4162,NULL,1,3.0552,15000),
(4451,1,4163,NULL,1,3.5904,15000),
(4452,1,4164,NULL,1,2.43,15000),
(4453,1,4165,NULL,1,2.682,15000),
(4454,1,4166,NULL,1,5.292,15000),
(4455,1,4167,NULL,1,4.77,15000),
(4456,1,4168,NULL,1,2.51712,15000),
(4457,1,4169,NULL,1,1.76904,15000),
(4458,1,4170,NULL,1,2.92632,15000),
(4459,1,4171,NULL,1,4.7088,15000),
(4460,1,4172,NULL,1,3.4596,15000),
(4461,1,4173,NULL,1,4.03824,15000),
(4462,1,4174,NULL,1,3.762,15000),
(4463,1,4175,NULL,1,6.27,15000),
(4464,1,4176,NULL,1,3.3948,15000),
(4465,1,4177,NULL,1,5.304,15000),
(4466,1,4178,NULL,1,1.642752,15000),
(4467,1,4179,NULL,1,1.67772,15000),
(4468,1,4180,NULL,1,0.54808,15000),
(4469,1,4181,NULL,1,1.35904,15000),
(4470,1,4182,NULL,1,0.97216,15000),
(4471,5,4183,NULL,1,4.8048,31400),
(4472,1,4184,NULL,1,0.73408,15000),
(4473,1,4185,NULL,1,3.224,15000),
(4474,5,4186,NULL,1,4.83912,31400),
(4475,1,4187,NULL,1,1.6988,15000),
(4476,1,4188,NULL,1,1.13832,15000),
(4477,5,4189,NULL,1,4.9504,31400),
(4478,1,4190,NULL,1,0.84568,15000),
(4479,5,4191,NULL,1,4.283712,31400),
(4480,1,4192,NULL,1,2.0832,15000),
(4481,1,4193,NULL,1,1.96416,15000),
(4482,5,4194,NULL,1,3.167168,31400),
(4483,1,4195,NULL,1,2.563328,15000),
(4484,5,4196,NULL,1,6.510592,31400),
(4485,1,4197,NULL,1,2.185872,15000),
(4486,5,4198,NULL,0,0,31400),
(4487,1,2822,NULL,1,0.729088,15000),
(4488,1,4199,NULL,1,2.568192,15000),
(4489,5,4200,NULL,0,0,31400),
(4490,1,3938,NULL,1,1.0752,15000),
(4491,1,4201,NULL,3,0.6656,15000),
(4492,5,4202,NULL,1,5.69856,31400),
(4493,7,4203,NULL,1,1.5128,85000),
(4494,7,3132,NULL,1,0.6076,85000),
(4495,1,4204,NULL,1,1.05472,15000),
(4496,1,4205,NULL,1,0.768,15000),
(4497,7,4206,NULL,1,0.372,85000),
(4498,1,4207,NULL,1,3.1232,15000),
(4499,1,4208,NULL,1,0.777216,15000),
(4500,7,4209,NULL,0,-0.7439998626709,85000),
(4501,7,4210,NULL,1,0.8866,85000),
(4502,7,4211,NULL,1,1.0075,85000),
(4503,7,4212,NULL,1,8.2894,85000),
(4504,7,4213,NULL,1,2.7683,85000),
(4505,7,4214,NULL,1,0.49104,85000),
(4506,7,4215,NULL,1,0.73656,85000),
(4507,7,4216,NULL,1,5.2173,85000),
(4508,7,4217,NULL,1,5.5242,85000),
(4509,7,4218,NULL,1,1.922,85000),
(4510,7,4219,NULL,1,2.294,85000),
(4511,7,4220,NULL,4,5.58,85000),
(4512,7,4221,NULL,1,2.0677,85000),
(4513,7,4222,NULL,1,4.7058,85000),
(4514,7,4223,NULL,1,4.48756,85000),
(4515,7,4224,NULL,1,2.2116,85000),
(4516,7,4225,NULL,1,0.377856,85000),
(4517,7,4226,NULL,1,0.3888,85000),
(4518,7,4227,NULL,1,0.648,85000),
(4519,6,4228,NULL,1,0.3744,85000),
(4520,7,4229,NULL,1,0.2048,85000),
(4521,7,4230,NULL,1,0.43648,85000),
(4522,7,4231,NULL,1,3.7152,85000),
(4523,7,4232,NULL,1,2.22216,85000),
(4524,7,4233,NULL,1,0.131208,85000),
(4525,7,4234,NULL,1,0.312928,85000),
(4526,7,4235,NULL,1,1.013232,85000),
(4527,7,4236,NULL,1,0.882816,85000),
(4528,7,4237,NULL,1,0.19872,85000),
(4529,7,4238,NULL,1,0.633696,85000),
(4530,7,4239,NULL,1,0.3672,85000),
(4531,7,4240,NULL,1,0.374976,85000),
(4532,7,4241,NULL,1,0.864864,85000),
(4533,7,4242,NULL,1,0.338688,85000),
(4534,7,4243,NULL,1,1.38,85000),
(4535,7,4244,NULL,1,0.28392,85000),
(4536,7,4245,NULL,1,0.64896,85000),
(4537,7,4246,NULL,1,0.85904,85000),
(4538,7,4247,NULL,1,1.089088,85000),
(4539,7,4248,NULL,1,1.824576,85000),
(4540,7,4249,NULL,1,0.842016,85000),
(4541,7,4250,NULL,1,0.63504,85000),
(4542,7,4251,NULL,1,2.10672,85000),
(4543,7,4252,NULL,1,1.456224,85000),
(4545,1,4254,NULL,1,0.6912,15000),
(4546,7,4253,NULL,1,0.576,85000),
(4547,7,4255,NULL,1,0.51012,85000),
(4548,7,4256,NULL,1,1.7688,85000),
(4549,1,4257,NULL,1,0.6336,15000),
(4550,7,4258,NULL,1,0.403328,85000),
(4551,1,4259,NULL,1,1.672192,15000),
(4552,1,4260,NULL,1,0.806144,15000),
(4553,1,4261,NULL,1,1.683456,15000),
(4554,1,4262,NULL,1,4.608,15000),
(4556,1,4264,NULL,1,1.92,15000),
(4557,1,4265,NULL,1,2.03008,15000),
(4558,1,4266,NULL,2,2.36288,15000),
(4559,1,4267,NULL,1,2.5152,15000),
(4561,1,4269,NULL,1,1.517568,15000),
(4562,1,4270,NULL,1,0.7854,15000),
(4563,1,4271,NULL,1,1.75824,15000),
(4564,1,4272,NULL,1,0.594,15000),
(4565,1,4273,NULL,1,1.35432,15000),
(4566,1,4274,NULL,1,1.411344,15000),
(4567,1,4275,NULL,1,2.04732,15000),
(4568,1,4276,NULL,1,2.19186,15000),
(4569,1,4277,NULL,1,1.9602,15000),
(4570,1,4278,NULL,1,1.62756,15000),
(4571,1,4279,NULL,1,0.868224,15000),
(4572,1,4280,NULL,1,0.899232,15000),
(4573,1,4281,NULL,1,1.4688,15000),
(4574,1,4282,NULL,3,1.72584,15000),
(4575,1,4283,NULL,1,0.786352,15000),
(4576,1,4284,NULL,1,1.46744,15000),
(4577,1,4285,NULL,1,4.08,15000),
(4578,1,4286,NULL,1,2.9376,15000),
(4579,1,4287,NULL,1,3.461472,15000),
(4580,1,4288,NULL,1,2.0776,15000),
(4581,1,4289,NULL,1,2.457,15000),
(4582,1,4290,NULL,1,1.064,15000),
(4583,1,4291,NULL,1,1.344,15000),
(4584,7,4292,NULL,1,0.6144,85000),
(4585,1,4293,NULL,1,3.08,15000),
(4586,7,4294,NULL,1,0.731264,85000),
(4587,1,4295,NULL,1,2.408,15000),
(4588,7,4296,NULL,1,0.20672,85000),
(4589,1,4297,NULL,1,4.48,15000),
(4590,1,4298,NULL,1,2.912,15000),
(4591,1,4299,NULL,1,4.592,15000),
(4592,7,4300,NULL,1,0.34992,85000),
(4593,1,4301,NULL,1,1.722,15000),
(4594,1,4302,NULL,1,0.9184,15000),
(4595,7,4303,NULL,1,1.04976,85000),
(4596,1,4304,NULL,1,1.12504,15000),
(4597,1,4305,NULL,1,0.602,15000),
(4598,7,4306,NULL,1,0.5328,85000),
(4599,7,4307,NULL,1,0.78624,85000),
(4600,7,4308,NULL,1,0.774,85000),
(4601,7,4309,NULL,1,0.5544,85000),
(4602,7,4310,NULL,1,2.318976,85000),
(4603,7,4311,NULL,1,0.922752,85000),
(4604,7,4312,NULL,1,1.458144,85000),
(4605,7,4313,NULL,1,0.612864,85000),
(4606,7,4314,NULL,1,2.355392,85000),
(4607,7,3673,NULL,1,0.672,85000),
(4608,7,4315,NULL,1,1.536,85000),
(4609,7,4316,NULL,1,1.35664,85000),
(4610,7,4317,NULL,1,0.71824,85000),
(4611,7,4318,NULL,1,1.7808,85000),
(4612,7,4319,NULL,1,0.564144,85000),
(4613,1,4320,NULL,1,5.166,15000),
(4614,7,4321,NULL,1,1.232448,85000),
(4615,1,4322,NULL,1,0.7308,15000),
(4616,7,4323,NULL,1,2.72916,85000),
(4617,1,4324,NULL,1,1.323,15000),
(4618,7,4325,NULL,1,2.24028,85000),
(4619,1,4326,NULL,1,5.712,15000),
(4620,1,3971,NULL,1,1.96,15000),
(4621,1,4327,NULL,1,1.4,15000),
(4622,1,4328,NULL,4,1.876,15000),
(4623,1,4329,NULL,1,0.88536,15000),
(4624,1,4330,NULL,1,1.00688,15000),
(4625,1,4331,NULL,1,5.29424,15000),
(4626,1,4332,NULL,1,1.28296,15000),
(4627,1,4333,NULL,2,2.268,15000),
(4628,1,4334,NULL,1,1.94712,15000),
(4629,1,4335,NULL,1,3.2984,15000),
(4630,1,4336,NULL,1,1.49296,15000),
(4631,1,4337,NULL,1,2.55024,15000),
(4632,1,4338,NULL,1,2.604,15000),
(4633,7,4339,NULL,1,0.3968,85000),
(4635,1,4341,NULL,1,2.625,15000),
(4636,1,4342,NULL,1,3.472,15000),
(4637,1,4343,NULL,1,3.36,15000),
(4639,1,4345,NULL,0,0,15000),
(4640,1,4346,NULL,1,2.57656,15000),
(4641,1,4347,NULL,3,4.788,15000),
(4642,1,4348,NULL,1,3.0912,15000),
(4643,1,4349,NULL,1,3.36,15000),
(4644,1,4350,NULL,1,4.536,15000),
(4645,1,4351,NULL,1,6.104,15000),
(4646,1,4352,NULL,1,6.85356,15000),
(4647,1,4353,NULL,1,3.4632,15000),
(4648,7,4354,NULL,1,0.59136,85000),
(4649,1,4355,NULL,1,1.54368,15000),
(4650,7,4356,NULL,1,1.362944,85000),
(4651,1,4357,NULL,1,1.56672,15000),
(4652,7,4358,NULL,1,1.073072,85000),
(4653,1,4359,NULL,1,2.935296,15000),
(4654,7,4360,NULL,1,2.3364,85000),
(4655,1,4361,NULL,1,2.4696,15000),
(4656,7,4362,NULL,1,0.654304,85000),
(4657,1,4363,NULL,1,5.904,15000),
(4658,7,4364,NULL,1,0.9936,85000),
(4659,1,4365,NULL,1,1.63812,15000),
(4660,7,4366,NULL,1,2.11968,85000),
(4661,1,4367,NULL,1,3.39158,15000),
(4662,7,4368,NULL,1,1.189744,85000),
(4663,1,4369,NULL,1,1.540976,15000),
(4664,7,4370,NULL,1,1.05984,85000),
(4665,1,4371,NULL,1,1.57472,15000),
(4666,7,4372,NULL,1,4.274688,85000),
(4667,1,4373,NULL,1,2.7306,15000),
(4668,7,4374,NULL,1,2.065768,85000),
(4669,1,4375,NULL,1,0.895104,15000),
(4670,5,4376,NULL,1,0.59616,85000),
(4671,1,4377,NULL,1,1.66056,15000),
(4672,7,4378,NULL,1,0.305472,85000),
(4673,1,4379,NULL,1,4.13364,15000),
(4674,7,4380,NULL,1,0.350208,85000),
(4675,1,4381,NULL,1,1.769488,15000),
(4676,1,4382,NULL,1,2.59,15000),
(4677,7,4383,NULL,1,1.08288,85000),
(4678,1,4384,NULL,1,2.2866,15000),
(4679,7,4385,NULL,1,1.21824,85000),
(4680,5,4386,NULL,1,1.690368,85000),
(4681,1,4387,NULL,1,3.42,15000),
(4682,1,4388,NULL,1,1.22512,15000),
(4683,1,4389,NULL,1,1.24488,15000),
(4684,1,4390,NULL,1,1.588704,15000),
(4685,1,4391,NULL,1,0.68552,15000),
(4686,7,4386,NULL,1,1.690368,85000),
(4687,1,4392,NULL,1,2.6486,15000),
(4688,7,4393,NULL,1,1.660032,85000),
(4689,1,4394,NULL,1,2.77324,15000),
(4690,7,4395,NULL,1,0.939072,85000),
(4691,1,4396,NULL,1,3.39264,15000),
(4692,1,4397,NULL,1,3.0096,15000),
(4693,7,4398,NULL,1,1.497024,85000),
(4694,1,4399,NULL,1,0.73872,15000),
(4695,7,4400,NULL,1,1.707264,85000),
(4696,1,4401,NULL,1,0.7752,15000),
(4697,7,4402,NULL,1,2.8704,85000),
(4698,1,4403,NULL,1,1.568336,15000),
(4699,7,4404,NULL,1,0.2496,85000),
(4700,1,4405,NULL,1,2.433216,15000),
(4701,7,4406,NULL,1,0.414,85000),
(4702,1,4407,NULL,2,1.99424,15000),
(4703,7,4408,NULL,2,0.324,85000),
(4704,1,4409,NULL,1,2.68584,15000),
(4705,7,4410,NULL,4,0.78,85000),
(4706,1,4411,NULL,1,2.0976384,15000),
(4707,7,4412,NULL,1,0.578,85000),
(4708,1,4413,NULL,1,1.8954,15000),
(4709,1,4414,NULL,1,2.19024,15000),
(4710,7,4415,NULL,1,0.536,85000),
(4711,1,4416,NULL,1,1.1154,15000),
(4712,7,4417,NULL,1,0.496,85000),
(4713,1,4418,NULL,1,3.22608,15000),
(4714,7,4419,NULL,1,1.952,85000),
(4715,7,4420,NULL,1,0.909,85000),
(4716,7,4421,NULL,1,0.8816,85000),
(4717,7,4422,NULL,1,2.86212,85000),
(4718,7,4423,NULL,1,5.311488,85000),
(4719,7,4424,NULL,1,0.886464,85000),
(4720,7,4425,NULL,1,0.36828,85000),
(4721,7,4426,NULL,1,0.715392,85000),
(4722,7,4427,NULL,1,0.741096,85000),
(4723,7,4428,NULL,1,0.263872,85000),
(4724,7,4429,NULL,1,1.04272,85000),
(4725,7,4430,NULL,1,1.024128,85000),
(4726,7,4431,NULL,1,0.459648,85000),
(4727,7,4432,NULL,1,1.4784,85000),
(4728,7,4433,NULL,1,2.420096,85000),
(4729,7,4434,NULL,1,2.016,85000),
(4730,7,4435,NULL,1,0.799008,85000),
(4731,7,4436,NULL,1,1.0788,85000),
(4732,7,4131,NULL,1,0.516,85000),
(4733,1,4437,NULL,1,1.4976,15000),
(4734,7,4438,NULL,1,1.32,85000),
(4735,7,4439,NULL,1,0.69984,85000),
(4736,1,4440,NULL,1,1.7536,15000),
(4737,7,4441,NULL,1,1.18992,85000),
(4738,1,4442,NULL,1,2.1248,15000),
(4739,7,4443,NULL,1,0.7192,85000),
(4740,1,4444,NULL,1,2.432,15000),
(4741,7,4445,NULL,1,1.09824,85000),
(4742,1,4446,NULL,2,1.82368,15000),
(4743,7,4447,NULL,0,0,85000),
(4744,7,4448,NULL,1,1.130976,85000),
(4745,7,4449,NULL,1,0.656064,85000),
(4746,1,4450,NULL,1,1.1152,15000),
(4747,7,4451,NULL,1,0.742016,85000),
(4748,1,4452,NULL,1,1.58592,15000),
(4749,7,4453,NULL,1,0.86184,85000),
(4750,1,4454,NULL,1,1.2096,15000),
(4751,7,4455,NULL,1,2.4472,85000),
(4752,7,4456,NULL,1,0.961632,85000),
(4753,1,4457,NULL,1,1.87136,15000),
(4754,1,4458,NULL,1,1.5488,15000),
(4755,7,4459,NULL,1,1.161216,85000),
(4756,1,4460,NULL,1,1.91488,15000),
(4757,1,4461,NULL,1,1.08416,15000),
(4758,1,4462,NULL,1,1.09824,15000),
(4759,1,4463,NULL,1,0.864,15000),
(4760,1,4464,NULL,1,3.672,15000),
(4761,1,4465,NULL,1,2.5488,15000),
(4762,7,4466,NULL,1,2.17152,85000),
(4763,7,4467,NULL,1,1.401856,85000),
(4764,7,4468,NULL,1,1.106028,85000),
(4765,7,4469,NULL,1,2.39148,85000),
(4766,7,4470,NULL,1,5.6256,85000),
(4767,7,4471,NULL,1,2.370456,85000),
(4768,7,4472,NULL,1,1.69344,85000),
(4769,7,4473,NULL,1,1.19196,85000),
(4770,7,4474,NULL,1,5.94864,85000),
(4771,1,4475,NULL,1,4.32,15000),
(4772,1,4476,NULL,1,1.16736,15000),
(4773,1,4477,NULL,1,0.8,15000),
(4774,1,4478,NULL,1,0.976,15000),
(4775,1,4479,NULL,2,1.25664,15000),
(4776,1,4480,NULL,1,4.27392,15000),
(4777,1,4481,NULL,1,1.4688,15000),
(4779,1,4482,NULL,1,2.13344,15000),
(4780,1,4483,NULL,1,1.6704,15000),
(4781,1,4484,NULL,1,2.6496,15000),
(4782,1,4485,NULL,1,2.51968,15000),
(4783,1,4486,NULL,1,2.52,15000),
(4784,1,4487,NULL,1,1.7056,15000),
(4785,1,4488,NULL,1,2.2048,15000),
(4786,1,4489,NULL,1,2.08,15000),
(4787,1,4490,NULL,1,2.128,15000),
(4788,1,4491,NULL,1,2.688,15000),
(4789,1,4492,NULL,1,2.816,15000),
(4790,1,4493,NULL,1,2.9104,15000),
(4791,1,4494,NULL,1,3.3408,15000),
(4793,1,4496,NULL,1,3.96,15000),
(4794,1,4497,NULL,1,3.46112,15000),
(4795,1,4498,NULL,1,3.5776,15000),
(4796,1,4499,NULL,1,1.9926,15000),
(4797,1,4500,NULL,1,5.206016,15000),
(4798,1,4501,NULL,1,1.3776,15000),
(4799,1,4502,NULL,1,1.428,15000),
(4800,1,4503,NULL,1,0.84,15000),
(4801,1,4504,NULL,1,2.34608,15000),
(4802,1,4505,NULL,1,2.0898,15000),
(4803,1,4506,NULL,1,2.028224,15000),
(4804,1,4507,NULL,1,3.01344,15000),
(4805,1,4508,NULL,1,4.30144,15000),
(4806,1,4509,NULL,1,1.7248,15000),
(4807,1,4510,NULL,1,1.60688,15000),
(4808,1,4511,NULL,1,1.58752,15000),
(4809,1,4512,NULL,1,1.18096,15000),
(4810,1,4513,NULL,1,2.47104,15000),
(4811,1,4514,NULL,1,2.10496,15000),
(4812,1,4515,NULL,1,1.997952,15000),
(4813,1,4516,NULL,1,2.30912,15000),
(4814,1,4517,NULL,1,4.0128,15000),
(4815,1,4518,NULL,1,1.377,15000),
(4816,1,4519,NULL,1,2.349,15000),
(4817,1,4520,NULL,1,1.215,15000),
(4818,1,4521,NULL,1,2.5596,15000),
(4819,1,4522,NULL,1,2.5758,15000),
(4820,1,4523,NULL,1,0.864,15000),
(4821,1,4524,NULL,1,4.086,15000),
(4822,1,4525,NULL,1,2.475,15000),
(4823,1,4526,NULL,1,2.7216,15000),
(4824,7,4527,NULL,1,1.77008,85000),
(4825,1,4528,NULL,1,1.33956,15000),
(4826,7,4529,NULL,1,1.442688,85000),
(4827,1,4530,NULL,1,2.06388,15000),
(4828,1,4531,NULL,1,1.8018,15000),
(4829,1,4532,NULL,1,1.6848,15000),
(4830,1,4533,NULL,1,3.51,15000),
(4831,1,4534,NULL,1,2.33064,15000),
(4832,7,4535,NULL,1,1.96248,85000),
(4833,1,4536,NULL,1,4.4352,15000),
(4834,7,4537,NULL,1,4.550112,85000),
(4835,1,4538,NULL,1,6.4728,15000),
(4836,1,4539,NULL,1,3.0912,15000),
(4837,7,4540,NULL,1,4.3056,85000),
(4838,1,4541,NULL,1,2.23744,15000),
(4839,1,4542,NULL,1,2.7968,15000),
(4840,1,4543,NULL,1,3.77568,15000),
(4841,7,4544,NULL,1,3.360192,85000),
(4842,7,4545,NULL,1,6.954816,85000),
(4843,7,4546,NULL,1,4.013568,85000),
(4844,7,4547,NULL,1,2.742336,85000),
(4845,8,4548,NULL,1,0.8928,60000),
(4846,8,4549,NULL,1,1.86496,60000),
(4847,8,4550,NULL,1,2.26176,60000),
(4848,8,4551,NULL,1,1.9344,60000),
(4849,8,4552,NULL,1,5.7536,60000),
(4850,8,4553,NULL,1,9.8208,60000),
(4851,8,4554,NULL,1,5.19498,60000),
(4852,7,4555,NULL,1,6.92664,60000),
(4853,8,4556,NULL,1,1.612,60000),
(4854,8,4557,NULL,1,1.7732,60000),
(4855,8,4558,NULL,1,5.208,60000),
(4856,8,4559,NULL,1,2.98685,60000),
(4857,7,4560,NULL,1,3.3046,60000),
(4858,8,4561,NULL,1,5.6606,60000),
(4859,8,4562,NULL,1,5.90612,60000),
(4860,1,4563,NULL,1,2.6696,15000),
(4861,1,4564,NULL,1,1.19568,15000),
(4862,8,4565,NULL,1,6.38352,60000),
(4863,1,4566,NULL,1,2.12064,15000),
(4864,8,4567,NULL,1,6.43808,60000),
(4865,1,4568,NULL,1,1.60176,15000),
(4866,8,4569,NULL,1,13.4354,60000),
(4867,1,4570,NULL,1,3.6096,15000),
(4868,8,3044,NULL,1,1.2555,60000),
(4869,1,4571,NULL,1,1.4016,15000),
(4870,8,4572,NULL,1,2.821,60000),
(4871,1,4573,NULL,1,1.99104,15000),
(4872,1,4574,NULL,1,3.25248,15000),
(4873,1,4575,NULL,1,2.585856,15000),
(4874,8,4576,NULL,1,4.2315,60000),
(4875,1,4577,NULL,1,3.750912,15000),
(4876,8,4578,NULL,1,4.495,60000),
(4877,1,4579,NULL,1,2.79936,15000),
(4878,1,4580,NULL,1,2.074464,15000),
(4879,1,4581,NULL,1,3.185,15000),
(4880,1,4582,NULL,1,1.2,15000),
(4881,1,4583,NULL,1,1,15000),
(4882,1,4584,NULL,1,1.4484,15000),
(4883,1,4585,NULL,1,2.4072,15000),
(4884,1,4586,NULL,1,1.2688,15000),
(4885,1,4587,NULL,1,2.6288,15000),
(4886,1,4588,NULL,1,2.2,15000),
(4887,1,4589,NULL,1,2.64,15000),
(4888,1,4590,NULL,1,2.0832,15000),
(4889,1,4591,NULL,1,2.0532,15000),
(4890,1,4592,NULL,1,2.16,15000),
(4891,1,4593,NULL,1,2.652,15000),
(4892,1,4594,NULL,1,2.8944,15000),
(4893,1,4595,NULL,1,2.576,15000),
(4894,1,4596,NULL,1,2.94,15000),
(4895,8,4597,NULL,0,2.46926162668991,60000),
(4896,1,4598,NULL,1,2.67,15000),
(4897,1,4599,NULL,1,3.69,15000),
(4898,1,4600,NULL,1,2.926,15000),
(4899,1,4601,NULL,1,2.88,15000),
(4900,8,4602,NULL,1,5.81932,60000),
(4901,1,4603,NULL,1,4.8,15000),
(4902,8,4604,NULL,1,13.07332,60000),
(4903,1,4605,NULL,1,3.63528,15000),
(4904,8,4606,NULL,1,13.68588,60000),
(4905,1,4607,NULL,1,3.5152,15000),
(4906,1,4608,NULL,0,0,15000),
(4907,8,4609,NULL,1,6.84232,60000),
(4908,1,4610,NULL,1,1.795216,15000),
(4909,1,4611,NULL,1,1.98432,15000),
(4910,1,4612,NULL,1,1.57248,15000),
(4911,1,4613,NULL,0,0,15000),
(4912,1,4614,NULL,1,1.815,15000),
(4913,1,4615,NULL,1,1.848,15000),
(4914,1,4616,NULL,1,1.716,15000),
(4915,1,4617,NULL,0,0,15000),
(4916,1,4618,NULL,1,2.0636,15000),
(4917,1,4619,NULL,1,3.8236,15000),
(4918,1,4620,NULL,0,0,15000),
(4919,1,4621,NULL,0,0,15000),
(4920,1,4622,NULL,0,0,15000),
(4921,1,4623,NULL,0,0,15000),
(4922,1,4624,NULL,0,0,15000),
(4923,1,4625,NULL,0,0,15000),
(4924,1,4626,NULL,0,0,15000),
(4925,1,4627,NULL,1,2.90244,15000),
(4926,1,4628,NULL,1,3.482928,15000),
(4927,1,4629,NULL,1,3.88056,15000),
(4928,1,4630,NULL,0,0,15000),
(4929,1,4631,NULL,1,5.11176,15000),
(4930,1,4632,NULL,1,2.673568,15000),
(4932,1,4633,NULL,1,3.383296,15000),
(4933,7,4634,NULL,1,3.33312,60000),
(4934,1,4635,NULL,1,2.928,15000),
(4935,8,4636,NULL,1,15.75296,60000),
(4936,1,4637,NULL,1,2.05632,15000),
(4937,7,4638,NULL,1,10.08864,60000),
(4938,1,4639,NULL,1,2.5344,15000),
(4939,1,4640,NULL,1,8.7552,15000),
(4940,1,4641,NULL,1,3.66912,15000),
(4941,8,4642,NULL,1,7.11512,60000),
(4942,1,4643,NULL,1,4.4928,15000),
(4943,1,4644,NULL,1,4.70112,15000),
(4944,8,4645,NULL,1,13.17004,60000),
(4945,1,4646,NULL,1,3.672,15000),
(4946,8,4647,NULL,1,1.16932,60000),
(4947,1,4648,NULL,1,3.84896,15000),
(4948,8,4649,NULL,1,5.28736,60000),
(4949,1,4650,NULL,1,2.970072,15000),
(4950,8,4651,NULL,0,5.00926530708885,60000),
(4951,1,4652,NULL,1,3.887,15000),
(4952,7,3221,NULL,1,1.4787,60000),
(4953,1,4653,NULL,1,3.8324,15000),
(4954,1,4654,NULL,1,3.42992,15000),
(4955,1,4655,NULL,1,7.15,15000),
(4956,8,4656,NULL,1,2.232,60000),
(4957,1,4657,NULL,1,7.1162,15000),
(4958,8,4658,NULL,1,2.8458,60000),
(4959,1,4659,NULL,1,3.94944,15000),
(4960,1,4660,NULL,1,4.2504,15000),
(4961,8,4661,NULL,1,0.8184,60000),
(4962,1,4662,NULL,1,4.662192,15000),
(4963,1,4663,NULL,1,5.425056,15000),
(4964,8,4664,NULL,0,1.68147728090858,60000),
(4965,1,4665,NULL,1,4.9266,15000),
(4966,8,4666,NULL,1,1.2958,60000),
(4967,1,4667,NULL,1,5.432,15000),
(4968,1,4668,NULL,1,6.762,15000),
(4969,8,4669,NULL,1,5.4405,60000),
(4970,1,4670,NULL,1,3.841952,15000),
(4971,8,4671,NULL,1,4.216,60000),
(4972,8,4672,NULL,1,0.1608,60000),
(4973,1,4673,NULL,1,5.515776,15000),
(4974,8,4674,NULL,1,0.58548,60000),
(4975,1,4675,NULL,1,4.512,15000),
(4976,8,4676,NULL,1,0.57408,60000),
(4977,1,4677,NULL,1,4.947,15000),
(4978,8,4678,NULL,1,0.579968,60000),
(4979,1,4679,NULL,1,4.59,15000),
(4980,1,4680,NULL,1,4.6956,15000),
(4981,8,4681,NULL,1,0.578496,60000),
(4982,1,4682,NULL,1,8.1168,15000),
(4983,1,4683,NULL,1,5.415,15000),
(4984,8,4684,NULL,1,0.336,60000),
(4985,1,4685,NULL,1,5.21472,15000),
(4986,8,4686,NULL,1,0.373248,60000),
(4987,1,4687,NULL,1,6.9216,15000),
(4988,1,4688,NULL,1,5.73852,15000),
(4989,8,4689,NULL,1,0.39712,60000),
(4990,1,4690,NULL,0,0,15000),
(4991,8,4691,NULL,1,0.1656,60000),
(4992,1,4692,NULL,0,0,15000),
(4993,1,4693,NULL,1,6.804,15000),
(4994,8,4694,NULL,1,0.1188,60000),
(4995,8,4695,NULL,1,0.443232,60000),
(4996,3,4696,NULL,1,0.41664,20000),
(4997,8,4697,NULL,1,0.256,60000),
(4998,3,4698,NULL,1,0.70432,20000),
(4999,3,4699,NULL,1,1.10112,20000),
(5000,8,4700,NULL,1,0.324,60000),
(5001,3,4701,NULL,1,1.11104,20000),
(5002,8,4702,NULL,1,0.234,60000),
(5003,3,4703,NULL,1,1.12096,20000),
(5004,8,4704,NULL,1,0.4664,60000),
(5005,3,4705,NULL,1,1.24992,20000),
(5006,8,4706,NULL,1,0.462,60000),
(5007,3,4707,NULL,1,1.6864,20000),
(5008,8,4708,NULL,1,0.3584,60000),
(5009,3,4709,NULL,1,11.5444,20000),
(5010,3,4710,NULL,1,1.1284,20000),
(5011,8,4711,NULL,1,1.4744,60000),
(5012,3,4712,NULL,1,1.302,20000),
(5013,8,4713,NULL,1,0.175824,60000),
(5014,3,4714,NULL,0,6.76544005203247,20000),
(5015,8,4715,NULL,1,0.2904,60000),
(5016,3,4716,NULL,1,2.0615,20000),
(5017,8,4717,NULL,1,0.53064,60000),
(5018,3,4718,NULL,1,2.17,20000),
(5019,8,4719,NULL,1,0.1848,60000),
(5020,3,4720,NULL,1,2.48,20000),
(5021,8,4721,NULL,1,0.32912,60000),
(5022,3,4722,NULL,1,2.8985,20000),
(5023,3,4723,NULL,1,3.224,20000),
(5024,8,4724,NULL,1,2.23696,60000),
(5025,3,4725,NULL,1,3.6115,20000),
(5026,3,4726,NULL,1,3.7045,20000),
(5027,8,4727,NULL,1,0.248064,60000),
(5028,3,4728,NULL,1,0.79856,20000),
(5029,8,4729,NULL,1,0.168,60000),
(5030,3,4730,NULL,1,0.90272,20000),
(5031,8,4731,NULL,1,0.205632,60000),
(5032,3,4732,NULL,1,0.97216,20000),
(5033,3,4733,NULL,1,2.8644,20000),
(5034,3,4734,NULL,1,3.472,20000),
(5035,3,4735,NULL,1,3.9928,20000),
(5036,3,4736,NULL,1,0.3348,20000),
(5037,3,3076,NULL,1,0.558,20000),
(5038,3,4737,NULL,1,1.302,20000),
(5039,3,4738,NULL,1,1.488,20000),
(5040,3,4739,NULL,1,1.953,20000),
(5041,3,4740,NULL,1,2.2134,20000),
(5042,3,4741,NULL,0,3.48936004600525,20000),
(5043,3,4742,NULL,0,4.5179400595665,20000),
(5044,3,4743,NULL,1,0.5952,20000),
(5045,3,4744,NULL,1,6.66624,20000),
(5046,3,4745,NULL,0,10.4421889511719,20000),
(5047,3,3137,NULL,1,0.651,20000),
(5048,3,4746,NULL,1,1.2152,20000),
(5049,3,4747,NULL,1,1.4105,20000),
(5050,8,4748,NULL,1,0.347424,60000),
(5051,3,4749,NULL,1,1.519,20000),
(5052,8,4750,NULL,1,0.2448,60000),
(5053,3,4751,NULL,1,1.6058,20000),
(5054,8,4752,NULL,1,0.434304,60000),
(5055,3,4753,NULL,1,1.953,20000),
(5056,8,4754,NULL,1,0.442368,60000),
(5057,8,4755,NULL,1,0.16744,60000),
(5058,8,4756,NULL,1,0.554112,60000),
(5059,8,4757,NULL,1,0.415896,60000),
(5060,8,4758,NULL,1,0.755904,60000),
(5061,8,4759,NULL,1,1.58704,60000),
(5062,8,4760,NULL,1,0.7104,60000),
(5063,8,4761,NULL,1,0.2204,60000),
(5064,8,4762,NULL,1,0.259896,60000),
(5065,8,4763,NULL,1,0.222,60000),
(5066,8,4764,NULL,2,0.21,60000),
(5067,8,4765,NULL,1,1.5,60000),
(5068,8,4766,NULL,1,0.37632,60000),
(5069,8,4767,NULL,1,0.8844,60000),
(5070,8,4768,NULL,1,0.329728,60000),
(5071,8,4769,NULL,1,0.8364,60000),
(5072,8,4770,NULL,1,0.379904,60000),
(5073,8,4771,NULL,1,0.4484,60000),
(5074,8,4772,NULL,1,0.597856,60000),
(5075,8,4773,NULL,1,0.378,60000),
(5076,8,4774,NULL,1,0.254016,60000),
(5077,8,4775,NULL,1,1.548,60000),
(5078,8,4776,NULL,1,2.241,60000),
(5079,8,4777,NULL,1,0.192864,60000),
(5080,8,4778,NULL,1,0.5152,60000),
(5081,8,4779,NULL,1,0.253792,60000),
(5082,8,4780,NULL,1,0.15456,60000),
(5083,8,4781,NULL,1,0.9472,60000),
(5084,8,4782,NULL,1,1.064,60000),
(5085,8,4783,NULL,1,0.29568,60000),
(5086,8,4784,NULL,1,0.2704,60000),
(5087,8,4785,NULL,1,0.212576,60000),
(5088,8,4786,NULL,1,0.72072,60000),
(5089,8,4787,NULL,1,0.554112,60000),
(5090,8,4788,NULL,0,0,60000),
(5091,8,4789,NULL,1,0.59904,60000),
(5092,8,4790,NULL,0,0,60000),
(5093,8,4791,NULL,1,1.54752,60000),
(5094,7,4792,NULL,0,0,60000),
(5095,8,4793,NULL,1,0.39312,60000),
(5096,8,4794,NULL,1,0.620256,60000),
(5097,8,4795,NULL,0,0,60000),
(5098,8,4796,NULL,0,0,60000),
(5099,8,4797,NULL,1,0.92904,60000),
(5100,8,4798,NULL,1,0.547456,60000),
(5101,8,4799,NULL,1,0.9152,60000),
(5102,8,4800,NULL,1,2.020032,60000),
(5103,8,4801,NULL,0,0,60000),
(5104,8,4802,NULL,1,0.83776,60000),
(5105,8,4803,NULL,1,1.96664,60000),
(5106,8,4804,NULL,1,0.512512,60000),
(5107,8,4805,NULL,1,5.16256,60000),
(5108,8,4806,NULL,1,0.34272,60000),
(5109,8,4807,NULL,1,2.12576,60000),
(5110,8,4808,NULL,1,2.632032,60000),
(5111,8,4809,NULL,1,0.731136,60000),
(5112,8,4810,NULL,0,0,60000),
(5113,8,4811,NULL,5,4.9392,60000),
(5114,8,4812,NULL,1,6.0996,60000),
(5115,8,4813,NULL,1,0.17136,60000),
(5116,8,4814,NULL,1,0.399168,60000),
(5117,8,4815,NULL,0,0,60000),
(5118,8,4816,NULL,1,0.59136,60000),
(5119,8,4817,NULL,0,0,60000),
(5120,8,4818,NULL,1,0.594048,60000),
(5121,8,4819,NULL,0,0,60000),
(5122,8,4820,NULL,1,0.32712,60000),
(5123,8,4821,NULL,1,0.29928,60000),
(5124,8,4822,NULL,0,0.0184800000000001,60000),
(5125,8,4823,NULL,1,0.40832,60000),
(5126,8,4824,NULL,1,0.63,60000),
(5127,8,4825,NULL,1,0.51968,60000),
(5128,8,4826,NULL,1,0.27612,60000),
(5129,8,4827,NULL,1,0.3456,60000),
(5130,8,4828,NULL,1,1.584,60000),
(5131,8,4829,NULL,1,0.912,60000),
(5132,8,4830,NULL,1,1.52856,60000),
(5133,8,4831,NULL,1,0.41616,60000),
(5134,8,4832,NULL,1,0.594,60000),
(5135,8,4833,NULL,1,0.70512,60000),
(5136,8,4834,NULL,1,0.912,60000),
(5137,8,4835,NULL,1,1.07328,60000),
(5138,8,4836,NULL,1,0.8832,60000),
(5139,8,4837,NULL,1,1.29888,60000),
(5140,8,4838,NULL,1,1.845,60000),
(5141,8,4839,NULL,1,0.53136,60000),
(5142,8,4840,NULL,1,1.467,60000),
(5143,8,4841,NULL,1,1.2408,60000),
(5144,8,4842,NULL,1,1.60056,60000),
(5145,8,4843,NULL,1,1.176,60000),
(5146,8,4844,NULL,1,1.09296,60000),
(5147,8,4845,NULL,0,0.021216,60000),
(5148,8,4846,NULL,1,1.277448,60000),
(5149,8,4847,NULL,1,1.990912,60000),
(5150,8,4848,NULL,1,1.148364,60000),
(5151,8,4849,NULL,1,0.21504,60000),
(5152,8,4850,NULL,1,1.388016,60000),
(5153,8,4851,NULL,1,0.38912,60000),
(5154,8,4852,NULL,1,0.774144,60000),
(5155,8,4853,NULL,1,1.956848,60000),
(5156,8,4854,NULL,1,1.043328,60000),
(5157,8,4855,NULL,1,0.24,60000),
(5158,8,4856,NULL,0,0,60000),
(5159,8,4857,NULL,1,0.382976,60000),
(5160,8,4858,NULL,1,0.16128,60000),
(5161,8,4859,NULL,1,0.66816,60000),
(5162,8,4860,NULL,1,0.461824,60000),
(5163,8,4861,NULL,1,2.28288,60000),
(5164,8,4862,NULL,1,0.312832,60000),
(5165,8,4863,NULL,1,3.114032,60000),
(5166,8,4864,NULL,0,0,60000),
(5167,8,4865,NULL,1,0.235144,60000),
(5168,8,4866,NULL,0,0,60000),
(5169,8,4867,NULL,1,1.405152,60000),
(5170,8,4868,NULL,0,0,60000),
(5171,8,4869,NULL,0,0,60000),
(5172,8,4870,NULL,1,1.268064,60000),
(5173,8,4871,NULL,1,2.29824,60000),
(5174,8,4872,NULL,1,0.166464,60000),
(5175,8,4873,NULL,0,0,60000),
(5176,8,4874,NULL,1,0.70448,60000),
(5177,9,4875,NULL,5,7.4865,70000),
(5178,8,4876,NULL,1,0.7072,60000),
(5179,9,4877,NULL,4,3.73302,70000),
(5180,8,4878,NULL,1,0.61472,60000),
(5181,9,4879,NULL,1,4.1478,70000),
(5182,8,4880,NULL,1,0.404064,60000),
(5183,9,4881,NULL,16,5.80692,70000),
(5184,8,4882,NULL,1,0.79344,60000),
(5185,9,4883,NULL,1,5.21792,70000),
(5186,8,4884,NULL,1,0.749952,60000),
(5187,9,4885,NULL,2,0.2898,70000),
(5188,8,4886,NULL,1,0.6696,60000),
(5189,9,4887,NULL,1,0.7812,70000),
(5190,8,4888,NULL,1,0.432,60000),
(5191,9,4889,NULL,1,5.74,70000),
(5192,8,4890,NULL,1,0.532224,60000),
(5193,8,4891,NULL,1,0.345168,60000),
(5194,8,4892,NULL,1,0.28272,60000),
(5195,8,4893,NULL,1,0.725648,60000),
(5196,8,4894,NULL,1,0.7728,60000),
(5197,8,4895,NULL,1,1.74432,60000),
(5198,8,4896,NULL,1,2.912,60000),
(5199,8,4897,NULL,1,0.672,60000),
(5200,8,4898,NULL,1,0.51968,60000),
(5201,8,4899,NULL,1,0.536256,60000),
(5202,8,4900,NULL,1,1.467648,60000),
(5203,8,4901,NULL,1,1.182216,60000),
(5204,8,4902,NULL,1,0.37632,60000),
(5205,8,4903,NULL,1,1.496544,60000),
(5206,8,4904,NULL,1,0.906528,60000),
(5207,8,4905,NULL,1,2.44608,60000),
(5208,8,4906,NULL,0,0,60000),
(5209,8,4907,NULL,1,3.300696,60000),
(5210,8,4908,NULL,0,0,60000),
(5211,8,4909,NULL,1,2.535624,60000),
(5212,8,4910,NULL,1,0.22264,60000),
(5213,8,4911,NULL,1,1.455168,60000),
(5214,8,4912,NULL,1,0.379808,60000),
(5215,8,4913,NULL,1,0.72072,60000),
(5216,8,4914,NULL,1,0.97856,60000),
(5217,8,4915,NULL,1,0.269376,60000),
(5218,8,4916,NULL,1,0.4922,60000),
(5219,8,4917,NULL,1,0.955144,60000),
(5220,8,4918,NULL,1,0.464232,60000),
(5221,8,4919,NULL,1,0.20976,60000),
(5222,8,4920,NULL,1,0.17112,60000),
(5223,8,4921,NULL,1,1.195264,60000),
(5224,8,4922,NULL,1,1.34504,60000),
(5225,8,4923,NULL,1,0.545376,60000),
(5226,8,4924,NULL,1,2.306752,60000),
(5227,8,4925,NULL,1,1.9228,60000),
(5228,8,4926,NULL,1,0.78752,60000),
(5229,8,4927,NULL,1,2.89248,60000),
(5230,8,4928,NULL,1,2.737552,60000),
(5231,8,4929,NULL,1,2.3184,60000),
(5232,8,4930,NULL,1,3.25404,60000),
(5233,8,4931,NULL,1,0.43056,60000),
(5234,8,4932,NULL,1,0.828,60000),
(5235,8,4933,NULL,1,1.61,60000),
(5236,8,4934,NULL,1,0.329472,60000),
(5237,1,5002,NULL,1,222.579993152618,NULL),
(5239,8,5025,NULL,1,10.52352,NULL),
(5240,8,5027,NULL,0,0.70336,NULL),
(5241,8,5028,NULL,1,3.0303,NULL),
(5242,8,5029,NULL,0,0,NULL),
(5243,8,5030,NULL,1,2.795856,NULL),
(5244,1,5031,NULL,0,0,NULL),
(5245,1,5032,NULL,2,3.1752,NULL),
(5246,8,5033,NULL,1,29.0870263051758,NULL),
(5247,8,5034,NULL,0,0,NULL),
(5248,8,5035,NULL,1,0.148512,NULL),
(5249,8,5036,NULL,1,0.1404,NULL),
(5250,8,5037,NULL,1,0.2736,NULL),
(5251,8,5038,NULL,1,0.2016,NULL),
(5253,8,5039,NULL,1,0.12648,NULL),
(5254,8,5040,NULL,1,0.18,NULL),
(5255,8,5041,NULL,1,0.090272,NULL),
(5257,8,5043,NULL,1,468.444,NULL),
(5258,8,5044,NULL,0,0.0372591999999976,NULL),
(5259,1,5045,NULL,1,4.048,NULL),
(5260,5,5047,NULL,0,1.475292,NULL),
(5261,5,5048,NULL,0,0.229908,NULL),
(5264,8,5049,NULL,1,5.85899981975555,NULL),
(5265,3,5050,NULL,1,61.1245581195831,NULL),
(5267,8,5051,NULL,1,0.691547978725433,NULL),
(5268,4,5052,NULL,0,0,NULL),
(5269,8,5053,NULL,0,0,NULL),
(5270,8,5054,NULL,0,0,NULL),
(5271,8,5055,NULL,0,0,NULL),
(5272,8,5056,NULL,1,2.07264,NULL),
(5273,8,5057,NULL,1,5.42196183320045,NULL),
(5274,5,5058,NULL,0,0,NULL),
(5275,5,5059,NULL,0,0,NULL),
(5276,1,5060,NULL,0,0,NULL),
(5277,1,5061,NULL,1,36.593,NULL),
(5278,1,5062,NULL,1,36.22592,NULL),
(5279,3,5034,NULL,0,0,NULL),
(5280,3,5063,NULL,1,0.513359984207153,NULL),
(5281,3,5064,NULL,1,6.2434,20000),
(5282,3,5065,NULL,1,6.479,20000),
(5283,3,5066,NULL,1,6.7146,20000),
(5284,3,5067,NULL,1,43.4178236643076,NULL),
(5285,3,5068,NULL,2,6.76172,20000),
(5286,3,5069,NULL,1,98.6962469637394,NULL),
(5289,3,5070,NULL,0,0,NULL),
(5290,3,5071,NULL,0,0,NULL),
(5291,5,3420,NULL,1,7.51872,31400),
(5293,8,5072,NULL,0,0.03552,60000),
(5295,3,5073,NULL,0,0,NULL),
(5296,3,5074,NULL,0,0,NULL),
(5297,8,5075,NULL,1,1.484032,NULL),
(5298,8,5076,NULL,0,0,NULL),
(5299,8,5077,NULL,0,0,NULL),
(5301,8,5078,NULL,1,1.560296,NULL),
(5302,8,5079,NULL,1,0.819672,NULL),
(5303,8,5080,NULL,1,0.83028,NULL),
(5304,8,5081,NULL,0,0,NULL),
(5305,1,5082,NULL,1,0.51408,NULL),
(5306,8,5083,NULL,1,73.152,NULL),
(5307,8,5084,NULL,1,1.04544,NULL),
(5308,8,5085,NULL,0,0,NULL),
(5309,8,5086,NULL,1,2.31336,NULL),
(5310,8,5087,NULL,1,3.5136,NULL),
(5311,7,4376,NULL,1,0.59616,85000),
(5313,8,5088,NULL,0,0,NULL),
(5314,8,5089,NULL,1,3.02848,NULL),
(5315,3,5090,NULL,0,0,NULL),
(5316,3,5091,NULL,0,0,NULL),
(5317,3,2873,NULL,0,57.830503304005,20000),
(5318,7,5103,NULL,0,-0.127744403079999,85000),
(5319,3,5144,NULL,0,0,NULL),
(5320,3,5145,NULL,0,0,NULL),
(5321,3,5146,NULL,1,378.658788351059,NULL),
(5322,1,5148,NULL,1,10.4635846781015,NULL),
(5323,1,5150,NULL,1,11.7505496385098,NULL),
(5324,8,5151,NULL,1,887.654096692486,NULL),
(5325,3,5153,NULL,0,0,NULL),
(5326,5,5154,NULL,1,1057.8288,NULL),
(5327,5,5155,NULL,1,3.66744,NULL),
(5328,5,5156,NULL,1,1978.6708,NULL),
(5329,5,5157,NULL,1,9.57296,NULL),
(5331,1,5158,NULL,1,39.6303987808228,NULL),
(5332,8,5159,NULL,1,1552.32,NULL),
(5333,8,5160,NULL,1,18.514944,NULL),
(5334,8,5161,NULL,1,1.637496,NULL),
(5335,3,5162,NULL,0,0,NULL),
(5336,3,5163,NULL,0,0,NULL),
(5337,1,5034,NULL,0,0,NULL),
(5339,1,5164,NULL,1,2.06976,NULL),
(5344,1,5165,NULL,1,3.04436,NULL),
(5345,1,5166,NULL,1,2.72448,NULL),
(5346,1,5167,NULL,1,1.8722,NULL),
(5347,1,5168,NULL,1,0.76384,NULL),
(5348,1,5169,NULL,1,3.24576,NULL),
(5349,7,5170,NULL,1,2.66599991798401,NULL),
(5350,5,5171,NULL,0,0,NULL),
(5351,5,5172,NULL,1,4.4352,NULL),
(5352,4,5173,NULL,1,0.888614972662926,NULL),
(5353,4,5174,NULL,0,0,NULL),
(5354,3,5175,NULL,0,0,NULL),
(5356,4,5176,NULL,0,0,NULL),
(5357,3,5177,NULL,1,61.9156780952454,NULL),
(5358,3,5178,NULL,1,357.876388990402,NULL),
(5359,4,5179,NULL,1,21.3191643441439,NULL),
(5360,4,5180,NULL,0,0,NULL),
(5362,3,5181,NULL,1,3.91715987949371,NULL),
(5363,4,5182,NULL,1,1.06593496720791,NULL),
(5364,4,5183,NULL,0,0,NULL),
(5365,3,5184,NULL,0,0,NULL),
(5366,3,5185,NULL,0,0,NULL),
(5368,4,5186,NULL,1,218.926643265009,NULL),
(5369,5,5034,NULL,0,0,NULL),
(5370,5,5187,NULL,1,4.5144,NULL),
(5371,5,5188,NULL,0,0,NULL),
(5372,5,5189,NULL,0,0,NULL),
(5374,4,5190,NULL,1,13.8259995746613,NULL),
(5375,1,5191,NULL,0,0,NULL),
(5376,4,5192,NULL,0,0,NULL),
(5377,5,5193,NULL,1,50.52768,NULL),
(5378,5,5194,NULL,1,9.12384,NULL),
(5379,4,5195,NULL,1,297.344240852594,NULL),
(5380,3,5196,NULL,1,172.359994697571,NULL),
(5381,1,5197,NULL,0,0,NULL),
(5382,5,4134,NULL,0,0,31400),
(5383,5,5198,NULL,0,0,NULL),
(5384,5,5199,NULL,0,0,NULL),
(5386,5,5200,NULL,1,1.97664,NULL),
(5387,1,5201,NULL,0,0,NULL),
(5388,1,5202,NULL,0,0,NULL),
(5389,1,5203,NULL,0,0,NULL),
(5390,1,5204,NULL,1,0.468719985580444,NULL),
(5391,3,3065,NULL,1,2.96437490880489,NULL),
(5393,3,5205,NULL,0,0,NULL),
(5394,1,5206,NULL,1,143.403515588379,NULL),
(5397,1,5209,NULL,1,0.251099992275238,NULL),
(5398,1,5210,NULL,1,5.391912,NULL),
(5399,1,5211,NULL,1,1.302912,NULL),
(5401,1,5212,NULL,0,0,NULL),
(5402,1,5213,NULL,0,0,15000),
(5403,1,5214,NULL,0,0,15000),
(5406,1,5215,NULL,0,0,NULL),
(5407,9,5216,NULL,1,161.413808234316,NULL),
(5408,5,5217,NULL,0,-8.52490080000007,27000),
(5409,5,5218,NULL,0,-0.366743999999997,27000),
(5410,1,5219,NULL,0,0,NULL),
(5412,1,5220,NULL,1,0.56,NULL),
(5413,1,5221,NULL,1,0.928,NULL),
(5414,1,5222,NULL,1,0.918,NULL),
(5415,1,5223,NULL,1,0.26624,NULL),
(5416,1,5224,NULL,0,0,15000),
(5417,1,5225,NULL,0,0,NULL),
(5418,1,5226,NULL,0,0,NULL),
(5419,1,5228,NULL,1,7.0794,NULL),
(5420,1,5229,NULL,1,0.29736,NULL),
(5421,1,5239,NULL,1,11.8368,NULL),
(5422,1,5240,NULL,1,6.7744,NULL),
(5424,3,5241,NULL,0,0,NULL),
(5425,1,5242,NULL,1,0.953856,NULL),
(5426,1,5243,NULL,1,0.90792,NULL),
(5427,1,5244,NULL,1,2.944,NULL),
(5428,3,5245,NULL,1,27.5489241524935,NULL),
(5429,1,5246,NULL,1,1008.01580898972,NULL),
(5430,7,5247,NULL,1,1.206576,NULL),
(5431,7,5248,NULL,0,0,NULL),
(5432,7,5249,NULL,2,3.493056,NULL),
(5434,5,5279,NULL,1,0.744832,NULL),
(5435,5,5280,NULL,1,1.07184,NULL),
(5436,5,5294,NULL,1,0.953672,NULL),
(5437,5,5295,NULL,1,2.20384,NULL),
(5438,5,5296,NULL,1,49.89376,NULL),
(5439,5,5298,NULL,1,1406.426112,NULL),
(5440,5,5299,NULL,1,56.370048,NULL),
(5441,4,5300,NULL,0,0,NULL),
(5442,3,5301,NULL,0,0,NULL),
(5443,8,5302,NULL,1,4.956,NULL),
(5445,5,5304,NULL,0,0,NULL),
(5446,5,5305,NULL,0,0,NULL),
(5447,5,5319,NULL,0,0,NULL),
(5448,5,5320,NULL,0,0,NULL),
(5449,1,5322,NULL,0,0,NULL),
(5450,1,5323,NULL,1,0.368279988670349,NULL),
(5453,3,5324,NULL,0,0,NULL),
(5454,4,5325,NULL,1,0.148799995422363,NULL),
(5455,1,5326,NULL,1,0.91728,NULL),
(5456,5,5327,NULL,1,2.54016,NULL),
(5457,5,5329,NULL,0,0,NULL),
(5458,5,5330,NULL,0,0,NULL),
(5459,8,5331,NULL,0,0.0840000000000032,NULL),
(5460,8,5332,NULL,1,0.33264,NULL),
(5461,8,5333,NULL,1,0.199936,NULL),
(5462,5,5334,NULL,1,3.89664,NULL),
(5463,3,5335,NULL,1,0.438959986495972,NULL),
(5464,1,5336,NULL,0,0,NULL),
(5466,3,5337,NULL,1,2.19851993236542,NULL),
(5467,1,5338,NULL,0,0,15000),
(5468,1,5339,NULL,1,175.4586,NULL),
(5469,1,5340,NULL,1,7.24104,NULL),
(5470,1,5341,NULL,0,0,15000),
(5471,1,5342,NULL,0,0,NULL),
(5473,4,5343,NULL,1,0.636119980430603,NULL),
(5474,1,5344,NULL,2,0.516459984111786,NULL),
(5475,8,5345,NULL,0,0,NULL),
(5476,8,5346,NULL,1,4.819752,NULL),
(5477,8,5347,NULL,0,8.18590314817179,NULL),
(5478,1,5348,NULL,0,0,NULL),
(5479,1,5349,NULL,1,4.0172,NULL),
(5481,3,5350,NULL,1,17.8401274511719,NULL),
(5482,8,5351,NULL,1,56.1729282719135,NULL),
(5483,1,5352,NULL,0,0,NULL),
(5485,3,5353,NULL,1,530.44873368144,NULL),
(5486,4,5354,NULL,1,63.6584980416298,NULL),
(5487,1,5355,NULL,1,106.0373567379,NULL),
(5489,1,5356,NULL,1,39.820583774972,NULL),
(5491,3,5357,NULL,0,0,NULL),
(5493,8,5358,NULL,0,0,NULL),
(5494,1,5359,NULL,1,1.9641599395752,NULL),
(5495,1,5360,NULL,0,0,15000),
(5496,1,5361,NULL,0,0,15000),
(5497,1,5362,NULL,0,0,15000),
(5498,1,5363,NULL,0,0,NULL),
(5499,1,5364,NULL,1,1.346688,NULL),
(5500,1,5365,NULL,1,89.47968,NULL),
(5501,1,5366,NULL,1,74.6928,NULL),
(5503,3,5367,NULL,1,1.73258994669914,NULL),
(5504,1,5368,NULL,1,84.55024,NULL),
(5505,1,5369,NULL,1,22.1088,NULL),
(5506,1,5370,NULL,0,0,NULL),
(5507,5,5371,NULL,0,-6.07782400000008,NULL),
(5508,5,5373,NULL,1,814.428416,NULL),
(5509,5,5374,NULL,0,1.1618496,NULL),
(5511,5,5375,NULL,1,1.48896,NULL),
(5512,1,5376,NULL,1,9.8496,NULL),
(5514,1,5382,NULL,1,0.3822,NULL),
(5515,3,5383,NULL,1,15.5925345203161,NULL),
(5516,3,5384,NULL,0,0,NULL),
(5518,5,5385,NULL,1,27.082224,NULL),
(5519,7,5386,NULL,1,3.96576,NULL),
(5520,7,5387,NULL,1,2.99376,NULL),
(5521,1,5388,NULL,0,0,NULL),
(5522,4,5389,NULL,1,14.2847995605469,NULL),
(5524,3,5390,NULL,1,9.98199969291687,NULL),
(5526,3,5391,NULL,1,308.281040516138,NULL),
(5528,1,5398,NULL,1,0.255439992141724,NULL),
(5529,8,5399,NULL,1,321.885303297621,NULL),
(5530,3,5400,NULL,0,0,NULL),
(5533,1,5401,NULL,1,92.1425371653557,NULL),
(5534,1,5402,NULL,1,410.598707368469,NULL),
(5535,3,5403,NULL,1,33.8439389588356,NULL),
(5536,7,5405,NULL,1,30.1319990730286,NULL),
(5537,8,5406,NULL,1,44.2,NULL),
(5538,8,5407,NULL,0,0,NULL),
(5539,1,5410,NULL,1,4.02231187625885,NULL),
(5540,4,5411,NULL,1,3.30382489836216,NULL),
(5541,5,5412,NULL,1,8.94672,NULL),
(5542,5,5413,NULL,1,5.73648,NULL),
(5545,8,5414,NULL,0,0,NULL),
(5546,5,5415,NULL,1,9.513504,NULL),
(5548,8,5416,NULL,1,103.167996826172,NULL),
(5549,1,5417,NULL,0,0,15000),
(5550,1,5418,NULL,0,0,15000),
(5551,1,5419,NULL,0,0,15000),
(5552,1,5420,NULL,0,0,15000),
(5553,5,5421,NULL,1,2438.52912,NULL),
(5554,5,5422,NULL,1,18.532584,NULL),
(5555,1,5423,NULL,0,0,15000),
(5556,1,5424,NULL,0,0,15000),
(5557,1,5425,NULL,1,1.97568,NULL),
(5558,1,5426,NULL,1,4.92912,NULL),
(5560,8,5427,NULL,1,46.3809585731506,NULL),
(5561,1,5428,NULL,1,5.15839984130859,NULL),
(5562,5,5429,NULL,1,2183.77456,NULL),
(5563,5,5430,NULL,1,13.776448,NULL),
(5564,8,5431,NULL,1,127.307696083546,NULL),
(5565,8,5432,NULL,0,0,NULL),
(5566,8,5433,NULL,1,201.936,NULL),
(5567,8,5434,NULL,1,29.8368,NULL),
(5568,1,5435,NULL,0,0,NULL),
(5569,1,5436,NULL,0,0,NULL),
(5570,8,5437,NULL,1,8.997696,NULL),
(5571,8,5438,NULL,1,7.872768,NULL),
(5572,1,5439,NULL,0,0,NULL),
(5573,8,5440,NULL,1,0.67392,NULL),
(5575,8,5441,NULL,1,12.2536796230316,NULL),
(5576,8,5442,NULL,1,1.41752,NULL),
(5577,8,5443,NULL,1,6.543232,NULL),
(5578,8,5444,NULL,1,351.91357017384,NULL),
(5579,8,5445,NULL,1,158.33664,NULL),
(5580,8,5446,NULL,0,0,NULL),
(5581,1,5447,NULL,1,3.696,NULL),
(5583,8,5448,NULL,1,12.568848,NULL),
(5585,8,5449,NULL,1,252.068,NULL),
(5586,8,5450,NULL,1,13.468992,NULL),
(5587,8,5451,NULL,1,7.64088,NULL),
(5588,8,5452,NULL,1,0.15252,NULL),
(5589,1,5463,NULL,1,1.10544,NULL),
(5590,3,5464,NULL,1,0.806297575195313,NULL),
(5592,1,5465,NULL,0,0,15000),
(5593,8,5467,NULL,1,11.16,NULL),
(5594,8,5468,NULL,1,10.378368,NULL),
(5595,1,5469,NULL,1,19.77184,NULL),
(5596,1,5473,NULL,0,0,15000),
(5599,1,5474,NULL,0,10.4508,15000),
(5601,8,5486,NULL,1,0.28224,NULL),
(5604,8,5488,NULL,1,1.36530815799808,NULL),
(5606,3,5489,NULL,1,81.8852574809074,NULL),
(5607,1,5490,NULL,1,1.2768,NULL),
(5608,1,5491,NULL,0,0,NULL),
(5609,1,5492,NULL,1,1.2604,NULL),
(5610,1,5493,NULL,1,0.64,NULL),
(5611,1,5494,NULL,1,91.494,NULL),
(5612,1,5495,NULL,1,7.128,NULL),
(5613,5,5496,NULL,1,1317.792,NULL),
(5614,5,5497,NULL,1,39.42776,NULL),
(5615,5,5498,NULL,1,43.92288,NULL),
(5616,5,5499,NULL,0,0,NULL),
(5618,1,5500,NULL,0,0,NULL),
(5619,3,5501,NULL,1,1.30199995994568,NULL),
(5621,3,5502,NULL,1,19.7508743923903,NULL),
(5622,1,5503,NULL,0,0,NULL),
(5623,7,5504,NULL,1,9.184896,85000),
(5624,7,5505,NULL,0,0.17136,85000),
(5625,7,5034,NULL,0,0,NULL),
(5626,5,5506,NULL,1,15.08408,NULL),
(5627,5,5507,NULL,1,4.7256,NULL),
(5628,1,3285,NULL,1,0.220254993224144,NULL),
(5629,3,5508,NULL,1,2.539519921875,NULL),
(5630,3,5509,NULL,1,4.73183985443115,NULL),
(5631,1,4661,NULL,1,0.450119986152649,NULL),
(5632,5,5510,NULL,1,403.2336,NULL),
(5633,5,5511,NULL,1,21.4632,NULL),
(5634,1,5512,NULL,1,0.903804972195625,NULL),
(5636,5,5513,NULL,1,769.7808,NULL),
(5637,5,5514,NULL,1,30.618,NULL),
(5638,8,5515,NULL,1,14.9632,NULL),
(5639,5,5516,NULL,1,948.64896,NULL),
(5640,5,5517,NULL,1,31.1304,NULL),
(5641,1,5518,NULL,1,1.47249995470047,NULL),
(5642,1,5519,NULL,1,7.99412475407124,NULL),
(5644,3,5520,NULL,0,0,NULL),
(5646,5,5521,NULL,1,4.501472,NULL),
(5647,5,5522,NULL,1,2.700096,NULL),
(5648,4,5523,NULL,1,178.036869522929,NULL),
(5649,1,5524,NULL,1,247.032172400379,NULL),
(5650,1,5536,NULL,1,273.419991588593,NULL),
(5652,3,5537,NULL,1,83.8859974193573,NULL),
(5653,1,5538,NULL,1,201.196,NULL),
(5654,1,5539,NULL,1,77.6,NULL),
(5655,3,5540,NULL,1,0.511499984264374,NULL),
(5656,1,5541,NULL,1,1.28721916040039,NULL),
(5657,1,5542,NULL,1,7.95980775512695,NULL),
(5659,1,5543,NULL,1,375.5268,NULL),
(5660,1,5544,NULL,1,7.46496,NULL),
(5661,1,5545,NULL,1,4.9896,NULL),
(5662,1,5546,NULL,1,14.809856,NULL),
(5663,1,5548,NULL,1,281.625071336174,NULL),
(5664,1,5549,NULL,1,21.2441443464518,NULL),
(5665,1,5554,NULL,1,18.3264,NULL),
(5666,1,5555,NULL,0,0,NULL),
(5668,7,2746,NULL,0,33.0633602542877,85000),
(5669,1,5556,NULL,0,0,15000),
(5670,3,5557,NULL,1,0.545599983215332,NULL),
(5672,1,5558,NULL,0,0,15000),
(5673,1,5559,NULL,0,0,15000),
(5675,3,5560,NULL,1,67.4510379249573,NULL),
(5676,7,5561,NULL,1,3.29095989875793,85000),
(5677,1,5562,NULL,1,0.774999976158142,NULL),
(5679,1,5563,NULL,1,11.23024,NULL),
(5680,1,5564,NULL,1,10.4832,NULL),
(5682,1,5566,NULL,1,34.8866549267578,NULL),
(5683,3,5567,NULL,1,16.7120994858742,NULL),
(5684,3,5568,NULL,1,2.76767991485596,NULL),
(5685,1,5569,NULL,0,0,NULL),
(5686,5,5570,NULL,1,3.818112,NULL),
(5687,3,5571,NULL,0,0,NULL),
(5688,1,5572,NULL,1,15.3924295264721,NULL),
(5690,5,5573,NULL,1,61.42456,NULL),
(5691,5,5574,NULL,1,22.75056,NULL),
(5692,8,5579,NULL,1,454.327721423204,NULL),
(5693,1,5581,NULL,1,78.429997587204,NULL),
(5694,1,5582,NULL,1,0.32549998998642,NULL),
(5695,4,5583,NULL,0,0,NULL),
(5696,1,5584,NULL,1,650.38464,NULL),
(5697,1,5585,NULL,1,43.392,NULL),
(5698,1,5586,NULL,1,24.382688,NULL),
(5699,3,5590,NULL,0,0,NULL),
(5700,1,5596,NULL,0,0,15000),
(5701,1,5602,NULL,1,12.416,NULL),
(5702,1,5603,NULL,1,2.27392,NULL),
(5703,1,5604,NULL,1,2.39616,NULL),
(5704,1,5605,NULL,1,6.825,NULL),
(5705,1,5606,NULL,1,668.556,NULL),
(5706,1,5607,NULL,1,18.06,NULL),
(5707,1,5608,NULL,1,16.34,NULL),
(5708,7,5609,NULL,1,1.22892,85000),
(5709,7,5610,NULL,1,0.724416,85000),
(5710,3,5611,NULL,1,23.7850592682838,NULL),
(5711,4,5613,NULL,1,21.4093743413687,NULL),
(5712,7,5614,NULL,1,1.947456,85000),
(5713,7,5615,NULL,1,1.19784,85000),
(5714,1,5616,NULL,1,191.7464,NULL),
(5715,3,5620,NULL,1,4.84621745091248,NULL),
(5716,3,5621,NULL,0,0,NULL),
(5717,1,5622,NULL,1,56.8896482498646,NULL),
(5719,7,5623,NULL,0,0,85000),
(5720,7,5624,NULL,0,0,85000),
(5722,7,5632,NULL,1,1.619712,NULL),
(5723,7,5633,NULL,1,6.3232,NULL),
(5724,7,5634,NULL,1,1.467904,NULL),
(5725,7,5635,NULL,1,0.75712,NULL),
(5726,7,5638,NULL,1,2.306776,NULL),
(5727,7,5639,NULL,1,3.567744,NULL),
(5728,7,5640,NULL,1,2.9406,NULL),
(5730,4,5643,NULL,0,0,NULL),
(5731,7,5646,NULL,1,0.482976,NULL),
(5733,7,5647,NULL,1,0.915119971847534,NULL),
(5734,3,5648,NULL,1,4.90940784896851,NULL),
(5735,4,5649,NULL,1,19.2613844074488,NULL),
(5736,3,5650,NULL,1,48.4294385101318,NULL),
(5737,3,5651,NULL,1,97.9289969873428,NULL),
(5738,3,5652,NULL,1,19.7113493936062,NULL),
(5739,7,5653,NULL,1,0.112,NULL);

/*Table structure for table `m_supplier` */

DROP TABLE IF EXISTS `m_supplier`;

CREATE TABLE `m_supplier` (
  `ID_SUPPLIER` bigint(20) NOT NULL AUTO_INCREMENT,
  `INPUT_BY` bigint(20) DEFAULT NULL,
  `NAMA_SUPPLIER` varchar(100) COLLATE latin1_general_ci NOT NULL,
  `ALAMAT_SUPPLIER` varchar(255) COLLATE latin1_general_ci DEFAULT NULL,
  `INPUT_DATE_SUPPLIER` datetime DEFAULT NULL,
  `TELP_SUPPLIER` varchar(20) COLLATE latin1_general_ci DEFAULT NULL,
  `CONTACT_PERSON` varchar(30) COLLATE latin1_general_ci DEFAULT NULL,
  PRIMARY KEY (`ID_SUPPLIER`),
  KEY `FK_SUPPL_INPUTED_BY` (`INPUT_BY`),
  CONSTRAINT `FK_SUPPL_INPUTED_BY` FOREIGN KEY (`INPUT_BY`) REFERENCES `m_user` (`ID_USER`)
) ENGINE=InnoDB DEFAULT CHARSET=latin1 COLLATE=latin1_general_ci;

/*Data for the table `m_supplier` */

/*Table structure for table `m_type` */

DROP TABLE IF EXISTS `m_type`;

CREATE TABLE `m_type` (
  `ID_TYPE` bigint(20) NOT NULL AUTO_INCREMENT,
  `TYPE` varchar(50) COLLATE latin1_general_ci NOT NULL,
  PRIMARY KEY (`ID_TYPE`)
) ENGINE=InnoDB AUTO_INCREMENT=49 DEFAULT CHARSET=latin1 COLLATE=latin1_general_ci;

/*Data for the table `m_type` */

insert  into `m_type`(`ID_TYPE`,`TYPE`) values 
(1,'THS 1730'),
(2,'SQUARE THS 1730'),
(3,'TEW 7226'),
(4,'TEW 6582'),
(5,'THYPLAST 2311'),
(6,'THYPLAST 2738'),
(7,'THYPLAST 2316'),
(8,'THS 2379'),
(9,'THSW 2344'),
(10,'THS 2842'),
(11,'SILVER STEEL '),
(12,'STAINLESS STEEL'),
(13,'A.A 1725'),
(14,'HARDOX/XAR 400'),
(15,'HARDOX/XAR 500'),
(16,'SQUARE HOLLOW SS 400'),
(17,'BESI H - BEEM'),
(18,'PIPA SCH 304 10'),
(19,'PP THS 1730'),
(20,'PP THS 1730 HD'),
(21,'TEW 7226 HD'),
(22,'PP TEW 6582 HD'),
(23,'PP TEW 6582'),
(24,'PP THYPLAST 2311'),
(25,'PP THYPLAST 2311 HD'),
(26,'PP THYPLAST 2738'),
(27,'PP THYPLAST 2738 HD'),
(28,'PP THYPLAST 2316'),
(29,'PP THYPLAST 2316 HD'),
(30,'PP THS 2379'),
(31,'PP THS 2379 HD'),
(32,'PP THSW 2344'),
(33,'PP THSW 2344 HD'),
(34,'PP THS 2842'),
(35,'PP THS 2842 HD'),
(36,'TEW 6582 HD'),
(37,'THS 2379 HD'),
(38,'THYPLAST 2311 HD'),
(39,'THYPLAST 2311 HD'),
(40,'PP TEW 6582 HD'),
(41,'PP TEW 6582 HD'),
(42,'THS 2379 HD'),
(43,'THS 1730 HD'),
(44,'STAINLESS STEEL THS 4301'),
(45,'THSW 2344 HD'),
(46,'THYPLAST 2316 HD'),
(47,'THS 2210'),
(48,'XAR 400');

/*Table structure for table `m_ukuran` */

DROP TABLE IF EXISTS `m_ukuran`;

CREATE TABLE `m_ukuran` (
  `ID_UKURAN` bigint(20) NOT NULL AUTO_INCREMENT,
  `NAMA_UKURAN` varchar(50) COLLATE latin1_general_ci NOT NULL,
  `LEBAR` decimal(10,2) DEFAULT NULL,
  `PANJANG` decimal(10,2) DEFAULT NULL,
  `TINGGI` decimal(10,2) DEFAULT NULL,
  `FAKTOR_HITUNG` decimal(10,2) DEFAULT NULL,
  PRIMARY KEY (`ID_UKURAN`),
  UNIQUE KEY `NAMA_UKURAN` (`NAMA_UKURAN`)
) ENGINE=InnoDB AUTO_INCREMENT=5657 DEFAULT CHARSET=latin1 COLLATE=latin1_general_ci;

/*Data for the table `m_ukuran` */

insert  into `m_ukuran`(`ID_UKURAN`,`NAMA_UKURAN`,`LEBAR`,`PANJANG`,`TINGGI`,`FAKTOR_HITUNG`) values 
(2657,'14 x 5833',14.00,5833.00,NULL,6.20),
(2658,'14 x 6000',14.00,6000.00,NULL,6.20),
(2659,'16 x 1810',16.00,1810.00,NULL,6.20),
(2660,'16 x 6000',16.00,6000.00,NULL,6.20),
(2661,'20 x 1105',20.00,1105.00,NULL,6.20),
(2662,'20 x 6000',20.00,6000.00,NULL,6.20),
(2663,'22 x 2750',22.00,2750.00,NULL,6.20),
(2664,'22 x 6000',22.00,6000.00,NULL,6.20),
(2665,'25 x 1386',25.00,1386.00,NULL,6.20),
(2666,'25 x 3060',25.00,3060.00,NULL,6.20),
(2667,'25 x 6000',25.00,6000.00,NULL,6.20),
(2668,'28 x 2350',28.00,2350.00,NULL,6.20),
(2669,'28 x 6000',28.00,6000.00,NULL,6.20),
(2670,'30 x 4020',30.00,4020.00,NULL,6.20),
(2671,'30 x 6000',30.00,6000.00,NULL,6.20),
(2672,'32 x 2864',32.00,2864.00,NULL,6.20),
(2673,'32 x 6000',32.00,6000.00,NULL,6.20),
(2674,'35 x 2995',35.00,2995.00,NULL,6.20),
(2675,'35 x 6000',35.00,6000.00,NULL,6.20),
(2676,'38 x 2000',38.00,2000.00,NULL,6.20),
(2677,'38 x 6000',38.00,6000.00,NULL,6.20),
(2678,'40 x 6000',40.00,6000.00,NULL,6.20),
(2679,'45 x 2420',45.00,2420.00,NULL,6.20),
(2680,'45 x 3520',45.00,3520.00,NULL,6.20),
(2681,'45 x 6000',45.00,6000.00,NULL,6.20),
(2682,'50 x 1995',50.00,1995.00,NULL,6.20),
(2683,'50 x 6000',50.00,6000.00,NULL,6.20),
(2684,'55 x 1825',55.00,1825.00,NULL,6.20),
(2685,'55 x 1831',55.00,1831.00,NULL,6.20),
(2686,'55 x 1835',55.00,1835.00,NULL,6.20),
(2687,'55 x 1838',55.00,1838.00,NULL,6.20),
(2688,'55 x 1745',55.00,1745.00,NULL,6.20),
(2689,'55 x 1761',55.00,1761.00,NULL,6.20),
(2690,'55 x 1764',55.00,1764.00,NULL,6.20),
(2691,'55 x 1788',55.00,1788.00,NULL,6.20),
(2692,'55 x 6000',55.00,6000.00,NULL,6.20),
(2693,'60 x 1024',60.00,1024.00,NULL,6.20),
(2694,'60 x 6000',60.00,6000.00,NULL,6.20),
(2695,'65 x 4503',65.00,4503.00,NULL,6.20),
(2696,'65 x 6000',65.00,6000.00,NULL,6.20),
(2697,'70 x 6000',70.00,6000.00,NULL,6.20),
(2698,'70 x 2060',70.00,2060.00,NULL,6.20),
(2699,'75 x 3065',75.00,3065.00,NULL,6.20),
(2700,'75 x 6000',75.00,6000.00,NULL,6.20),
(2701,'80 x 4018',80.00,4018.00,NULL,6.20),
(2702,'80 x 6000',80.00,6000.00,NULL,6.20),
(2703,'85 x 6000',85.00,6000.00,NULL,6.20),
(2704,'85 x 4260',85.00,4260.00,NULL,6.20),
(2705,'90 x 5615',90.00,5615.00,NULL,6.20),
(2706,'72 x 95 x 168',72.00,95.00,168.00,8.00),
(2707,'76.8 x 115 x 245',76.80,115.00,245.00,8.00),
(2708,'90 x 6000',90.00,6000.00,NULL,6.20),
(2709,'76.8 x 353 x 359',76.80,353.00,359.00,8.00),
(2710,'95 x 1005',95.00,1005.00,NULL,6.20),
(2711,'95 x 1025',95.00,1025.00,NULL,6.20),
(2712,'76.8 x 575 x 617',76.80,575.00,617.00,8.00),
(2713,'95 x 1116',95.00,1116.00,NULL,6.20),
(2714,'76.8 x 1045 x 3021',76.80,1045.00,3021.00,8.00),
(2715,'95 x 3817',95.00,3817.00,NULL,6.20),
(2716,'95 x 1014',95.00,1014.00,NULL,6.20),
(2717,'80 x 135 x 144',80.00,135.00,144.00,8.00),
(2718,'100 x 4080',100.00,4080.00,NULL,6.20),
(2719,'100 x 6000',100.00,6000.00,NULL,6.20),
(2720,'82 x 325 x 750',82.00,325.00,750.00,8.00),
(2721,'105 x 444',105.00,444.00,NULL,6.20),
(2722,'82 x 1030 x 3648',82.00,1030.00,3648.00,8.00),
(2723,'105 x 4410',105.00,4410.00,NULL,6.20),
(2724,'87 x 1050 x 1560',87.00,1050.00,1560.00,8.00),
(2725,'105 x 6000',105.00,6000.00,NULL,6.20),
(2726,'110 x 5042',110.00,5042.00,NULL,6.20),
(2727,'110 x 6000',110.00,6000.00,NULL,6.20),
(2728,'120 x 134',120.00,134.00,NULL,6.20),
(2729,'120 x 141',120.00,141.00,NULL,6.20),
(2730,'120 x 5145',120.00,5145.00,NULL,6.20),
(2731,'120 x 6000',120.00,6000.00,NULL,6.20),
(2732,'125 x 2218',125.00,2218.00,NULL,6.20),
(2733,'125 x 6000',125.00,6000.00,NULL,6.20),
(2734,'92 x 803 x 3800',92.00,803.00,3800.00,8.00),
(2735,'130 x 1105',130.00,1105.00,NULL,6.20),
(2736,'98 x 110 x 122',98.00,110.00,122.00,8.00),
(2737,'130 x 6000',130.00,6000.00,NULL,6.20),
(2738,'140 x 120',140.00,120.00,NULL,6.20),
(2739,'103 x 802 x 3985',103.00,802.00,3985.00,8.00),
(2740,'140 x 3585',140.00,3585.00,NULL,6.20),
(2741,'154 x 802 x 3985',154.00,802.00,3985.00,8.00),
(2742,'150 x 210',150.00,210.00,NULL,6.20),
(2743,'207 x 805 x 2980',207.00,805.00,2980.00,8.00),
(2744,'262 x 905 x 3288',262.00,905.00,3288.00,8.00),
(2745,'310 x 805 x 3155',310.00,805.00,3155.00,8.00),
(2746,'20 x 3333',20.00,3333.00,NULL,6.20),
(2747,'75 x 262',75.00,262.00,NULL,6.20),
(2748,'85 x 742',85.00,742.00,NULL,6.20),
(2749,'90 x 1310',90.00,1310.00,NULL,6.20),
(2750,'100 x 204',100.00,204.00,NULL,6.20),
(2751,'100 x 702',100.00,702.00,NULL,6.20),
(2752,'154 x 147',154.00,147.00,NULL,6.20),
(2753,'150 x 4090',150.00,4090.00,NULL,6.20),
(2754,'150 x 6000',150.00,6000.00,NULL,6.20),
(2755,'160 x 4365',160.00,4365.00,NULL,6.20),
(2756,'17 x 255 x 307',17.00,255.00,307.00,8.00),
(2757,'160 x 6000',160.00,6000.00,NULL,6.20),
(2758,'170 x 432',170.00,432.00,NULL,6.20),
(2759,'21 x 176 x 385',21.00,176.00,385.00,8.00),
(2760,'21 x 265 x 266',21.00,265.00,266.00,8.00),
(2761,'180 x 5060',180.00,5060.00,NULL,6.20),
(2762,'190 x 1080',190.00,1080.00,NULL,6.20),
(2763,'190 x 6000',190.00,6000.00,NULL,6.20),
(2764,'200 x 3940',200.00,3940.00,NULL,6.20),
(2765,'22 x 247 x 305',22.00,247.00,305.00,8.00),
(2766,'200 x 6000',200.00,6000.00,NULL,6.20),
(2767,'210 x 4850',210.00,4850.00,NULL,6.20),
(2768,'220 x 3840',220.00,3840.00,NULL,6.20),
(2769,'230 x 5732',230.00,5732.00,NULL,6.20),
(2770,'240 x 5440',240.00,5440.00,NULL,6.20),
(2771,'250 x 250',250.00,250.00,NULL,6.20),
(2772,'250 x 2085',250.00,2085.00,NULL,6.20),
(2773,'260 x 792',260.00,792.00,NULL,6.20),
(2774,'270 x 293',270.00,293.00,NULL,6.20),
(2775,'270 x 1410',270.00,1410.00,NULL,6.20),
(2776,'270 x 6000',270.00,6000.00,NULL,6.20),
(2777,'280 x 1633',280.00,1633.00,NULL,6.20),
(2778,'280 x 6000',280.00,6000.00,NULL,6.20),
(2779,'300 x 5710',300.00,5710.00,NULL,6.20),
(2780,'330 x 59',330.00,59.00,NULL,6.20),
(2781,'22 x 131 x 505',22.00,131.00,505.00,8.00),
(2782,'24 x 247 x 305',24.00,247.00,305.00,8.00),
(2783,'27 x 255 x 305',27.00,255.00,305.00,8.00),
(2784,'28 x 254 x 304',28.00,254.00,304.00,8.00),
(2785,'38 x 148 x 247',38.00,148.00,247.00,8.00),
(2786,'60 x 165 x 175',60.00,165.00,175.00,8.00),
(2787,'65 x 134 x 306',65.00,134.00,306.00,8.00),
(2788,'8 x 50 x 5600',8.00,50.00,5600.00,8.00),
(2789,'19 x 2601',19.00,2601.00,NULL,6.20),
(2790,'10 x 42 x 1200',10.00,42.00,1200.00,8.00),
(2791,'19 x 3500',19.00,3500.00,NULL,6.20),
(2792,'12 x 600 x 655',12.00,600.00,655.00,8.00),
(2793,'20.5 x 2931',20.50,2931.00,NULL,6.20),
(2794,'18 x 250 x 600',18.00,250.00,600.00,8.00),
(2795,'205 x 3940',205.00,3940.00,NULL,6.20),
(2796,'26 x 843',26.00,843.00,NULL,6.20),
(2797,'22 x 250 x 600',22.00,250.00,600.00,8.00),
(2798,'30 x 187 x 520',30.00,187.00,520.00,8.00),
(2799,'40 x 40 x 6000',40.00,40.00,6000.00,8.00),
(2800,'40 x 56 x 90',40.00,56.00,90.00,8.00),
(2801,'26 x 1886',26.00,1886.00,NULL,6.20),
(2802,'50 x 165 x 165',50.00,165.00,165.00,8.00),
(2803,'26 x 2885',26.00,2885.00,NULL,6.20),
(2804,'60 x 62 x 360',60.00,62.00,360.00,8.00),
(2805,'64 x 110 x 200',64.00,110.00,200.00,8.00),
(2806,'26 x 2915',26.00,2915.00,NULL,6.20),
(2807,'64 x 113 x 205',64.00,113.00,205.00,8.00),
(2808,'70 x 128 x 205',70.00,128.00,205.00,8.00),
(2809,'26 x 2960',26.00,2960.00,NULL,6.20),
(2810,'88 x 114 x 125',88.00,114.00,125.00,8.00),
(2811,'26 x 2985',26.00,2985.00,NULL,6.20),
(2812,'108 x 110 x 125',108.00,110.00,125.00,8.00),
(2813,'26 x 3015',26.00,3015.00,NULL,6.20),
(2814,'115 x 300 x 310',115.00,300.00,310.00,8.00),
(2815,'115 x 612 x 1130',115.00,612.00,1130.00,8.00),
(2816,'26 x 3050',26.00,3050.00,NULL,6.20),
(2817,'125 x 152 x 615',125.00,152.00,615.00,8.00),
(2818,'26 x 3140',26.00,3140.00,NULL,6.20),
(2819,'125 x 227 x 272',125.00,227.00,272.00,8.00),
(2820,'135 x 242 x 420',135.00,242.00,420.00,8.00),
(2821,'32 x 32 x 1570',32.00,32.00,1570.00,8.00),
(2822,'32 x 32 x 89',32.00,32.00,89.00,8.00),
(2823,'31 x 1464',31.00,1464.00,NULL,6.20),
(2824,'50 x 50 x 2620',50.00,50.00,2620.00,8.00),
(2825,'19 x 1993',19.00,1993.00,NULL,6.20),
(2826,'19 x 4703',19.00,4703.00,NULL,6.20),
(2827,'19 x 6000',19.00,6000.00,NULL,6.20),
(2828,'20 x 1275',20.00,1275.00,NULL,6.20),
(2829,'22 x 5470',22.00,5470.00,NULL,6.20),
(2830,'25 x 2020',25.00,2020.00,NULL,6.20),
(2831,'28 x 1555',28.00,1555.00,NULL,6.20),
(2832,'28 x 3013',28.00,3013.00,NULL,6.20),
(2833,'30 x 1902',30.00,1902.00,NULL,6.20),
(2834,'35 x 566',35.00,566.00,NULL,6.20),
(2835,'31 x 3455',31.00,3455.00,NULL,6.20),
(2836,'31 x 3485',31.00,3485.00,NULL,6.20),
(2837,'31 x 3500',31.00,3500.00,NULL,6.20),
(2838,'31 x 3670',31.00,3670.00,NULL,6.20),
(2839,'31 x 3750',31.00,3750.00,NULL,6.20),
(2840,'36 x 1894',36.00,1894.00,NULL,6.20),
(2841,'272 x 3755',272.00,3755.00,NULL,6.20),
(2842,'282 x 2737',282.00,2737.00,NULL,6.20),
(2843,'303 x 3735',303.00,3735.00,NULL,6.20),
(2844,'36 x 3900',36.00,3900.00,NULL,6.20),
(2845,'35 x 4062',35.00,4062.00,NULL,6.20),
(2846,'36 x 3960',36.00,3960.00,NULL,6.20),
(2847,'41 x 1670',41.00,1670.00,NULL,6.20),
(2848,'41 x 3475',41.00,3475.00,NULL,6.20),
(2849,'40 x 1743',40.00,1743.00,NULL,6.20),
(2850,'45 x 1825',45.00,1825.00,NULL,6.20),
(2851,'46 x 1872',46.00,1872.00,NULL,6.20),
(2852,'42 x 6000',42.00,6000.00,NULL,6.20),
(2853,'46 x 2875',46.00,2875.00,NULL,6.20),
(2854,'46 x 3185',46.00,3185.00,NULL,6.20),
(2855,'46 x 3810',46.00,3810.00,NULL,6.20),
(2856,'45 x 1818',45.00,1818.00,NULL,6.20),
(2857,'50 x 2122',50.00,2122.00,NULL,6.20),
(2858,'45 x 4910',45.00,4910.00,NULL,6.20),
(2859,'50 x 3000',50.00,3000.00,NULL,6.20),
(2860,'51 x 878',51.00,878.00,NULL,6.20),
(2861,'51 x 3910',51.00,3910.00,NULL,6.20),
(2862,'51 x 3930',51.00,3930.00,NULL,6.20),
(2863,'56 x 1630',56.00,1630.00,NULL,6.20),
(2864,'56 x 3980',56.00,3980.00,NULL,6.20),
(2865,'50 x 2725',50.00,2725.00,NULL,6.20),
(2866,'60 x 2154',60.00,2154.00,NULL,6.20),
(2867,'61 x 3325',61.00,3325.00,NULL,6.20),
(2868,'55 x 3749',55.00,3749.00,NULL,6.20),
(2869,'55 x 6030',55.00,6030.00,NULL,6.20),
(2870,'65 x 642',65.00,642.00,NULL,6.20),
(2871,'60 x 3027',60.00,3027.00,NULL,6.20),
(2872,'66 x 3700',66.00,3700.00,NULL,6.20),
(2873,'65 x 4100',65.00,4100.00,NULL,6.20),
(2874,'66 x 3875',66.00,3875.00,NULL,6.20),
(2875,'70 x 2538',70.00,2538.00,NULL,6.20),
(2876,'70 x 830',70.00,830.00,NULL,6.20),
(2877,'71 x 3100',71.00,3100.00,NULL,6.20),
(2878,'71 x 3220',71.00,3220.00,NULL,6.20),
(2879,'75 x 4370',75.00,4370.00,NULL,6.20),
(2880,'75 x 285',75.00,285.00,NULL,6.20),
(2881,'80 x 812',80.00,812.00,NULL,6.20),
(2882,'76 x 3200',76.00,3200.00,NULL,6.20),
(2883,'80 x 3039',80.00,3039.00,NULL,6.20),
(2884,'85 x 1615',85.00,1615.00,NULL,6.20),
(2885,'81 x 2413',81.00,2413.00,NULL,6.20),
(2886,'90 x 510',90.00,510.00,NULL,6.20),
(2887,'81 x 3780',81.00,3780.00,NULL,6.20),
(2888,'85 x 1870',85.00,1870.00,NULL,6.20),
(2889,'95 x 4073',95.00,4073.00,NULL,6.20),
(2890,'95 x 6000',95.00,6000.00,NULL,6.20),
(2891,'100 x 2278',100.00,2278.00,NULL,6.20),
(2892,'86 x 2475',86.00,2475.00,NULL,6.20),
(2893,'86 x 2636',86.00,2636.00,NULL,6.20),
(2894,'110 x 5737',110.00,5737.00,NULL,6.20),
(2895,'90 x 2604',90.00,2604.00,NULL,6.20),
(2896,'115 x 89',115.00,89.00,NULL,6.20),
(2897,'91 x 2605',91.00,2605.00,NULL,6.20),
(2898,'115 x 429',115.00,429.00,NULL,6.20),
(2899,'91 x 2995',91.00,2995.00,NULL,6.20),
(2900,'95 x 976',95.00,976.00,NULL,6.20),
(2901,'115 x 3535',115.00,3535.00,NULL,6.20),
(2902,'115 x 5040',115.00,5040.00,NULL,6.20),
(2903,'101 x 3278',101.00,3278.00,NULL,6.20),
(2904,'115 x 6030',115.00,6030.00,NULL,6.20),
(2905,'101 x 3370',101.00,3370.00,NULL,6.20),
(2906,'120 x 188',120.00,188.00,NULL,6.20),
(2907,'120 x 1840',120.00,1840.00,NULL,6.20),
(2908,'105 x 1665',105.00,1665.00,NULL,6.20),
(2909,'120 x 3848',120.00,3848.00,NULL,6.20),
(2910,'111 x 3109',111.00,3109.00,NULL,6.20),
(2911,'121 x 3577',121.00,3577.00,NULL,6.20),
(2912,'130 x 2165',130.00,2165.00,NULL,6.20),
(2913,'131 x 3030',131.00,3030.00,NULL,6.20),
(2914,'140 x 583',140.00,583.00,NULL,6.20),
(2915,'140 x 6500',140.00,6500.00,NULL,6.20),
(2916,'132 x 190',132.00,190.00,NULL,6.20),
(2917,'150 x 796',150.00,796.00,NULL,6.20),
(2918,'160 x 765',160.00,765.00,NULL,6.20),
(2919,'141 x 2915',141.00,2915.00,NULL,6.20),
(2920,'170 x 543',170.00,543.00,NULL,6.20),
(2921,'170 x 6000',170.00,6000.00,NULL,6.20),
(2922,'180 x 1945',180.00,1945.00,NULL,6.20),
(2923,'200 x 29',200.00,29.00,NULL,6.20),
(2924,'200 x 830',200.00,830.00,NULL,6.20),
(2925,'225 x 1990',225.00,1990.00,NULL,6.20),
(2926,'230 x 3070',230.00,3070.00,NULL,6.20),
(2927,'241 x 4915',241.00,4915.00,NULL,6.20),
(2928,'250 x 50',250.00,50.00,NULL,6.20),
(2929,'250 x 5725',250.00,5725.00,NULL,6.20),
(2930,'260 x 199',260.00,199.00,NULL,6.20),
(2931,'270 x 1800',270.00,1800.00,NULL,6.20),
(2932,'301 x 848',301.00,848.00,NULL,6.20),
(2933,'151 x 3706',151.00,3706.00,NULL,6.20),
(2934,'161 x 2908',161.00,2908.00,NULL,6.20),
(2935,'171 x 2075',171.00,2075.00,NULL,6.20),
(2936,'182 x 3480',182.00,3480.00,NULL,6.20),
(2937,'192 x 3590',192.00,3590.00,NULL,6.20),
(2938,'202 x 2209',202.00,2209.00,NULL,6.20),
(2939,'212 x 2963',212.00,2963.00,NULL,6.20),
(2940,'222 x 2935',222.00,2935.00,NULL,6.20),
(2941,'22 x 4200',22.00,4200.00,NULL,6.20),
(2942,'232 x 4130',232.00,4130.00,NULL,6.20),
(2943,'242 x 3260',242.00,3260.00,NULL,6.20),
(2944,'35 x 925',35.00,925.00,NULL,6.20),
(2945,'35 x 1795',35.00,1795.00,NULL,6.20),
(2946,'252 x 3985',252.00,3985.00,NULL,6.20),
(2947,'35 x 5805',35.00,5805.00,NULL,6.20),
(2948,'55 x 3245',55.00,3245.00,NULL,6.20),
(2949,'262 x 3393',262.00,3393.00,NULL,6.20),
(2950,'55 x 5250',55.00,5250.00,NULL,6.20),
(2951,'75 x 6020',75.00,6020.00,NULL,6.20),
(2952,'85 x 375',85.00,375.00,NULL,6.20),
(2953,'15.4 x 150 x 1765',15.40,150.00,1765.00,8.00),
(2954,'85 x 6020',85.00,6020.00,NULL,6.20),
(2955,'95 x 519',95.00,519.00,NULL,6.20),
(2956,'15.4 x 150 x 4250',15.40,150.00,4250.00,8.00),
(2957,'95 x 6030',95.00,6030.00,NULL,6.20),
(2958,'15.4 x 150 x 4286',15.40,150.00,4286.00,8.00),
(2959,'100 x 296',100.00,296.00,NULL,6.20),
(2960,'105 x 170',105.00,170.00,NULL,6.20),
(2961,'15.8 x 100 x 1420',15.80,100.00,1420.00,8.00),
(2962,'105 x 4810',105.00,4810.00,NULL,6.20),
(2963,'115 x 2805',115.00,2805.00,NULL,6.20),
(2964,'15.8 x 100 x 3790',15.80,100.00,3790.00,8.00),
(2965,'120 x 248',120.00,248.00,NULL,6.20),
(2966,'15.8 x 100 x 3807',15.80,100.00,3807.00,8.00),
(2967,'125 x 885',125.00,885.00,NULL,6.20),
(2968,'280 x 700',280.00,700.00,NULL,6.20),
(2969,'15.8 x 100 x 3835',15.80,100.00,3835.00,8.00),
(2970,'290 x 85',290.00,85.00,NULL,6.20),
(2971,'21 x 363 x 544',21.00,363.00,544.00,8.00),
(2972,'310 x 838',310.00,838.00,NULL,6.20),
(2973,'21 x 500 x 3378',21.00,500.00,3378.00,8.00),
(2974,'21 x 500 x 3445',21.00,500.00,3445.00,8.00),
(2975,'26 x 500 x 923',26.00,500.00,923.00,8.00),
(2976,'26 x 500 x 2875',26.00,500.00,2875.00,8.00),
(2977,'26 x 500 x 3930',26.00,500.00,3930.00,8.00),
(2978,'31.5 x 137 x 280',31.50,137.00,280.00,8.00),
(2979,'31.5 x 237 x 502',31.50,237.00,502.00,8.00),
(2980,'370 x 126',370.00,126.00,NULL,6.20),
(2981,'31.5 x 272 x 279',31.50,272.00,279.00,8.00),
(2982,'370 x 129',370.00,129.00,NULL,6.20),
(2983,'430 x 565',430.00,565.00,NULL,6.20),
(2984,'31.5 x 500 x 3275',31.50,500.00,3275.00,8.00),
(2985,'22 x 1050 x 2595',22.00,1050.00,2595.00,8.00),
(2986,'24 x 243 x 313',24.00,243.00,313.00,8.00),
(2987,'26.8 x 1030 x 3900',26.80,1030.00,3900.00,8.00),
(2988,'27 x 66 x 257',27.00,66.00,257.00,8.00),
(2989,'31 x 125 x 310',31.00,125.00,310.00,8.00),
(2990,'31.5 x 1040 x 3950',31.50,1040.00,3950.00,8.00),
(2991,'38 x 218 x 391',38.00,218.00,391.00,8.00),
(2992,'38 x 1050 x 3356',38.00,1050.00,3356.00,8.00),
(2993,'41.7 x 579 x 712',41.70,579.00,712.00,8.00),
(2994,'41.7 x 1020 x 3316',41.70,1020.00,3316.00,8.00),
(2995,'46 x 50 x 520',46.00,50.00,520.00,8.00),
(2996,'46.8 x 1015 x 3970',46.80,1015.00,3970.00,8.00),
(2997,'52.5 x 1050 x 3510',52.50,1050.00,3510.00,8.00),
(2998,'56.7 x 1014 x 3765',56.70,1014.00,3765.00,8.00),
(2999,'60 x 70 x 247',60.00,70.00,247.00,8.00),
(3000,'61.8 x 496 x 576',61.80,496.00,576.00,8.00),
(3001,'61.8 x 804 x 3320',61.80,804.00,3320.00,8.00),
(3002,'67 x 1010 x 3730',67.00,1010.00,3730.00,8.00),
(3003,'31.5 x 500 x 3553',31.50,500.00,3553.00,8.00),
(3004,'41 x 249 x 266',41.00,249.00,266.00,8.00),
(3005,'41 x 500 x 1716',41.00,500.00,1716.00,8.00),
(3006,'41 x 500 x 3133',41.00,500.00,3133.00,8.00),
(3007,'41 x 500 x 3400',41.00,500.00,3400.00,8.00),
(3008,'51.5 x 96 x 272',51.50,96.00,272.00,8.00),
(3009,'51.5 x 500 x 2424',51.50,500.00,2424.00,8.00),
(3010,'13 x 235',13.00,235.00,NULL,6.20),
(3011,'16 x 65',16.00,65.00,NULL,6.20),
(3012,'51.5 x 500 x 3730',51.50,500.00,3730.00,8.00),
(3013,'16 x 79',16.00,79.00,NULL,6.20),
(3014,'16 x 102',16.00,102.00,NULL,6.20),
(3015,'51.5 x 500 x 3860',51.50,500.00,3860.00,8.00),
(3016,'72 x 127 x 295',72.00,127.00,295.00,8.00),
(3017,'16 x 103',16.00,103.00,NULL,6.20),
(3018,'72 x 500 x 696',72.00,500.00,696.00,8.00),
(3019,'16 x 108',16.00,108.00,NULL,6.20),
(3020,'88 x 120 x 410',88.00,120.00,410.00,8.00),
(3021,'16 x 110',16.00,110.00,NULL,6.20),
(3022,'16 x 305',16.00,305.00,NULL,6.20),
(3023,'89 x 95 x 374',89.00,95.00,374.00,8.00),
(3024,'20 x 49',20.00,49.00,NULL,6.20),
(3025,'92 x 500 x 3648',92.00,500.00,3648.00,8.00),
(3026,'20 x 53',20.00,53.00,NULL,6.20),
(3027,'20 x 280',20.00,280.00,NULL,6.20),
(3028,'101 x 100 x 3000',101.00,100.00,3000.00,8.00),
(3029,'20 x 348',20.00,348.00,NULL,6.20),
(3030,'20 x 370',20.00,370.00,NULL,6.20),
(3031,'101 x 100 x 3940',101.00,100.00,3940.00,8.00),
(3032,'22 x 99',22.00,99.00,NULL,6.20),
(3033,'101.5 x 600 x 3475',101.50,600.00,3475.00,8.00),
(3034,'22 x 100',22.00,100.00,NULL,6.20),
(3035,'112 x 500 x 3530',112.00,500.00,3530.00,8.00),
(3036,'22 x 110',22.00,110.00,NULL,6.20),
(3037,'22 x 115',22.00,115.00,NULL,6.20),
(3038,'120.5 x 600 x 3865',120.50,600.00,3865.00,8.00),
(3039,'22 x 280',22.00,280.00,NULL,6.20),
(3040,'25 x 43',25.00,43.00,NULL,6.20),
(3041,'25 x 46',25.00,46.00,NULL,6.20),
(3042,'91 x 809',91.00,809.00,NULL,6.20),
(3043,'25 x 70',25.00,70.00,NULL,6.20),
(3044,'25 x 81',25.00,81.00,NULL,6.20),
(3045,'101.5 x 2658',101.50,2658.00,NULL,6.20),
(3046,'25 x 87',25.00,87.00,NULL,6.20),
(3047,'25 x 98',25.00,98.00,NULL,6.20),
(3048,'111.5 x 80',111.50,80.00,NULL,6.20),
(3049,'25 x 120',25.00,120.00,NULL,6.20),
(3050,'111.5 x 90',111.50,90.00,NULL,6.20),
(3051,'25 x 150',25.00,150.00,NULL,6.20),
(3052,'111.5 x 110',111.50,110.00,NULL,6.20),
(3053,'25 x 743',25.00,743.00,NULL,6.20),
(3054,'111.5 x 1642',111.50,1642.00,NULL,6.20),
(3055,'25 x 195',25.00,195.00,NULL,6.20),
(3056,'121.5 x 2140',121.50,2140.00,NULL,6.20),
(3057,'25 x 748',25.00,748.00,NULL,6.20),
(3058,'131.5 x 2792',131.50,2792.00,NULL,6.20),
(3059,'25 x 751',25.00,751.00,NULL,6.20),
(3060,'25 x 761',25.00,761.00,NULL,6.20),
(3061,'141.5 x 3076',141.50,3076.00,NULL,6.20),
(3062,'25 x 762',25.00,762.00,NULL,6.20),
(3063,'18 x 3952',18.00,3952.00,NULL,6.20),
(3064,'32 x 4725',32.00,4725.00,NULL,6.20),
(3065,'25 x 765',25.00,765.00,NULL,6.20),
(3066,'50 x 3030',50.00,3030.00,NULL,6.20),
(3067,'28 x 50',28.00,50.00,NULL,6.20),
(3068,'28 x 260',28.00,260.00,NULL,6.20),
(3069,'65 x 4665',65.00,4665.00,NULL,6.20),
(3070,'28 x 470',28.00,470.00,NULL,6.20),
(3071,'28 x 600',28.00,600.00,NULL,6.20),
(3072,'30 x 14',30.00,14.00,NULL,6.20),
(3073,'30 x 15',30.00,15.00,NULL,6.20),
(3074,'30 x 22',30.00,22.00,NULL,6.20),
(3075,'6 x 240 x 2000',6.00,240.00,2000.00,8.00),
(3076,'30 x 30',30.00,30.00,NULL,6.20),
(3077,'30 x 40',30.00,40.00,NULL,6.20),
(3078,'30 x 41',30.00,41.00,NULL,6.20),
(3079,'6 x 990 x 4800',6.00,990.00,4800.00,8.00),
(3080,'30 x 50',30.00,50.00,NULL,6.20),
(3081,'6 x 990 x 6000',6.00,990.00,6000.00,8.00),
(3082,'30 x 52',30.00,52.00,NULL,6.20),
(3083,'12 x 325 x 6000',12.00,325.00,6000.00,8.00),
(3084,'12.3 x 45 x 6000',12.30,45.00,6000.00,8.00),
(3085,'30 x 53',30.00,53.00,NULL,6.20),
(3086,'15.6 x 41.3 x 6034',15.60,41.30,6034.00,8.00),
(3087,'15.6 x 46 x 6034',15.60,46.00,6034.00,8.00),
(3088,'30 x 55',30.00,55.00,NULL,6.20),
(3089,'15.6 x 46 x 6033',15.60,46.00,6033.00,8.00),
(3090,'20 x 95 x 180',20.00,95.00,180.00,8.00),
(3091,'15 x 1500 x 3000',15.00,1500.00,3000.00,8.00),
(3092,'15 x 1000 x 3000',15.00,1000.00,3000.00,8.00),
(3093,'30 x 73',30.00,73.00,NULL,6.20),
(3094,'30 x 75',30.00,75.00,NULL,6.20),
(3095,'30 x 107',30.00,107.00,NULL,6.20),
(3096,'35 x 135',35.00,135.00,NULL,6.20),
(3097,'35 x 142',35.00,142.00,NULL,6.20),
(3098,'30 x 108',30.00,108.00,NULL,6.20),
(3099,'30 x 116',30.00,116.00,NULL,6.20),
(3100,'35 x 147',35.00,147.00,NULL,6.20),
(3101,'30 x 150',30.00,150.00,NULL,6.20),
(3102,'30 x 171',30.00,171.00,NULL,6.20),
(3103,'30 x 185',30.00,185.00,NULL,6.20),
(3104,'35 x 148',35.00,148.00,NULL,6.20),
(3105,'30 x 190',30.00,190.00,NULL,6.20),
(3106,'35 x 185',35.00,185.00,NULL,6.20),
(3107,'30 x 225',30.00,225.00,NULL,6.20),
(3108,'35 x 203',35.00,203.00,NULL,6.20),
(3109,'30 x 320',30.00,320.00,NULL,6.20),
(3110,'35 x 223',35.00,223.00,NULL,6.20),
(3111,'30 x 524',30.00,524.00,NULL,6.20),
(3112,'35 x 232',35.00,232.00,NULL,6.20),
(3113,'30 x 592',30.00,592.00,NULL,6.20),
(3114,'30 x 740',30.00,740.00,NULL,6.20),
(3115,'35 x 235',35.00,235.00,NULL,6.20),
(3116,'30 x 745',30.00,745.00,NULL,6.20),
(3117,'35 x 236',35.00,236.00,NULL,6.20),
(3118,'30 x 747',30.00,747.00,NULL,6.20),
(3119,'35 x 265',35.00,265.00,NULL,6.20),
(3120,'30 x 750',30.00,750.00,NULL,6.20),
(3121,'35 x 275',35.00,275.00,NULL,6.20),
(3122,'30 x 762',30.00,762.00,NULL,6.20),
(3123,'35 x 285',35.00,285.00,NULL,6.20),
(3124,'32 x 50',32.00,50.00,NULL,6.20),
(3125,'35 x 287',35.00,287.00,NULL,6.20),
(3126,'32 x 73',32.00,73.00,NULL,6.20),
(3127,'38 x 88',38.00,88.00,NULL,6.20),
(3128,'32 x 95',32.00,95.00,NULL,6.20),
(3129,'38 x 290',38.00,290.00,NULL,6.20),
(3130,'32 x 102',32.00,102.00,NULL,6.20),
(3131,'38 x 295',38.00,295.00,NULL,6.20),
(3132,'35 x 28',35.00,28.00,NULL,6.20),
(3133,'38 x 515',38.00,515.00,NULL,6.20),
(3134,'40 x 25',40.00,25.00,NULL,6.20),
(3135,'40 x 38',40.00,38.00,NULL,6.20),
(3136,'40 x 90',40.00,90.00,NULL,6.20),
(3137,'35 x 30',35.00,30.00,NULL,6.20),
(3138,'40 x 99',40.00,99.00,NULL,6.20),
(3139,'35 x 37',35.00,37.00,NULL,6.20),
(3140,'40 x 106',40.00,106.00,NULL,6.20),
(3141,'35 x 38',35.00,38.00,NULL,6.20),
(3142,'40 x 114',40.00,114.00,NULL,6.20),
(3143,'35 x 40',35.00,40.00,NULL,6.20),
(3144,'40 x 113',40.00,113.00,NULL,6.20),
(3145,'35 x 42',35.00,42.00,NULL,6.20),
(3146,'40 x 218',40.00,218.00,NULL,6.20),
(3147,'35 x 50',35.00,50.00,NULL,6.20),
(3148,'40 x 243',40.00,243.00,NULL,6.20),
(3149,'35 x 58',35.00,58.00,NULL,6.20),
(3150,'45 x 25',45.00,25.00,NULL,6.20),
(3151,'35 x 60',35.00,60.00,NULL,6.20),
(3152,'45 x 49',45.00,49.00,NULL,6.20),
(3153,'35 x 62',35.00,62.00,NULL,6.20),
(3154,'45 x 715',45.00,715.00,NULL,6.20),
(3155,'35 x 85',35.00,85.00,NULL,6.20),
(3156,'50 x 17',50.00,17.00,NULL,6.20),
(3157,'35 x 100',35.00,100.00,NULL,6.20),
(3158,'50 x 23',50.00,23.00,NULL,6.20),
(3159,'35 x 104',35.00,104.00,NULL,6.20),
(3160,'50 x 36',50.00,36.00,NULL,6.20),
(3161,'35 x 113',35.00,113.00,NULL,6.20),
(3162,'50 x 56',50.00,56.00,NULL,6.20),
(3163,'35 x 139',35.00,139.00,NULL,6.20),
(3164,'60 x 80',60.00,80.00,NULL,6.20),
(3165,'35 x 233',35.00,233.00,NULL,6.20),
(3166,'38 x 75',38.00,75.00,NULL,6.20),
(3167,'60 x 25',60.00,25.00,NULL,6.20),
(3168,'38 x 374',38.00,374.00,NULL,6.20),
(3169,'60 x 11',60.00,11.00,NULL,6.20),
(3170,'38 x 376',38.00,376.00,NULL,6.20),
(3171,'60 x 37',60.00,37.00,NULL,6.20),
(3172,'40 x 20',40.00,20.00,NULL,6.20),
(3173,'60 x 75',60.00,75.00,NULL,6.20),
(3174,'40 x 22',40.00,22.00,NULL,6.20),
(3175,'65 x 31',65.00,31.00,NULL,6.20),
(3176,'40 x 30',40.00,30.00,NULL,6.20),
(3177,'65 x 58',65.00,58.00,NULL,6.20),
(3178,'65 x 175',65.00,175.00,NULL,6.20),
(3179,'65 x 225',65.00,225.00,NULL,6.20),
(3180,'70 x 25',70.00,25.00,NULL,6.20),
(3181,'70 x 43',70.00,43.00,NULL,6.20),
(3182,'75 x 98',75.00,98.00,NULL,6.20),
(3183,'80 x 55',80.00,55.00,NULL,6.20),
(3184,'80 x 118',80.00,118.00,NULL,6.20),
(3185,'80 x 124',80.00,124.00,NULL,6.20),
(3186,'85 x 21',85.00,21.00,NULL,6.20),
(3187,'85 x 40',85.00,40.00,NULL,6.20),
(3188,'40 x 40',40.00,40.00,NULL,6.20),
(3189,'90 x 17',90.00,17.00,NULL,6.20),
(3190,'90 x 123',90.00,123.00,NULL,6.20),
(3191,'40 x 41',40.00,41.00,NULL,6.20),
(3192,'40 x 64',40.00,64.00,NULL,6.20),
(3193,'40 x 82',40.00,82.00,NULL,6.20),
(3194,'95 x 28',95.00,28.00,NULL,6.20),
(3195,'40 x 85',40.00,85.00,NULL,6.20),
(3196,'110 x 13',110.00,13.00,NULL,6.20),
(3197,'40 x 93',40.00,93.00,NULL,6.20),
(3198,'120 x 62',120.00,62.00,NULL,6.20),
(3199,'40 x 95',40.00,95.00,NULL,6.20),
(3200,'130 x 21',130.00,21.00,NULL,6.20),
(3201,'40 x 122',40.00,122.00,NULL,6.20),
(3202,'140 x 14',140.00,14.00,NULL,6.20),
(3203,'150 x 45',150.00,45.00,NULL,6.20),
(3204,'160 x 22',160.00,22.00,NULL,6.20),
(3205,'40 x 411',40.00,411.00,NULL,6.20),
(3206,'40 x 407',40.00,407.00,NULL,6.20),
(3207,'170 x 36',170.00,36.00,NULL,6.20),
(3208,'40 x 555',40.00,555.00,NULL,6.20),
(3209,'300 x 20',300.00,20.00,NULL,6.20),
(3210,'40 x 674',40.00,674.00,NULL,6.20),
(3211,'40 x 713',40.00,713.00,NULL,6.20),
(3212,'16 x 78',16.00,78.00,NULL,6.20),
(3213,'45 x 22',45.00,22.00,NULL,6.20),
(3214,'16 x 83',16.00,83.00,NULL,6.20),
(3215,'19 x 285',19.00,285.00,NULL,6.20),
(3216,'19 x 554',19.00,554.00,NULL,6.20),
(3217,'20 x 72',20.00,72.00,NULL,6.20),
(3218,'20 x 102',20.00,102.00,NULL,6.20),
(3219,'45 x 33',45.00,33.00,NULL,6.20),
(3220,'45 x 40',45.00,40.00,NULL,6.20),
(3221,'45 x 53',45.00,53.00,NULL,6.20),
(3222,'20 x 133',20.00,133.00,NULL,6.20),
(3223,'45 x 59',45.00,59.00,NULL,6.20),
(3224,'45 x 84',45.00,84.00,NULL,6.20),
(3225,'45 x 85',45.00,85.00,NULL,6.20),
(3226,'45 x 119',45.00,119.00,NULL,6.20),
(3227,'50 x 34',50.00,34.00,NULL,6.20),
(3228,'20 x 233',20.00,233.00,NULL,6.20),
(3229,'50 x 51',50.00,51.00,NULL,6.20),
(3230,'20 x 275',20.00,275.00,NULL,6.20),
(3231,'50 x 54',50.00,54.00,NULL,6.20),
(3232,'20 x 465',20.00,465.00,NULL,6.20),
(3233,'50 x 387',50.00,387.00,NULL,6.20),
(3234,'55 x 40',55.00,40.00,NULL,6.20),
(3235,'55 x 118',55.00,118.00,NULL,6.20),
(3236,'22 x 329',22.00,329.00,NULL,6.20),
(3237,'55 x 120',55.00,120.00,NULL,6.20),
(3238,'24.6 x 25',24.60,25.00,NULL,6.20),
(3239,'55 x 295',55.00,295.00,NULL,6.20),
(3240,'60 x 22',60.00,22.00,NULL,6.20),
(3241,'24.6 x 39',24.60,39.00,NULL,6.20),
(3242,'60 x 30',60.00,30.00,NULL,6.20),
(3243,'60 x 40',60.00,40.00,NULL,6.20),
(3244,'60 x 47',60.00,47.00,NULL,6.20),
(3245,'60 x 50',60.00,50.00,NULL,6.20),
(3246,'60 x 52',60.00,52.00,NULL,6.20),
(3247,'24.6 x 50',24.60,50.00,NULL,6.20),
(3248,'60 x 53',60.00,53.00,NULL,6.20),
(3249,'24.6 x 74',24.60,74.00,NULL,6.20),
(3250,'60 x 125',60.00,125.00,NULL,6.20),
(3251,'60 x 127',60.00,127.00,NULL,6.20),
(3252,'70 x 18',70.00,18.00,NULL,6.20),
(3253,'70 x 35',70.00,35.00,NULL,6.20),
(3254,'75 x 131',75.00,131.00,NULL,6.20),
(3255,'75 x 141',75.00,141.00,NULL,6.20),
(3256,'80 x 20',80.00,20.00,NULL,6.20),
(3257,'80 x 230',80.00,230.00,NULL,6.20),
(3258,'85 x 12',85.00,12.00,NULL,6.20),
(3259,'85 x 15',85.00,15.00,NULL,6.20),
(3260,'90 x 25',90.00,25.00,NULL,6.20),
(3261,'95 x 78',95.00,78.00,NULL,6.20),
(3262,'100 x 32',100.00,32.00,NULL,6.20),
(3263,'100 x 55',100.00,55.00,NULL,6.20),
(3264,'100 x 80',100.00,80.00,NULL,6.20),
(3265,'24.6 x 89',24.60,89.00,NULL,6.20),
(3266,'100 x 85',100.00,85.00,NULL,6.20),
(3267,'24.6 x 115',24.60,115.00,NULL,6.20),
(3268,'100 x 110',100.00,110.00,NULL,6.20),
(3269,'120 x 38',120.00,38.00,NULL,6.20),
(3270,'140 x 67',140.00,67.00,NULL,6.20),
(3271,'30 x 42',30.00,42.00,NULL,6.20),
(3272,'170 x 32',170.00,32.00,NULL,6.20),
(3273,'30 x 45',30.00,45.00,NULL,6.20),
(3274,'190 x 26',190.00,26.00,NULL,6.20),
(3275,'4 x 40 x 327',4.00,40.00,327.00,8.00),
(3276,'30 x 51',30.00,51.00,NULL,6.20),
(3277,'30 x 58',30.00,58.00,NULL,6.20),
(3278,'5 x 75 x 367',5.00,75.00,367.00,8.00),
(3279,'30 x 91',30.00,91.00,NULL,6.20),
(3280,'30 x 172',30.00,172.00,NULL,6.20),
(3281,'5 x 365 x 485',5.00,365.00,485.00,8.00),
(3282,'30 x 272',30.00,272.00,NULL,6.20),
(3283,'30 x 290',30.00,290.00,NULL,6.20),
(3284,'6 x 45 x 690',6.00,45.00,690.00,8.00),
(3285,'35 x 29',35.00,29.00,NULL,6.20),
(3286,'6 x 55 x 195',6.00,55.00,195.00,8.00),
(3287,'35 x 44',35.00,44.00,NULL,6.20),
(3288,'35 x 66',35.00,66.00,NULL,6.20),
(3289,'6 x 108 x 122',6.00,108.00,122.00,8.00),
(3290,'35 x 211',35.00,211.00,NULL,6.20),
(3291,'35 x 789',35.00,789.00,NULL,6.20),
(3292,'7 x 39 x 229',7.00,39.00,229.00,8.00),
(3293,'38 x 44',38.00,44.00,NULL,6.20),
(3294,'7 x 70 x 137',7.00,70.00,137.00,8.00),
(3295,'38 x 103',38.00,103.00,NULL,6.20),
(3296,'7 x 80 x 137',7.00,80.00,137.00,8.00),
(3297,'38 x 293',38.00,293.00,NULL,6.20),
(3298,'40 x 14',40.00,14.00,NULL,6.20),
(3299,'7 x 160 x 200',7.00,160.00,200.00,8.00),
(3300,'40 x 24',40.00,24.00,NULL,6.20),
(3301,'8 x 19 x 145',8.00,19.00,145.00,8.00),
(3302,'8 x 22 x 141',8.00,22.00,141.00,8.00),
(3303,'40 x 65',40.00,65.00,NULL,6.20),
(3304,'8 x 32 x 182',8.00,32.00,182.00,8.00),
(3305,'40 x 69',40.00,69.00,NULL,6.20),
(3306,'8 x 40 x 500',8.00,40.00,500.00,8.00),
(3307,'40 x 83',40.00,83.00,NULL,6.20),
(3308,'8 x 85 x 273',8.00,85.00,273.00,8.00),
(3309,'45 x 41',45.00,41.00,NULL,6.20),
(3310,'8 x 95 x 135',8.00,95.00,135.00,8.00),
(3311,'45 x 44',45.00,44.00,NULL,6.20),
(3312,'8 x 114 x 535',8.00,114.00,535.00,8.00),
(3313,'45 x 71',45.00,71.00,NULL,6.20),
(3314,'8 x 357 x 360',8.00,357.00,360.00,8.00),
(3315,'8.7 x 260 x 453',8.70,260.00,453.00,8.00),
(3316,'45 x 200',45.00,200.00,NULL,6.20),
(3317,'9 x 20 x 156',9.00,20.00,156.00,8.00),
(3318,'50 x 16',50.00,16.00,NULL,6.20),
(3319,'9 x 21 x 500',9.00,21.00,500.00,8.00),
(3320,'65 x 70',65.00,70.00,NULL,6.20),
(3321,'9 x 30 x 136',9.00,30.00,136.00,8.00),
(3322,'70 x 29',70.00,29.00,NULL,6.20),
(3323,'9 x 41 x 85',9.00,41.00,85.00,8.00),
(3324,'9 x 85 x 105',9.00,85.00,105.00,8.00),
(3325,'9 x 95 x 137',9.00,95.00,137.00,8.00),
(3326,'9 x 96 x 612',9.00,96.00,612.00,8.00),
(3327,'9 x 100 x 135',9.00,100.00,135.00,8.00),
(3328,'75 x 12',75.00,12.00,NULL,6.20),
(3329,'75 x 20',75.00,20.00,NULL,6.20),
(3330,'75 x 21',75.00,21.00,NULL,6.20),
(3331,'75 x 32',75.00,32.00,NULL,6.20),
(3332,'75 x 46',75.00,46.00,NULL,6.20),
(3333,'80 x 13',80.00,13.00,NULL,6.20),
(3334,'80 x 41',80.00,41.00,NULL,6.20),
(3335,'85 x 26',85.00,26.00,NULL,6.20),
(3336,'9 x 126 x 1030',9.00,126.00,1030.00,8.00),
(3337,'95 x 35',95.00,35.00,NULL,6.20),
(3338,'95 x 38',95.00,38.00,NULL,6.20),
(3339,'10 x 15 x 110',10.00,15.00,110.00,8.00),
(3340,'100 x 15',100.00,15.00,NULL,6.20),
(3341,'10 x 16 x 502',10.00,16.00,502.00,8.00),
(3342,'105 x 25',105.00,25.00,NULL,6.20),
(3343,'10 x 19 x 110',10.00,19.00,110.00,8.00),
(3344,'115 x 40',115.00,40.00,NULL,6.20),
(3345,'10 x 26 x 135',10.00,26.00,135.00,8.00),
(3346,'10 x 32 x 101',10.00,32.00,101.00,8.00),
(3347,'160 x 17',160.00,17.00,NULL,6.20),
(3348,'10 x 38 x 254',10.00,38.00,254.00,8.00),
(3349,'160 x 21',160.00,21.00,NULL,6.20),
(3350,'10 x 40 x 136',10.00,40.00,136.00,8.00),
(3351,'10 x 40 x 430',10.00,40.00,430.00,8.00),
(3352,'220 x 80',220.00,80.00,NULL,6.20),
(3353,'10 x 40 x 140',10.00,40.00,140.00,8.00),
(3354,'225 x 10',225.00,10.00,NULL,6.20),
(3355,'10 x 40 x 330',10.00,40.00,330.00,8.00),
(3356,'230 x 35',230.00,35.00,NULL,6.20),
(3357,'10 x 45 x 100',10.00,45.00,100.00,8.00),
(3358,'261 x 58',261.00,58.00,NULL,6.20),
(3359,'10 x 49 x 138',10.00,49.00,138.00,8.00),
(3360,'50 x 30',50.00,30.00,NULL,6.20),
(3361,'15 x 50 x 140',15.00,50.00,140.00,8.00),
(3362,'10 x 55 x 193',10.00,55.00,193.00,8.00),
(3363,'120 x 40',120.00,40.00,NULL,6.20),
(3364,'10 x 62 x 135',10.00,62.00,135.00,8.00),
(3365,'5 x 168 x 326',5.00,168.00,326.00,8.00),
(3366,'10 x 75 x 705',10.00,75.00,705.00,8.00),
(3367,'6 x 85 x 357',6.00,85.00,357.00,8.00),
(3368,'10 x 76 x 758',10.00,76.00,758.00,8.00),
(3369,'8 x 26 x 190',8.00,26.00,190.00,8.00),
(3370,'10 x 80 x 135',10.00,80.00,135.00,8.00),
(3371,'8 x 35 x 77',8.00,35.00,77.00,8.00),
(3372,'10 x 85 x 100',10.00,85.00,100.00,8.00),
(3373,'10 x 115 x 340',10.00,115.00,340.00,8.00),
(3374,'8 x 35 x 157',8.00,35.00,157.00,8.00),
(3375,'10 x 116 x 357',10.00,116.00,357.00,8.00),
(3376,'8 x 36 x 264',8.00,36.00,264.00,8.00),
(3377,'8 x 49 x 205',8.00,49.00,205.00,8.00),
(3378,'8 x 60 x 153',8.00,60.00,153.00,8.00),
(3379,'8 x 80 x 115',8.00,80.00,115.00,8.00),
(3380,'10 x 125 x 246',10.00,125.00,246.00,8.00),
(3381,'10.5 x 201.5 x 304',10.50,201.50,304.00,8.00),
(3382,'11 x 15 x 330',11.00,15.00,330.00,8.00),
(3383,'9 x 49 x 136',9.00,49.00,136.00,8.00),
(3384,'9 x 73 x 152',9.00,73.00,152.00,8.00),
(3385,'10 x 19.5 x 140',10.00,19.50,140.00,8.00),
(3386,'11 x 32 x 182',11.00,32.00,182.00,8.00),
(3387,'10 x 31 x 86',10.00,31.00,86.00,8.00),
(3388,'10 x 45 x 141',10.00,45.00,141.00,8.00),
(3389,'11 x 35 x 190',11.00,35.00,190.00,8.00),
(3390,'10 x 45 x 124',10.00,45.00,124.00,8.00),
(3391,'11 x 38 x 205',11.00,38.00,205.00,8.00),
(3392,'10 x 50 x 188',10.00,50.00,188.00,8.00),
(3393,'11 x 38 x 255',11.00,38.00,255.00,8.00),
(3394,'10 x 62 x 147',10.00,62.00,147.00,8.00),
(3395,'11 x 42 x 220',11.00,42.00,220.00,8.00),
(3396,'10 x 74 x 115',10.00,74.00,115.00,8.00),
(3397,'11 x 50 x 136',11.00,50.00,136.00,8.00),
(3398,'10 x 77 x 254',10.00,77.00,254.00,8.00),
(3399,'11 x 55 x 273',11.00,55.00,273.00,8.00),
(3400,'11 x 55 x 277',11.00,55.00,277.00,8.00),
(3401,'10 x 19 x 204',10.00,19.00,204.00,8.00),
(3402,'11 x 12 x 127',11.00,12.00,127.00,8.00),
(3403,'11 x 62 x 135',11.00,62.00,135.00,8.00),
(3404,'11 x 15 x 140',11.00,15.00,140.00,8.00),
(3405,'11 x 69 x 118',11.00,69.00,118.00,8.00),
(3406,'11 x 75 x 137',11.00,75.00,137.00,8.00),
(3407,'11 x 16 x 170',11.00,16.00,170.00,8.00),
(3408,'11 x 75 x 297',11.00,75.00,297.00,8.00),
(3409,'11 x 80 x 137',11.00,80.00,137.00,8.00),
(3410,'11 x 17 x 200',11.00,17.00,200.00,8.00),
(3411,'11 x 26 x 178',11.00,26.00,178.00,8.00),
(3412,'11 x 36 x 58',11.00,36.00,58.00,8.00),
(3413,'11 x 86 x 147',11.00,86.00,147.00,8.00),
(3414,'11 x 36 x 149',11.00,36.00,149.00,8.00),
(3415,'11 x 87 x 287',11.00,87.00,287.00,8.00),
(3416,'11 x 49 x 117',11.00,49.00,117.00,8.00),
(3417,'11 x 130 x 214',11.00,130.00,214.00,8.00),
(3418,'11 x 71 x 200',11.00,71.00,200.00,8.00),
(3419,'11 x 159 x 499',11.00,159.00,499.00,8.00),
(3420,'11 x 240 x 356',11.00,240.00,356.00,8.00),
(3421,'11 x 200 x 225',11.00,200.00,225.00,8.00),
(3422,'12 x 17 x 145',12.00,17.00,145.00,8.00),
(3423,'12 x 31 x 190',12.00,31.00,190.00,8.00),
(3424,'12 x 20 x 224',12.00,20.00,224.00,8.00),
(3425,'12 x 25 x 283',12.00,25.00,283.00,8.00),
(3426,'12 x 31 x 189',12.00,31.00,189.00,8.00),
(3427,'12 x 25 x 181',12.00,25.00,181.00,8.00),
(3428,'12 x 32 x 136',12.00,32.00,136.00,8.00),
(3429,'12 x 25 x 163',12.00,25.00,163.00,8.00),
(3430,'12 x 40 x 143',12.00,40.00,143.00,8.00),
(3431,'12 x 26 x 156',12.00,26.00,156.00,8.00),
(3432,'12 x 43 x 80',12.00,43.00,80.00,8.00),
(3433,'12 x 40 x 136',12.00,40.00,136.00,8.00),
(3434,'12 x 40 x 55',12.00,40.00,55.00,8.00),
(3435,'12 x 40 x 58',12.00,40.00,58.00,8.00),
(3436,'12 x 44 x 127',12.00,44.00,127.00,8.00),
(3437,'12 x 40 x 220',12.00,40.00,220.00,8.00),
(3438,'12 x 46 x 90',12.00,46.00,90.00,8.00),
(3439,'12 x 43 x 98',12.00,43.00,98.00,8.00),
(3440,'12 x 50 x 168',12.00,50.00,168.00,8.00),
(3441,'12 x 67 x 111',12.00,67.00,111.00,8.00),
(3442,'12 x 46 x 235',12.00,46.00,235.00,8.00),
(3443,'12 x 69 x 150',12.00,69.00,150.00,8.00),
(3444,'12 x 86 x 105',12.00,86.00,105.00,8.00),
(3445,'12 x 104 x 137',12.00,104.00,137.00,8.00),
(3446,'13 x 26 x 205',13.00,26.00,205.00,8.00),
(3447,'13 x 36 x 113',13.00,36.00,113.00,8.00),
(3448,'12 x 48 x 84',12.00,48.00,84.00,8.00),
(3449,'13 x 36 x 205',13.00,36.00,205.00,8.00),
(3450,'12 x 50 x 111',12.00,50.00,111.00,8.00),
(3451,'13 x 43 x 80',13.00,43.00,80.00,8.00),
(3452,'12 x 50 x 138',12.00,50.00,138.00,8.00),
(3453,'13 x 45 x 139',13.00,45.00,139.00,8.00),
(3454,'12 x 50 x 137',12.00,50.00,137.00,8.00),
(3455,'13 x 60 x 131',13.00,60.00,131.00,8.00),
(3456,'12 x 50.7 x 373',12.00,50.70,373.00,8.00),
(3457,'13 x 60 x 102',13.00,60.00,102.00,8.00),
(3458,'12 x 55 x 135',12.00,55.00,135.00,8.00),
(3459,'13 x 65 x 180',13.00,65.00,180.00,8.00),
(3460,'12 x 56 x 62',12.00,56.00,62.00,8.00),
(3461,'12 x 65 x 135',12.00,65.00,135.00,8.00),
(3462,'12 x 68 x 83',12.00,68.00,83.00,8.00),
(3463,'14 x 17 x 280',14.00,17.00,280.00,8.00),
(3464,'12 x 70 x 350',12.00,70.00,350.00,8.00),
(3465,'14 x 22 x 223',14.00,22.00,223.00,8.00),
(3466,'12 x 75 x 412',12.00,75.00,412.00,8.00),
(3467,'14 x 24 x 357',14.00,24.00,357.00,8.00),
(3468,'12 x 80 x 135',12.00,80.00,135.00,8.00),
(3469,'12 x 85 x 107',12.00,85.00,107.00,8.00),
(3470,'12 x 203 x 400',12.00,203.00,400.00,8.00),
(3471,'13 x 30 x 90',13.00,30.00,90.00,8.00),
(3472,'14 x 35 x 115',14.00,35.00,115.00,8.00),
(3473,'13 x 49 x 259',13.00,49.00,259.00,8.00),
(3474,'14 x 44 x 123',14.00,44.00,123.00,8.00),
(3475,'13 x 50 x 410',13.00,50.00,410.00,8.00),
(3476,'14 x 58 x 84',14.00,58.00,84.00,8.00),
(3477,'13 x 54 x 156',13.00,54.00,156.00,8.00),
(3478,'13 x 70 x 108',13.00,70.00,108.00,8.00),
(3479,'14 x 200 x 215',14.00,200.00,215.00,8.00),
(3480,'13 x 76 x 137',13.00,76.00,137.00,8.00),
(3481,'13 x 90 x 140',13.00,90.00,140.00,8.00),
(3482,'15 x 17 x 71',15.00,17.00,71.00,8.00),
(3483,'13 x 106 x 116',13.00,106.00,116.00,8.00),
(3484,'14 x 17 x 107',14.00,17.00,107.00,8.00),
(3485,'14 x 23 x 205',14.00,23.00,205.00,8.00),
(3486,'15 x 72 x 109',15.00,72.00,109.00,8.00),
(3487,'14 x 26 x 154',14.00,26.00,154.00,8.00),
(3488,'15 x 22 x 300',15.00,22.00,300.00,8.00),
(3489,'14 x 28 x 160',14.00,28.00,160.00,8.00),
(3490,'14 x 30 x 275',14.00,30.00,275.00,8.00),
(3491,'15 x 24 x 502',15.00,24.00,502.00,8.00),
(3492,'14 x 30 x 277',14.00,30.00,277.00,8.00),
(3493,'14 x 37 x 200',14.00,37.00,200.00,8.00),
(3494,'14 x 40 x 139',14.00,40.00,139.00,8.00),
(3495,'14 x 46 x 135',14.00,46.00,135.00,8.00),
(3496,'15 x 30 x 75',15.00,30.00,75.00,8.00),
(3497,'14 x 50 x 307',14.00,50.00,307.00,8.00),
(3498,'15 x 45 x 140',15.00,45.00,140.00,8.00),
(3499,'14 x 50 x 305',14.00,50.00,305.00,8.00),
(3500,'15 x 47 x 70',15.00,47.00,70.00,8.00),
(3501,'14 x 64 x 273',14.00,64.00,273.00,8.00),
(3502,'14 x 65 x 117',14.00,65.00,117.00,8.00),
(3503,'15 x 57 x 71',15.00,57.00,71.00,8.00),
(3504,'14 x 70 x 124',14.00,70.00,124.00,8.00),
(3505,'14 x 70 x 254',14.00,70.00,254.00,8.00),
(3506,'14 x 75 x 200',14.00,75.00,200.00,8.00),
(3507,'14 x 75 x 135',14.00,75.00,135.00,8.00),
(3508,'15 x 95 x 131',15.00,95.00,131.00,8.00),
(3509,'15 x 104 x 174',15.00,104.00,174.00,8.00),
(3510,'15 x 135 x 152',15.00,135.00,152.00,8.00),
(3511,'14 x 94 x 120',14.00,94.00,120.00,8.00),
(3512,'15 x 178 x 222',15.00,178.00,222.00,8.00),
(3513,'14 x 95 x 162',14.00,95.00,162.00,8.00),
(3514,'16 x 18 x 124',16.00,18.00,124.00,8.00),
(3515,'15 x 16 x 405',15.00,16.00,405.00,8.00),
(3516,'15 x 17 x 205',15.00,17.00,205.00,8.00),
(3517,'16 x 20 x 267',16.00,20.00,267.00,8.00),
(3518,'16 x 34 x 40',16.00,34.00,40.00,8.00),
(3519,'15 x 18 x 325',15.00,18.00,325.00,8.00),
(3520,'16 x 37 x 76',16.00,37.00,76.00,8.00),
(3521,'15 x 20 x 445',15.00,20.00,445.00,8.00),
(3522,'16 x 45 x 123',16.00,45.00,123.00,8.00),
(3523,'16 x 48 x 75',16.00,48.00,75.00,8.00),
(3524,'15 x 24 x 201',15.00,24.00,201.00,8.00),
(3525,'16 x 64 x 181',16.00,64.00,181.00,8.00),
(3526,'15 x 25 x 370',15.00,25.00,370.00,8.00),
(3527,'17 x 18 x 212',17.00,18.00,212.00,8.00),
(3528,'15 x 26 x 164',15.00,26.00,164.00,8.00),
(3529,'17 x 23 x 94',17.00,23.00,94.00,8.00),
(3530,'15 x 28 x 216',15.00,28.00,216.00,8.00),
(3531,'17 x 27 x 64',17.00,27.00,64.00,8.00),
(3532,'15 x 28 x 50',15.00,28.00,50.00,8.00),
(3533,'17 x 31 x 121',17.00,31.00,121.00,8.00),
(3534,'15 x 29 x 160',15.00,29.00,160.00,8.00),
(3535,'17 x 31 x 309',17.00,31.00,309.00,8.00),
(3536,'15 x 30 x 255',15.00,30.00,255.00,8.00),
(3537,'15 x 30 x 505',15.00,30.00,505.00,8.00),
(3538,'17 x 36 x 140',17.00,36.00,140.00,8.00),
(3539,'17 x 36 x 88',17.00,36.00,88.00,8.00),
(3540,'17 x 40 x 63',17.00,40.00,63.00,8.00),
(3541,'15 x 34 x 205',15.00,34.00,205.00,8.00),
(3542,'17 x 80 x 167',17.00,80.00,167.00,8.00),
(3543,'15 x 35 x 510',15.00,35.00,510.00,8.00),
(3544,'17 x 94 x 305',17.00,94.00,305.00,8.00),
(3545,'15 x 36 x 160',15.00,36.00,160.00,8.00),
(3546,'17.5 x 68 x 123',17.50,68.00,123.00,8.00),
(3547,'15 x 40 x 136',15.00,40.00,136.00,8.00),
(3548,'18 x 20 x 277',18.00,20.00,277.00,8.00),
(3549,'15 x 40 x 350',15.00,40.00,350.00,8.00),
(3550,'15 x 41 x 89',15.00,41.00,89.00,8.00),
(3551,'18 x 26 x 227',18.00,26.00,227.00,8.00),
(3552,'15 x 42 x 50',15.00,42.00,50.00,8.00),
(3553,'19 x 27 x 61',19.00,27.00,61.00,8.00),
(3554,'15 x 45 x 134',15.00,45.00,134.00,8.00),
(3555,'18 x 29 x 81',18.00,29.00,81.00,8.00),
(3556,'15 x 45 x 154',15.00,45.00,154.00,8.00),
(3557,'18 x 40 x 43',18.00,40.00,43.00,8.00),
(3558,'15 x 48 x 505',15.00,48.00,505.00,8.00),
(3559,'18 x 45 x 68',18.00,45.00,68.00,8.00),
(3560,'15 x 48 x 137',15.00,48.00,137.00,8.00),
(3561,'15 x 49 x 228',15.00,49.00,228.00,8.00),
(3562,'18 x 56 x 147',18.00,56.00,147.00,8.00),
(3563,'15 x 50 x 137',15.00,50.00,137.00,8.00),
(3564,'18 x 61 x 100',18.00,61.00,100.00,8.00),
(3565,'19 x 35 x 60',19.00,35.00,60.00,8.00),
(3566,'15 x 50 x 135',15.00,50.00,135.00,8.00),
(3567,'15 x 51 x 232',15.00,51.00,232.00,8.00),
(3568,'19 x 37 x 76',19.00,37.00,76.00,8.00),
(3569,'15 x 55 x 408',15.00,55.00,408.00,8.00),
(3570,'15 x 60 x 135',15.00,60.00,135.00,8.00),
(3571,'19 x 44 x 223',19.00,44.00,223.00,8.00),
(3572,'15 x 61 x 162',15.00,61.00,162.00,8.00),
(3573,'19 x 53 x 246',19.00,53.00,246.00,8.00),
(3574,'15 x 65 x 139',15.00,65.00,139.00,8.00),
(3575,'19 x 77 x 105',19.00,77.00,105.00,8.00),
(3576,'15 x 70 x 85',15.00,70.00,85.00,8.00),
(3577,'15 x 75 x 137',15.00,75.00,137.00,8.00),
(3578,'15 x 85 x 94',15.00,85.00,94.00,8.00),
(3579,'16 x 20 x 266',16.00,20.00,266.00,8.00),
(3580,'16 x 20 x 104',16.00,20.00,104.00,8.00),
(3581,'19 x 78 x 87',19.00,78.00,87.00,8.00),
(3582,'19 x 84 x 196',19.00,84.00,196.00,8.00),
(3583,'16 x 30 x 93',16.00,30.00,93.00,8.00),
(3584,'19 x 102 x 102',19.00,102.00,102.00,8.00),
(3585,'16 x 30 x 48',16.00,30.00,48.00,8.00),
(3586,'19 x 108 x 216',19.00,108.00,216.00,8.00),
(3587,'16 x 30 x 210',16.00,30.00,210.00,8.00),
(3588,'19 x 110 x 172',19.00,110.00,172.00,8.00),
(3589,'16 x 32 x 255',16.00,32.00,255.00,8.00),
(3590,'20 x 25 x 105',20.00,25.00,105.00,8.00),
(3591,'16 x 40 x 136',16.00,40.00,136.00,8.00),
(3592,'20 x 26 x 61',20.00,26.00,61.00,8.00),
(3593,'20 x 26 x 235',20.00,26.00,235.00,8.00),
(3594,'16 x 40 x 266',16.00,40.00,266.00,8.00),
(3595,'20 x 28 x 279',20.00,28.00,279.00,8.00),
(3596,'20 x 30 x 48',20.00,30.00,48.00,8.00),
(3597,'16 x 42 x 270',16.00,42.00,270.00,8.00),
(3598,'20 x 31 x 257',20.00,31.00,257.00,8.00),
(3599,'16 x 45 x 1005',16.00,45.00,1005.00,8.00),
(3600,'20 x 33 x 205',20.00,33.00,205.00,8.00),
(3601,'16 x 45 x 90',16.00,45.00,90.00,8.00),
(3602,'20 x 35 x 67',20.00,35.00,67.00,8.00),
(3603,'20 x 35.5 x .182',20.00,35.50,0.18,8.00),
(3604,'16 x 47 x 210',16.00,47.00,210.00,8.00),
(3605,'16 x 48 x 65',16.00,48.00,65.00,8.00),
(3606,'20 x 36 x 404',20.00,36.00,404.00,8.00),
(3607,'16 x 48 x 136',16.00,48.00,136.00,8.00),
(3608,'20 x 37 x 404',20.00,37.00,404.00,8.00),
(3609,'16 x 50 x 538',16.00,50.00,538.00,8.00),
(3610,'16 x 51 x 98',16.00,51.00,98.00,8.00),
(3611,'16 x 54 x 125',16.00,54.00,125.00,8.00),
(3612,'16 x 55 x 107',16.00,55.00,107.00,8.00),
(3613,'16 x 64 x 68',16.00,64.00,68.00,8.00),
(3614,'16 x 81 x 190',16.00,81.00,190.00,8.00),
(3615,'16 x 90 x 142',16.00,90.00,142.00,8.00),
(3616,'16 x 99 x 128',16.00,99.00,128.00,8.00),
(3617,'16 x 146 x 171',16.00,146.00,171.00,8.00),
(3618,'16 x 160 x 330',16.00,160.00,330.00,8.00),
(3619,'17 x 20 x 200',17.00,20.00,200.00,8.00),
(3620,'17 x 21 x 75',17.00,21.00,75.00,8.00),
(3621,'17 x 27 x 181',17.00,27.00,181.00,8.00),
(3622,'17 x 30 x 94',17.00,30.00,94.00,8.00),
(3623,'17 x 35 x 330',17.00,35.00,330.00,8.00),
(3624,'17 x 35 x 76',17.00,35.00,76.00,8.00),
(3625,'17 x 40 x 142',17.00,40.00,142.00,8.00),
(3626,'17 x 50 x 137',17.00,50.00,137.00,8.00),
(3627,'17 x 61 x 72',17.00,61.00,72.00,8.00),
(3628,'17 x 65 x 125',17.00,65.00,125.00,8.00),
(3629,'17 x 100 x 117',17.00,100.00,117.00,8.00),
(3630,'18 x 24 x 70',18.00,24.00,70.00,8.00),
(3631,'18 x 27 x 125',18.00,27.00,125.00,8.00),
(3632,'18 x 29 x 70',18.00,29.00,70.00,8.00),
(3633,'18 x 30 x 170',18.00,30.00,170.00,8.00),
(3634,'18 x 37 x 155',18.00,37.00,155.00,8.00),
(3635,'18 x 40 x 139',18.00,40.00,139.00,8.00),
(3636,'18 x 40 x 100',18.00,40.00,100.00,8.00),
(3637,'18 x 42 x 158',18.00,42.00,158.00,8.00),
(3638,'18 x 44 x 135',18.00,44.00,135.00,8.00),
(3639,'18 x 45 x 155',18.00,45.00,155.00,8.00),
(3640,'18 x 49 x 511',18.00,49.00,511.00,8.00),
(3641,'18 x 65 x 89',18.00,65.00,89.00,8.00),
(3642,'18 x 79 x 109',18.00,79.00,109.00,8.00),
(3643,'18 x 85 x 148',18.00,85.00,148.00,8.00),
(3644,'18 x 91 x 138',18.00,91.00,138.00,8.00),
(3645,'19 x 40 x 137',19.00,40.00,137.00,8.00),
(3646,'19 x 40 x 375',19.00,40.00,375.00,8.00),
(3647,'19 x 55 x 290',19.00,55.00,290.00,8.00),
(3648,'19 x 69 x 107',19.00,69.00,107.00,8.00),
(3649,'19 x 83 x 378',19.00,83.00,378.00,8.00),
(3650,'19 x 90 x 135',19.00,90.00,135.00,8.00),
(3651,'20 x 38 x 166',20.00,38.00,166.00,8.00),
(3652,'19.5 x 38 x 263',19.50,38.00,263.00,8.00),
(3653,'20 x 40 x 404',20.00,40.00,404.00,8.00),
(3654,'20 x 20 x 138',20.00,20.00,138.00,8.00),
(3655,'20 x 45 x 102',20.00,45.00,102.00,8.00),
(3656,'20 x 21 x 426',20.00,21.00,426.00,8.00),
(3657,'20 x 21 x 250',20.00,21.00,250.00,8.00),
(3658,'20 x 50 x 240',20.00,50.00,240.00,8.00),
(3659,'20 x 22 x 166',20.00,22.00,166.00,8.00),
(3660,'20 x 23 x 135',20.00,23.00,135.00,8.00),
(3661,'20 x 23 x 215',20.00,23.00,215.00,8.00),
(3662,'20 x 23 x 660',20.00,23.00,660.00,8.00),
(3663,'20 x 24 x 70',20.00,24.00,70.00,8.00),
(3664,'20 x 25 x 205',20.00,25.00,205.00,8.00),
(3665,'20 x 29 x 188',20.00,29.00,188.00,8.00),
(3666,'20 x 30 x 180',20.00,30.00,180.00,8.00),
(3667,'20 x 31 x 29',20.00,31.00,29.00,8.00),
(3668,'20 x 33 x 280',20.00,33.00,280.00,8.00),
(3669,'20 x 35 x 139',20.00,35.00,139.00,8.00),
(3670,'20 x 38 x 205',20.00,38.00,205.00,8.00),
(3671,'20 x 34 x 145',20.00,34.00,145.00,8.00),
(3672,'20 x 50 x 198',20.00,50.00,198.00,8.00),
(3673,'20 x 40 x 105',20.00,40.00,105.00,8.00),
(3674,'20 x 55 x 200',20.00,55.00,200.00,8.00),
(3675,'20 x 40 x 185',20.00,40.00,185.00,8.00),
(3676,'20 x 40 x 135',20.00,40.00,135.00,8.00),
(3677,'20 x 56 x 181',20.00,56.00,181.00,8.00),
(3678,'20 x 40 x 316',20.00,40.00,316.00,8.00),
(3679,'20 x 60 x 128',20.00,60.00,128.00,8.00),
(3680,'20 x 40 x 395',20.00,40.00,395.00,8.00),
(3681,'20 x 80 x 130',20.00,80.00,130.00,8.00),
(3682,'20 x 40 x 445',20.00,40.00,445.00,8.00),
(3683,'20 x 102 x 120',20.00,102.00,120.00,8.00),
(3684,'20 x 42 x 225',20.00,42.00,225.00,8.00),
(3685,'20 x 42 x 50',20.00,42.00,50.00,8.00),
(3686,'21 x 25 x 254',21.00,25.00,254.00,8.00),
(3687,'20 x 43 x 137',20.00,43.00,137.00,8.00),
(3688,'21 x 32 x 96',21.00,32.00,96.00,8.00),
(3689,'20 x 45 x 179',20.00,45.00,179.00,8.00),
(3690,'31 x 38 x 294',31.00,38.00,294.00,8.00),
(3691,'20 x 49 x 305',20.00,49.00,305.00,8.00),
(3692,'20 x 50 x 137',20.00,50.00,137.00,8.00),
(3693,'21 x 39 x 40',21.00,39.00,40.00,8.00),
(3694,'20 x 50 x 111',20.00,50.00,111.00,8.00),
(3695,'21 x 40 x 206',21.00,40.00,206.00,8.00),
(3696,'20 x 50 x 124',20.00,50.00,124.00,8.00),
(3697,'20 x 50 x 300',20.00,50.00,300.00,8.00),
(3698,'21 x 47 x 61',21.00,47.00,61.00,8.00),
(3699,'21 x 47 x 55',21.00,47.00,55.00,8.00),
(3700,'20 x 50 x 305',20.00,50.00,305.00,8.00),
(3701,'21 x 50 x 62',21.00,50.00,62.00,8.00),
(3702,'21 x 96 x 177',21.00,96.00,177.00,8.00),
(3703,'20 x 53 x 110',20.00,53.00,110.00,8.00),
(3704,'21.5 x 64 x 120',21.50,64.00,120.00,8.00),
(3705,'20 x 55 x 300',20.00,55.00,300.00,8.00),
(3706,'20 x 55 x 138',20.00,55.00,138.00,8.00),
(3707,'20 x 57 x 131',20.00,57.00,131.00,8.00),
(3708,'22 x 23 x 282',22.00,23.00,282.00,8.00),
(3709,'20 x 58 x 136',20.00,58.00,136.00,8.00),
(3710,'22 x 24 x 62',22.00,24.00,62.00,8.00),
(3711,'20 x 60 x 131',20.00,60.00,131.00,8.00),
(3712,'20 x 60 x 145',20.00,60.00,145.00,8.00),
(3713,'22 x 30 x 107',22.00,30.00,107.00,8.00),
(3714,'20 x 61 x 162',20.00,61.00,162.00,8.00),
(3715,'22 x 37 x 178',22.00,37.00,178.00,8.00),
(3716,'20 x 65 x 80',20.00,65.00,80.00,8.00),
(3717,'22 x 38 x 71',22.00,38.00,71.00,8.00),
(3718,'20 x 65 x 284',20.00,65.00,284.00,8.00),
(3719,'22 x 39 x 128',22.00,39.00,128.00,8.00),
(3720,'20 x 65 x 150',20.00,65.00,150.00,8.00),
(3721,'22 x 46 x 64',22.00,46.00,64.00,8.00),
(3722,'20 x 65 x 705',20.00,65.00,705.00,8.00),
(3723,'22 x 50 x 155',22.00,50.00,155.00,8.00),
(3724,'20 x 70 x 158',20.00,70.00,158.00,8.00),
(3725,'22 x 72 x 96',22.00,72.00,96.00,8.00),
(3726,'20 x 82 x 121',20.00,82.00,121.00,8.00),
(3727,'22 x 72 x 81',22.00,72.00,81.00,8.00),
(3728,'20 x 87 x 87',20.00,87.00,87.00,8.00),
(3729,'22 x 122 x 135',22.00,122.00,135.00,8.00),
(3730,'21 x 21 x 223',21.00,21.00,223.00,8.00),
(3731,'21 x 22 x 250',21.00,22.00,250.00,8.00),
(3732,'22 x 130 x 159',22.00,130.00,159.00,8.00),
(3733,'21 x 25 x 660',21.00,25.00,660.00,8.00),
(3734,'23 x 26 x 97',23.00,26.00,97.00,8.00),
(3735,'21 x 29 x 102',21.00,29.00,102.00,8.00),
(3736,'21 x 29 x 198',21.00,29.00,198.00,8.00),
(3737,'23 x 26 x 73',23.00,26.00,73.00,8.00),
(3738,'21 x 30 x 670',21.00,30.00,670.00,8.00),
(3739,'23 x 79 x 372',23.00,79.00,372.00,8.00),
(3740,'21 x 30 x 115',21.00,30.00,115.00,8.00),
(3741,'23 x 132 x 171',23.00,132.00,171.00,8.00),
(3742,'24 x 32 x 444',24.00,32.00,444.00,8.00),
(3743,'24 x 38 x 241',24.00,38.00,241.00,8.00),
(3744,'24 x 45 x 50',24.00,45.00,50.00,8.00),
(3745,'21 x 40 x 135',21.00,40.00,135.00,8.00),
(3746,'24 x 45 x 155',24.00,45.00,155.00,8.00),
(3747,'24 x 45 x 144',24.00,45.00,144.00,8.00),
(3748,'24 x 51 x 71',24.00,51.00,71.00,8.00),
(3749,'24 x 57 x 159',24.00,57.00,159.00,8.00),
(3750,'24 x 62 x 64',24.00,62.00,64.00,8.00),
(3751,'21 x 43 x 47',21.00,43.00,47.00,8.00),
(3752,'24 x 97 x 132',24.00,97.00,132.00,8.00),
(3753,'21 x 47 x 87',21.00,47.00,87.00,8.00),
(3754,'24 x 146 x 170',24.00,146.00,170.00,8.00),
(3755,'25 x 25 x 63',25.00,25.00,63.00,8.00),
(3756,'21 x 54 x 160',21.00,54.00,160.00,8.00),
(3757,'25 x 26 x 88',25.00,26.00,88.00,8.00),
(3758,'21 x 55 x 160',21.00,55.00,160.00,8.00),
(3759,'25 x 26 x 235',25.00,26.00,235.00,8.00),
(3760,'21 x 55 x 112.5',21.00,55.00,112.50,8.00),
(3761,'25 x 27 x 227',25.00,27.00,227.00,8.00),
(3762,'21 x 65 x 190',21.00,65.00,190.00,8.00),
(3763,'25 x 30 x 84',25.00,30.00,84.00,8.00),
(3764,'21 x 84 x 117',21.00,84.00,117.00,8.00),
(3765,'25 x 32 x 87',25.00,32.00,87.00,8.00),
(3766,'21 x 84 x 138',21.00,84.00,138.00,8.00),
(3767,'25 x 38 x 66',25.00,38.00,66.00,8.00),
(3768,'21 x 92 x 226',21.00,92.00,226.00,8.00),
(3769,'25 x 50 x 240',25.00,50.00,240.00,8.00),
(3770,'21 x 95 x 112',21.00,95.00,112.00,8.00),
(3771,'22 x 22 x 248',22.00,22.00,248.00,8.00),
(3772,'25 x 51 x 69',25.00,51.00,69.00,8.00),
(3773,'22 x 24 x 147',22.00,24.00,147.00,8.00),
(3774,'25 x 57 x 110',25.00,57.00,110.00,8.00),
(3775,'22 x 25 x 225',22.00,25.00,225.00,8.00),
(3776,'25 x 59 x 77',25.00,59.00,77.00,8.00),
(3777,'22 x 25 x 165',22.00,25.00,165.00,8.00),
(3778,'25 x 59 x 194',25.00,59.00,194.00,8.00),
(3779,'22 x 27 x 64',22.00,27.00,64.00,8.00),
(3780,'25 x 62 x 138',25.00,62.00,138.00,8.00),
(3781,'25 x 63 x 136',25.00,63.00,136.00,8.00),
(3782,'22 x 30 x 150',22.00,30.00,150.00,8.00),
(3783,'25 x 69 x 70',25.00,69.00,70.00,8.00),
(3784,'22 x 33 x 182',22.00,33.00,182.00,8.00),
(3785,'25 x 77 x 87',25.00,77.00,87.00,8.00),
(3786,'22 x 35 x 68',22.00,35.00,68.00,8.00),
(3787,'25 x 82 x 174',25.00,82.00,174.00,8.00),
(3788,'22 x 35 x 48',22.00,35.00,48.00,8.00),
(3789,'22 x 38 x 70',22.00,38.00,70.00,8.00),
(3790,'26 x 31 x 125',26.00,31.00,125.00,8.00),
(3791,'22 x 39 x 101',22.00,39.00,101.00,8.00),
(3792,'22 x 40 x 87',22.00,40.00,87.00,8.00),
(3793,'26 x 34 x 92',26.00,34.00,92.00,8.00),
(3794,'22 x 41 x 149',22.00,41.00,149.00,8.00),
(3795,'26 x 36 x 256',26.00,36.00,256.00,8.00),
(3796,'22 x 42 x 355',22.00,42.00,355.00,8.00),
(3797,'22 x 45 x 87',22.00,45.00,87.00,8.00),
(3798,'26 x 38 x 319',26.00,38.00,319.00,8.00),
(3799,'22 x 45 x 137',22.00,45.00,137.00,8.00),
(3800,'26 x 44 x 107',26.00,44.00,107.00,8.00),
(3801,'22 x 50 x 135',22.00,50.00,135.00,8.00),
(3802,'22 x 50 x 125',22.00,50.00,125.00,8.00),
(3803,'26 x 50 x 165',26.00,50.00,165.00,8.00),
(3804,'22 x 52 x 121',22.00,52.00,121.00,8.00),
(3805,'26 x 51 x 85',26.00,51.00,85.00,8.00),
(3806,'22 x 55 x 193',22.00,55.00,193.00,8.00),
(3807,'22 x 55 x 135',22.00,55.00,135.00,8.00),
(3808,'22 x 60 x 267',22.00,60.00,267.00,8.00),
(3809,'26 x 60 x 158',26.00,60.00,158.00,8.00),
(3810,'26 x 60 x 260',26.00,60.00,260.00,8.00),
(3811,'26 x 61 x 168',26.00,61.00,168.00,8.00),
(3812,'22 x 65 x 125',22.00,65.00,125.00,8.00),
(3813,'26 x 72 x 72',26.00,72.00,72.00,8.00),
(3814,'22 x 65 x 135',22.00,65.00,135.00,8.00),
(3815,'26 x 74 x 84',26.00,74.00,84.00,8.00),
(3816,'22 x 71 x 77',22.00,71.00,77.00,8.00),
(3817,'26 x 78 x 113',26.00,78.00,113.00,8.00),
(3818,'22 x 74 x 155',22.00,74.00,155.00,8.00),
(3819,'26 x 82 x 85',26.00,82.00,85.00,8.00),
(3820,'22 x 83 x 315',22.00,83.00,315.00,8.00),
(3821,'26 x 88 x 224',26.00,88.00,224.00,8.00),
(3822,'22 x 90 x 128',22.00,90.00,128.00,8.00),
(3823,'26 x 90 x 302',26.00,90.00,302.00,8.00),
(3824,'22 x 91 x 192',22.00,91.00,192.00,8.00),
(3825,'26 x 124 x 160',26.00,124.00,160.00,8.00),
(3826,'22 x 93 x 175',22.00,93.00,175.00,8.00),
(3827,'22 x 93 x 120',22.00,93.00,120.00,8.00),
(3828,'27 x 38 x 235',27.00,38.00,235.00,8.00),
(3829,'22.5 x 70 x 117',22.50,70.00,117.00,8.00),
(3830,'23 x 24 x 172',23.00,24.00,172.00,8.00),
(3831,'27 x 38 x 213',27.00,38.00,213.00,8.00),
(3832,'23 x 24 x 70',23.00,24.00,70.00,8.00),
(3833,'27 x 40 x 71',27.00,40.00,71.00,8.00),
(3834,'23 x 30 x 76',23.00,30.00,76.00,8.00),
(3835,'27 x 45 x 80',27.00,45.00,80.00,8.00),
(3836,'23 x 33 x 62.5',23.00,33.00,62.50,8.00),
(3837,'23 x 35 x 545',23.00,35.00,545.00,8.00),
(3838,'27 x 51 x 248',27.00,51.00,248.00,8.00),
(3839,'27 x 56 x 138',27.00,56.00,138.00,8.00),
(3840,'23 x 38 x 184',23.00,38.00,184.00,8.00),
(3841,'27 x 58 x 475',27.00,58.00,475.00,8.00),
(3842,'23 x 40 x 135',23.00,40.00,135.00,8.00),
(3843,'23 x 40 x 200',23.00,40.00,200.00,8.00),
(3844,'27 x 60 x 230',27.00,60.00,230.00,8.00),
(3845,'23 x 41 x 136',23.00,41.00,136.00,8.00),
(3846,'27 x 68 x 220',27.00,68.00,220.00,8.00),
(3847,'23 x 41 x 137',23.00,41.00,137.00,8.00),
(3848,'27 x 90 x 165',27.00,90.00,165.00,8.00),
(3849,'23 x 45 x 260',23.00,45.00,260.00,8.00),
(3850,'27 x 93 x 160',27.00,93.00,160.00,8.00),
(3851,'27 x 124 x 134',27.00,124.00,134.00,8.00),
(3852,'28 x 31 x 66',28.00,31.00,66.00,8.00),
(3853,'23 x 50 x 135',23.00,50.00,135.00,8.00),
(3854,'28 x 32 x 201',28.00,32.00,201.00,8.00),
(3855,'23 x 51 x 80',23.00,51.00,80.00,8.00),
(3856,'28 x 32 x 302',28.00,32.00,302.00,8.00),
(3857,'23 x 52 x 295',23.00,52.00,295.00,8.00),
(3858,'28 x 36 x 85',28.00,36.00,85.00,8.00),
(3859,'23 x 55 x 136',23.00,55.00,136.00,8.00),
(3860,'28 x 60 x 127',28.00,60.00,127.00,8.00),
(3861,'23 x 57 x 136',23.00,57.00,136.00,8.00),
(3862,'28 x 62 x 116',28.00,62.00,116.00,8.00),
(3863,'23 x 60 x 229',23.00,60.00,229.00,8.00),
(3864,'28 x 132 x 134',28.00,132.00,134.00,8.00),
(3865,'23 x 80 x 112',23.00,80.00,112.00,8.00),
(3866,'29 x 30 x 54',29.00,30.00,54.00,8.00),
(3867,'23 x 85 x 120',23.00,85.00,120.00,8.00),
(3868,'24 x 25 x 70',24.00,25.00,70.00,8.00),
(3869,'29 x 31 x 114',29.00,31.00,114.00,8.00),
(3870,'24 x 25 x 75',24.00,25.00,75.00,8.00),
(3871,'29 x 31 x 118',29.00,31.00,118.00,8.00),
(3872,'24 x 25 x 450',24.00,25.00,450.00,8.00),
(3873,'29 x 32 x 202',29.00,32.00,202.00,8.00),
(3874,'24 x 27 x 140',24.00,27.00,140.00,8.00),
(3875,'29 x 45 x 66',29.00,45.00,66.00,8.00),
(3876,'24 x 30 x 112',24.00,30.00,112.00,8.00),
(3877,'29 x 74 x 185',29.00,74.00,185.00,8.00),
(3878,'29 x 75 x 134',29.00,75.00,134.00,8.00),
(3879,'24 x 30 x 603',24.00,30.00,603.00,8.00),
(3880,'29 x 81 x 97',29.00,81.00,97.00,8.00),
(3881,'24 x 30 x 163',24.00,30.00,163.00,8.00),
(3882,'29 x 37 x 175',29.00,37.00,175.00,8.00),
(3883,'24 x 30 x 242',24.00,30.00,242.00,8.00),
(3884,'24 x 34 x 70',24.00,34.00,70.00,8.00),
(3885,'30 x 30 x 355',30.00,30.00,355.00,8.00),
(3886,'24 x 50 x 140',24.00,50.00,140.00,8.00),
(3887,'30 x 31 x 122',30.00,31.00,122.00,8.00),
(3888,'24 x 55 x 137',24.00,55.00,137.00,8.00),
(3889,'30 x 33 x 192',30.00,33.00,192.00,8.00),
(3890,'24 x 55 x 140',24.00,55.00,140.00,8.00),
(3891,'30 x 36 x 185',30.00,36.00,185.00,8.00),
(3892,'24 x 58 x 232',24.00,58.00,232.00,8.00),
(3893,'30 x 38 x 105',30.00,38.00,105.00,8.00),
(3894,'24 x 60 x 135',24.00,60.00,135.00,8.00),
(3895,'24 x 64 x 285',24.00,64.00,285.00,8.00),
(3896,'30 x 44 x 135',30.00,44.00,135.00,8.00),
(3897,'24 x 65 x 92',24.00,65.00,92.00,8.00),
(3898,'30 x 45 x 142',30.00,45.00,142.00,8.00),
(3899,'24 x 69 x 115',24.00,69.00,115.00,8.00),
(3900,'30 x 50 x 105',30.00,50.00,105.00,8.00),
(3901,'24 x 75 x 137',24.00,75.00,137.00,8.00),
(3902,'30 x 51 x 295',30.00,51.00,295.00,8.00),
(3903,'25 x 28 x 65',25.00,28.00,65.00,8.00),
(3904,'30 x 52 x 142',30.00,52.00,142.00,8.00),
(3905,'25 x 29 x 143',25.00,29.00,143.00,8.00),
(3906,'30 x 62 x 150',30.00,62.00,150.00,8.00),
(3907,'30 x 62 x 140',30.00,62.00,140.00,8.00),
(3908,'25 x 30 x 81',25.00,30.00,81.00,8.00),
(3909,'30 x 66 x 121',30.00,66.00,121.00,8.00),
(3910,'25 x 30 x 155',25.00,30.00,155.00,8.00),
(3911,'30 x 75 x 175',30.00,75.00,175.00,8.00),
(3912,'25 x 31 x 503',25.00,31.00,503.00,8.00),
(3913,'25 x 32 x 143',25.00,32.00,143.00,8.00),
(3914,'30 x 130 x 215',30.00,130.00,215.00,8.00),
(3915,'25 x 36 x 177',25.00,36.00,177.00,8.00),
(3916,'30 x 134 x 151',30.00,134.00,151.00,8.00),
(3917,'25 x 37 x 165',25.00,37.00,165.00,8.00),
(3918,'25 x 38 x 185',25.00,38.00,185.00,8.00),
(3919,'25 x 40 x 365',25.00,40.00,365.00,8.00),
(3920,'25 x 40 x 315',25.00,40.00,315.00,8.00),
(3921,'30 x 132 x 135',30.00,132.00,135.00,8.00),
(3922,'25 x 40 x 65',25.00,40.00,65.00,8.00),
(3923,'31 x 33 x 42',31.00,33.00,42.00,8.00),
(3924,'25 x 41 x 137',25.00,41.00,137.00,8.00),
(3925,'31 x 41 x 58',31.00,41.00,58.00,8.00),
(3926,'25 x 43 x 85',25.00,43.00,85.00,8.00),
(3927,'31 x 50 x 205',31.00,50.00,205.00,8.00),
(3928,'25 x 44 x 148',25.00,44.00,148.00,8.00),
(3929,'31 x 55 x 70',31.00,55.00,70.00,8.00),
(3930,'25 x 45 x 67',25.00,45.00,67.00,8.00),
(3931,'25 x 45 x 83',25.00,45.00,83.00,8.00),
(3932,'31 x 64 x 141',31.00,64.00,141.00,8.00),
(3933,'25 x 45 x 135',25.00,45.00,135.00,8.00),
(3934,'31 x 80 x 149',31.00,80.00,149.00,8.00),
(3935,'25 x 45 x 155',25.00,45.00,155.00,8.00),
(3936,'31 x 82 x 114',31.00,82.00,114.00,8.00),
(3937,'25 x 45 x 350',25.00,45.00,350.00,8.00),
(3938,'32 x 40 x 105',32.00,40.00,105.00,8.00),
(3939,'25 x 45.5 x 149',25.00,45.50,149.00,8.00),
(3940,'32 x 40 x 100',32.00,40.00,100.00,8.00),
(3941,'25 x 50 x 161',25.00,50.00,161.00,8.00),
(3942,'32 x 40 x 72',32.00,40.00,72.00,8.00),
(3943,'25 x 50 x 156',25.00,50.00,156.00,8.00),
(3944,'32 x 50 x 83',32.00,50.00,83.00,8.00),
(3945,'25 x 50 x 155',25.00,50.00,155.00,8.00),
(3946,'25 x 50 x 154',25.00,50.00,154.00,8.00),
(3947,'32 x 51 x 77',32.00,51.00,77.00,8.00),
(3948,'32 x 52 x 143',32.00,52.00,143.00,8.00),
(3949,'32 x 60 x 258',32.00,60.00,258.00,8.00),
(3950,'32 x 46 x 73',32.00,46.00,73.00,8.00),
(3951,'33 x 41 x 155',33.00,41.00,155.00,8.00),
(3952,'33 x 50 x 140',33.00,50.00,140.00,8.00),
(3953,'33 x 50 x 60',33.00,50.00,60.00,8.00),
(3954,'34 x 40 x 47',34.00,40.00,47.00,8.00),
(3955,'25 x 50 x 57',25.00,50.00,57.00,8.00),
(3956,'25 x 53 x 124',25.00,53.00,124.00,8.00),
(3957,'25 x 55 x 430',25.00,55.00,430.00,8.00),
(3958,'25 x 55 x 490',25.00,55.00,490.00,8.00),
(3959,'25 x 55 x 705',25.00,55.00,705.00,8.00),
(3960,'25 x 58 x 695',25.00,58.00,695.00,8.00),
(3961,'34 x 65 x 142',34.00,65.00,142.00,8.00),
(3962,'25 x 60 x 137',25.00,60.00,137.00,8.00),
(3963,'25 x 62 x 147',25.00,62.00,147.00,8.00),
(3964,'34 x 82 x 207',34.00,82.00,207.00,8.00),
(3965,'25 x 65 x 135',25.00,65.00,135.00,8.00),
(3966,'35 x 80 x 83',35.00,80.00,83.00,8.00),
(3967,'25 x 65 x 77',25.00,65.00,77.00,8.00),
(3968,'25 x 66 x 71',25.00,66.00,71.00,8.00),
(3969,'35 x 48 x 50',35.00,48.00,50.00,8.00),
(3970,'25 x 70 x 72',25.00,70.00,72.00,8.00),
(3971,'35 x 50 x 140',35.00,50.00,140.00,8.00),
(3972,'25 x 75 x 137',25.00,75.00,137.00,8.00),
(3973,'35 x 57 x 68',35.00,57.00,68.00,8.00),
(3974,'25 x 77 x 109',25.00,77.00,109.00,8.00),
(3975,'35 x 60 x 147',35.00,60.00,147.00,8.00),
(3976,'25 x 80 x 85',25.00,80.00,85.00,8.00),
(3977,'35.8 x 46 x 64',35.80,46.00,64.00,8.00),
(3978,'25 x 112 x 120',25.00,112.00,120.00,8.00),
(3979,'36 x 36 x 48',36.00,36.00,48.00,8.00),
(3980,'37 x 44 x 50',37.00,44.00,50.00,8.00),
(3981,'26 x 27 x 158',26.00,27.00,158.00,8.00),
(3982,'26 x 29 x 191',26.00,29.00,191.00,8.00),
(3983,'37 x 50 x 89',37.00,50.00,89.00,8.00),
(3984,'26 x 30 x 207',26.00,30.00,207.00,8.00),
(3985,'37 x 50 x 90',37.00,50.00,90.00,8.00),
(3986,'37 x 50 x 263',37.00,50.00,263.00,8.00),
(3987,'26 x 34 x 382',26.00,34.00,382.00,8.00),
(3988,'26 x 40 x 280',26.00,40.00,280.00,8.00),
(3989,'37 x 57 x 68',37.00,57.00,68.00,8.00),
(3990,'26 x 42 x 55',26.00,42.00,55.00,8.00),
(3991,'26 x 42 x 350',26.00,42.00,350.00,8.00),
(3992,'26 x 43 x 149',26.00,43.00,149.00,8.00),
(3993,'26 x 45 x 80',26.00,45.00,80.00,8.00),
(3994,'37 x 72 x 77',37.00,72.00,77.00,8.00),
(3995,'26 x 57 x 308',26.00,57.00,308.00,8.00),
(3996,'26 x 65 x 104',26.00,65.00,104.00,8.00),
(3997,'38 x 72 x 152',38.00,72.00,152.00,8.00),
(3998,'27 x 30 x 120',27.00,30.00,120.00,8.00),
(3999,'38 x 51 x 70',38.00,51.00,70.00,8.00),
(4000,'27 x 36 x 66',27.00,36.00,66.00,8.00),
(4001,'39 x 80 x 129',39.00,80.00,129.00,8.00),
(4002,'27 x 40 x 136',27.00,40.00,136.00,8.00),
(4003,'40 x 40 x 199',40.00,40.00,199.00,8.00),
(4004,'27 x 40 x 130',27.00,40.00,130.00,8.00),
(4005,'40 x 42 x 46',40.00,42.00,46.00,8.00),
(4006,'40 x 71 x 125',40.00,71.00,125.00,8.00),
(4007,'40 x 51 x 57',40.00,51.00,57.00,8.00),
(4008,'41 x 50 x 52',41.00,50.00,52.00,8.00),
(4009,'42 x 47 x 53',42.00,47.00,53.00,8.00),
(4010,'42 x 70 x 90',42.00,70.00,90.00,8.00),
(4011,'42 x 80 x 87',42.00,80.00,87.00,8.00),
(4012,'43 x 50 x 145',43.00,50.00,145.00,8.00),
(4013,'43 x 80 x 94',43.00,80.00,94.00,8.00),
(4014,'44 x 75 x 80',44.00,75.00,80.00,8.00),
(4015,'44 x 60 x 136',44.00,60.00,136.00,8.00),
(4016,'45 x 50 x 69',45.00,50.00,69.00,8.00),
(4017,'45 x 50 x 314',45.00,50.00,314.00,8.00),
(4018,'27 x 45 x 65',27.00,45.00,65.00,8.00),
(4019,'45 x 55 x 98',45.00,55.00,98.00,8.00),
(4020,'45 x 60 x 124',45.00,60.00,124.00,8.00),
(4021,'27 x 45 x 355',27.00,45.00,355.00,8.00),
(4022,'45 x 77 x 95',45.00,77.00,95.00,8.00),
(4023,'27 x 47 x 150',27.00,47.00,150.00,8.00),
(4024,'45 x 85 x 90',45.00,85.00,90.00,8.00),
(4025,'27 x 49 x 230',27.00,49.00,230.00,8.00),
(4026,'27 x 55 x 138',27.00,55.00,138.00,8.00),
(4027,'27 x 55 x 200',27.00,55.00,200.00,8.00),
(4028,'46 x 50 x 276',46.00,50.00,276.00,8.00),
(4029,'48 x 60 x 95',48.00,60.00,95.00,8.00),
(4030,'27 x 60 x 415',27.00,60.00,415.00,8.00),
(4031,'46 x 61 x 134',46.00,61.00,134.00,8.00),
(4032,'27 x 61 x 74',27.00,61.00,74.00,8.00),
(4033,'27 x 68 x 73',27.00,68.00,73.00,8.00),
(4034,'27 x 78 x 120',27.00,78.00,120.00,8.00),
(4035,'27 x 80 x 112',27.00,80.00,112.00,8.00),
(4036,'49 x 62 x 75',49.00,62.00,75.00,8.00),
(4037,'28 x 29 x 325',28.00,29.00,325.00,8.00),
(4038,'28 x 30 x 206',28.00,30.00,206.00,8.00),
(4039,'49 x 67 x 74',49.00,67.00,74.00,8.00),
(4040,'28 x 31 x 61',28.00,31.00,61.00,8.00),
(4041,'28 x 32 x 73',28.00,32.00,73.00,8.00),
(4042,'28 x 35 x 116',28.00,35.00,116.00,8.00),
(4043,'28 x 42 x 324',28.00,42.00,324.00,8.00),
(4044,'28 x 45 x 136',28.00,45.00,136.00,8.00),
(4045,'28 x 47 x 85',28.00,47.00,85.00,8.00),
(4046,'28 x 50 x 151',28.00,50.00,151.00,8.00),
(4047,'28 x 50 x 169',28.00,50.00,169.00,8.00),
(4048,'28 x 52 x 154',28.00,52.00,154.00,8.00),
(4049,'28 x 53 x 139',28.00,53.00,139.00,8.00),
(4050,'28 x 61 x 133',28.00,61.00,133.00,8.00),
(4051,'46 x 73 x 112',46.00,73.00,112.00,8.00),
(4052,'28 x 64 x 127',28.00,64.00,127.00,8.00),
(4053,'28 x 65 x 66',28.00,65.00,66.00,8.00),
(4054,'28 x 65 x 160',28.00,65.00,160.00,8.00),
(4055,'28 x 65 x 127',28.00,65.00,127.00,8.00),
(4056,'28 x 67 x 85',28.00,67.00,85.00,8.00),
(4057,'28 x 70 x 225',28.00,70.00,225.00,8.00),
(4058,'28 x 75 x 143',28.00,75.00,143.00,8.00),
(4059,'28 x 75 x 137',28.00,75.00,137.00,8.00),
(4060,'28 x 80 x 135',28.00,80.00,135.00,8.00),
(4061,'28 x 80 x 100',28.00,80.00,100.00,8.00),
(4062,'28 x 82 x 132',28.00,82.00,132.00,8.00),
(4063,'50 x 50 x 168',50.00,50.00,168.00,8.00),
(4064,'28 x 84 x 133',28.00,84.00,133.00,8.00),
(4065,'50 x 50 x 190',50.00,50.00,190.00,8.00),
(4066,'28 x 85 x 115',28.00,85.00,115.00,8.00),
(4067,'28 x 91 x 187',28.00,91.00,187.00,8.00),
(4068,'50 x 52 x 264',50.00,52.00,264.00,8.00),
(4069,'28 x 91 x 156',28.00,91.00,156.00,8.00),
(4070,'50 x 57 x 89',50.00,57.00,89.00,8.00),
(4071,'28 x 93 x 132',28.00,93.00,132.00,8.00),
(4072,'28 x 95 x 95',28.00,95.00,95.00,8.00),
(4073,'28 x 95 x 185',28.00,95.00,185.00,8.00),
(4074,'29 x 30 x 210',29.00,30.00,210.00,8.00),
(4075,'29 x 32 x 105',29.00,32.00,105.00,8.00),
(4076,'29 x 32 x 140',29.00,32.00,140.00,8.00),
(4077,'29 x 33 x 245',29.00,33.00,245.00,8.00),
(4078,'50 x 73 x 179',50.00,73.00,179.00,8.00),
(4079,'29 x 37 x 157',29.00,37.00,157.00,8.00),
(4080,'29 x 40 x 270',29.00,40.00,270.00,8.00),
(4081,'29 x 41 x 90',29.00,41.00,90.00,8.00),
(4082,'29 x 43 x 256',29.00,43.00,256.00,8.00),
(4083,'50 x 81 x 84',50.00,81.00,84.00,8.00),
(4084,'29 x 45 x 75',29.00,45.00,75.00,8.00),
(4085,'29 x 48 x 170',29.00,48.00,170.00,8.00),
(4086,'50 x 85 x 152',50.00,85.00,152.00,8.00),
(4087,'29 x 50 x 167',29.00,50.00,167.00,8.00),
(4088,'50 x 93 x 257',50.00,93.00,257.00,8.00),
(4089,'29 x 55 x 600',29.00,55.00,600.00,8.00),
(4090,'29 x 55 x 598',29.00,55.00,598.00,8.00),
(4091,'29 x 60 x 413',29.00,60.00,413.00,8.00),
(4092,'29 x 60 x 139',29.00,60.00,139.00,8.00),
(4093,'51 x 70 x 188',51.00,70.00,188.00,8.00),
(4094,'51 x 75 x 115',51.00,75.00,115.00,8.00),
(4095,'51 x 76 x 120',51.00,76.00,120.00,8.00),
(4096,'29 x 62 x 91',29.00,62.00,91.00,8.00),
(4097,'51 x 80 x 155',51.00,80.00,155.00,8.00),
(4098,'29 x 64 x 85',29.00,64.00,85.00,8.00),
(4099,'29 x 67 x 120',29.00,67.00,120.00,8.00),
(4100,'51.7 x 65 x 97',51.70,65.00,97.00,8.00),
(4101,'29 x 71 x 135',29.00,71.00,135.00,8.00),
(4102,'29 x 81 x 145',29.00,81.00,145.00,8.00),
(4103,'29 x 82 x 185',29.00,82.00,185.00,8.00),
(4104,'29 x 88 x 136',29.00,88.00,136.00,8.00),
(4105,'29 x 90 x 151',29.00,90.00,151.00,8.00),
(4106,'30 x 30 x 65',30.00,30.00,65.00,8.00),
(4107,'52 x 61 x 97',52.00,61.00,97.00,8.00),
(4108,'30 x 30 x 210',30.00,30.00,210.00,8.00),
(4109,'53 x 60 x 133',53.00,60.00,133.00,8.00),
(4110,'30 x 30 x 600',30.00,30.00,600.00,8.00),
(4111,'53 x 80 x 121',53.00,80.00,121.00,8.00),
(4112,'30 x 31 x 367',30.00,31.00,367.00,8.00),
(4113,'30 x 35 x 122',30.00,35.00,122.00,8.00),
(4114,'54 x 60 x 207',54.00,60.00,207.00,8.00),
(4115,'30 x 35 x 304',30.00,35.00,304.00,8.00),
(4116,'30 x 38 x 160',30.00,38.00,160.00,8.00),
(4117,'54 x 90 x 215',54.00,90.00,215.00,8.00),
(4118,'30 x 39 x 417',30.00,39.00,417.00,8.00),
(4119,'55 x 55 x 175',55.00,55.00,175.00,8.00),
(4120,'30 x 40 x 135',30.00,40.00,135.00,8.00),
(4121,'30 x 40 x 124',30.00,40.00,124.00,8.00),
(4122,'55 x 62 x 175',55.00,62.00,175.00,8.00),
(4123,'30 x 40 x 182',30.00,40.00,182.00,8.00),
(4124,'30 x 40 x 300',30.00,40.00,300.00,8.00),
(4125,'55 x 64 x 65',55.00,64.00,65.00,8.00),
(4126,'30 x 40 x 325',30.00,40.00,325.00,8.00),
(4127,'55 x 70 x 135',55.00,70.00,135.00,8.00),
(4128,'30 x 40 x 585',30.00,40.00,585.00,8.00),
(4129,'30 x 43 x 220',30.00,43.00,220.00,8.00),
(4130,'56 x 115 x 120',56.00,115.00,120.00,8.00),
(4131,'30 x 43 x 50',30.00,43.00,50.00,8.00),
(4132,'57 x 70 x 192',57.00,70.00,192.00,8.00),
(4133,'30 x 47 x 142',30.00,47.00,142.00,8.00),
(4134,'58 x 70 x 187',58.00,70.00,187.00,8.00),
(4135,'58 x 97 x 103',58.00,97.00,103.00,8.00),
(4136,'30 x 48 x 247',30.00,48.00,247.00,8.00),
(4137,'60 x 67 x 100',60.00,67.00,100.00,8.00),
(4138,'30 x 48 x 147',30.00,48.00,147.00,8.00),
(4139,'30 x 50 x 99',30.00,50.00,99.00,8.00),
(4140,'30 x 50 x 100',30.00,50.00,100.00,8.00),
(4141,'30 x 50 x 480',30.00,50.00,480.00,8.00),
(4142,'60 x 69 x 147',60.00,69.00,147.00,8.00),
(4143,'30 x 50 x 700',30.00,50.00,700.00,8.00),
(4144,'30 x 50 x 140',30.00,50.00,140.00,8.00),
(4145,'60 x 78 x 114',60.00,78.00,114.00,8.00),
(4146,'30 x 50 x 60',30.00,50.00,60.00,8.00),
(4147,'60 x 96 x 100',60.00,96.00,100.00,8.00),
(4148,'30 x 50 x 135',30.00,50.00,135.00,8.00),
(4149,'61 x 62 x 155',61.00,62.00,155.00,8.00),
(4150,'30 x 55 x 139',30.00,55.00,139.00,8.00),
(4151,'61 x 90 x 104',61.00,90.00,104.00,8.00),
(4152,'61 x 135 x 139',61.00,135.00,139.00,8.00),
(4153,'62 x 64 x 71',62.00,64.00,71.00,8.00),
(4154,'30 x 60 x 140',30.00,60.00,140.00,8.00),
(4155,'62 x 90 x 100',62.00,90.00,100.00,8.00),
(4156,'60 x 64 x 118',60.00,64.00,118.00,8.00),
(4157,'30 x 65 x 102',30.00,65.00,102.00,8.00),
(4158,'63 x 76 x 108',63.00,76.00,108.00,8.00),
(4159,'30 x 65 x 110',30.00,65.00,110.00,8.00),
(4160,'30 x 65 x 265',30.00,65.00,265.00,8.00),
(4161,'30 x 65 x 182',30.00,65.00,182.00,8.00),
(4162,'30 x 67 x 190',30.00,67.00,190.00,8.00),
(4163,'30 x 68 x 220',30.00,68.00,220.00,8.00),
(4164,'30 x 75 x 135',30.00,75.00,135.00,8.00),
(4165,'30 x 75 x 149',30.00,75.00,149.00,8.00),
(4166,'30 x 75 x 294',30.00,75.00,294.00,8.00),
(4167,'30 x 75 x 265',30.00,75.00,265.00,8.00),
(4168,'30 x 76 x 138',30.00,76.00,138.00,8.00),
(4169,'30 x 81 x 91',30.00,81.00,91.00,8.00),
(4170,'30 x 89 x 137',30.00,89.00,137.00,8.00),
(4171,'30 x 90 x 218',30.00,90.00,218.00,8.00),
(4172,'30 x 93 x 155',30.00,93.00,155.00,8.00),
(4173,'30 x 94 x 179',30.00,94.00,179.00,8.00),
(4174,'30 x 95 x 165',30.00,95.00,165.00,8.00),
(4175,'30 x 95 x 275',30.00,95.00,275.00,8.00),
(4176,'30 x 115 x 123',30.00,115.00,123.00,8.00),
(4177,'30 x 130 x 170',30.00,130.00,170.00,8.00),
(4178,'31 x 32 x 207',31.00,32.00,207.00,8.00),
(4179,'31 x 33 x 205',31.00,33.00,205.00,8.00),
(4180,'31 x 34 x 65',31.00,34.00,65.00,8.00),
(4181,'31 x 40 x 137',31.00,40.00,137.00,8.00),
(4182,'31 x 40 x 98',31.00,40.00,98.00,8.00),
(4183,'65 x 66 x 140',65.00,66.00,140.00,8.00),
(4184,'31 x 40 x 74',31.00,40.00,74.00,8.00),
(4185,'31 x 40 x 325',31.00,40.00,325.00,8.00),
(4186,'65 x 66 x 141',65.00,66.00,141.00,8.00),
(4187,'31 x 50 x 137',31.00,50.00,137.00,8.00),
(4188,'31 x 54 x 85',31.00,54.00,85.00,8.00),
(4189,'65 x 68 x 140',65.00,68.00,140.00,8.00),
(4190,'31 x 55 x 62',31.00,55.00,62.00,8.00),
(4191,'67 x 72 x 111',67.00,72.00,111.00,8.00),
(4192,'31 x 60 x 140',31.00,60.00,140.00,8.00),
(4193,'31 x 60 x 132',31.00,60.00,132.00,8.00),
(4194,'68 x 71 x 82',68.00,71.00,82.00,8.00),
(4195,'31 x 76 x 136',31.00,76.00,136.00,8.00),
(4196,'68 x 88 x 136',68.00,88.00,136.00,8.00),
(4197,'31 x 78 x 113',31.00,78.00,113.00,8.00),
(4198,'70 x 97 x 115',70.00,97.00,115.00,8.00),
(4199,'32 x 33 x 304',32.00,33.00,304.00,8.00),
(4200,'71 x 81 x 132',71.00,81.00,132.00,8.00),
(4201,'32 x 40 x 65',32.00,40.00,65.00,8.00),
(4202,'80 x 84 x 106',80.00,84.00,106.00,8.00),
(4203,'20 x 122',20.00,122.00,NULL,6.20),
(4204,'32 x 40 x 103',32.00,40.00,103.00,8.00),
(4205,'32 x 40 x 75',32.00,40.00,75.00,8.00),
(4206,'40 x 15',40.00,15.00,NULL,6.20),
(4207,'32 x 40 x 305',32.00,40.00,305.00,8.00),
(4208,'32 x 44 x 69',32.00,44.00,69.00,8.00),
(4209,'60 x 100',60.00,100.00,NULL,6.20),
(4210,'55 x 26',55.00,26.00,NULL,6.20),
(4211,'65 x 25',65.00,25.00,NULL,6.20),
(4212,'70 x 191',70.00,191.00,NULL,6.20),
(4213,'95 x 47',95.00,47.00,NULL,6.20),
(4214,'99 x 8',99.00,8.00,NULL,6.20),
(4215,'99 x 12',99.00,12.00,NULL,6.20),
(4216,'99 x 85',99.00,85.00,NULL,6.20),
(4217,'99 x 90',99.00,90.00,NULL,6.20),
(4218,'100 x 31',100.00,31.00,NULL,6.20),
(4219,'100 x 37',100.00,37.00,NULL,6.20),
(4220,'100 x 90',100.00,90.00,NULL,6.20),
(4221,'115 x 29',115.00,29.00,NULL,6.20),
(4222,'115 x 66',115.00,66.00,NULL,6.20),
(4223,'154 x 47',154.00,47.00,NULL,6.20),
(4224,'5 x 190 x 291',5.00,190.00,291.00,8.00),
(4225,'9 x 41 x 128',9.00,41.00,128.00,8.00),
(4226,'9 x 60 x 90',9.00,60.00,90.00,8.00),
(4227,'9 x 60 x 150',9.00,60.00,150.00,8.00),
(4228,'10 x 24 x 195',10.00,24.00,195.00,8.00),
(4229,'10 x 40 x 64',10.00,40.00,64.00,8.00),
(4230,'10 x 62 x 88',10.00,62.00,88.00,8.00),
(4231,'10 x 129 x 360',10.00,129.00,360.00,8.00),
(4232,'10 x 141 x 197',10.00,141.00,197.00,8.00),
(4233,'11 x 21 x 71',11.00,21.00,71.00,8.00),
(4234,'11 x 28 x 127',11.00,28.00,127.00,8.00),
(4235,'11 x 50.5 x 228',11.00,50.50,228.00,8.00),
(4236,'11 x 66 x 152',11.00,66.00,152.00,8.00),
(4237,'12 x 18 x 115',12.00,18.00,115.00,8.00),
(4238,'12 x 23 x 287',12.00,23.00,287.00,8.00),
(4239,'12 x 25 x 153',12.00,25.00,153.00,8.00),
(4240,'12 x 31 x 126',12.00,31.00,126.00,8.00),
(4241,'12 x 33 x 273',12.00,33.00,273.00,8.00),
(4242,'12 x 49 x 72',12.00,49.00,72.00,8.00),
(4243,'12 x 115 x 125',12.00,115.00,125.00,8.00),
(4244,'13 x 21 x 130',13.00,21.00,130.00,8.00),
(4245,'13 x 30 x 208',13.00,30.00,208.00,8.00),
(4246,'13 x 59 x 140',13.00,59.00,140.00,8.00),
(4247,'13 x 77 x 136',13.00,77.00,136.00,8.00),
(4248,'13 x 129 x 136',13.00,129.00,136.00,8.00),
(4249,'14 x 42 x 179',14.00,42.00,179.00,8.00),
(4250,'14 x 63 x 90',14.00,63.00,90.00,8.00),
(4251,'14 x 66 x 285',14.00,66.00,285.00,8.00),
(4252,'14 x 66 x 197',14.00,66.00,197.00,8.00),
(4253,'15 x 25 x 192',15.00,25.00,192.00,8.00),
(4254,'32 x 45 x 60',32.00,45.00,60.00,8.00),
(4255,'15 x 39 x 109',15.00,39.00,109.00,8.00),
(4256,'15 x 110 x 134',15.00,110.00,134.00,8.00),
(4257,'32 x 45 x 55',32.00,45.00,55.00,8.00),
(4258,'16 x 23 x 137',16.00,23.00,137.00,8.00),
(4259,'32 x 46 x 142',32.00,46.00,142.00,8.00),
(4260,'32 x 47 x 67',32.00,47.00,67.00,8.00),
(4261,'32 x 48 x 137',32.00,48.00,137.00,8.00),
(4262,'32 x 50 x 360',32.00,50.00,360.00,8.00),
(4263,'32 x 50 x 137',32.00,50.00,137.00,8.00),
(4264,'32 x 60 x 125',32.00,60.00,125.00,8.00),
(4265,'32 x 65 x 122',32.00,65.00,122.00,8.00),
(4266,'32 x 65 x 142',32.00,65.00,142.00,8.00),
(4267,'32 x 75 x 131',32.00,75.00,131.00,8.00),
(4268,'32 x 75 x 175',32.00,75.00,175.00,8.00),
(4269,'32 x 76 x 78',32.00,76.00,78.00,8.00),
(4270,'33 x 35 x 85',33.00,35.00,85.00,8.00),
(4271,'33 x 37 x 180',33.00,37.00,180.00,8.00),
(4272,'33 x 45 x 50',33.00,45.00,50.00,8.00),
(4273,'33 x 45 x 114',33.00,45.00,114.00,8.00),
(4274,'33 x 54 x 99',33.00,54.00,99.00,8.00),
(4275,'33 x 55 x 141',33.00,55.00,141.00,8.00),
(4276,'33 x 61.5 x 135',33.00,61.50,135.00,8.00),
(4277,'33 x 75 x 99',33.00,75.00,99.00,8.00),
(4278,'33 x 45 x 137',33.00,45.00,137.00,8.00),
(4279,'34 x 38 x 84',34.00,38.00,84.00,8.00),
(4280,'34 x 38 x 87',34.00,38.00,87.00,8.00),
(4281,'34 x 40 x 135',34.00,40.00,135.00,8.00),
(4282,'34 x 47 x 135',34.00,47.00,135.00,8.00),
(4283,'34 x 49 x 59',34.00,49.00,59.00,8.00),
(4284,'34 x 65 x 83',34.00,65.00,83.00,8.00),
(4285,'34 x 75 x 200',34.00,75.00,200.00,8.00),
(4286,'34 x 80 x 135',34.00,80.00,135.00,8.00),
(4287,'34 x 101 x 126',34.00,101.00,126.00,8.00),
(4288,'35 x 35 x 212',35.00,35.00,212.00,8.00),
(4289,'35 x 39 x 225',35.00,39.00,225.00,8.00),
(4290,'35 x 40 x 95',35.00,40.00,95.00,8.00),
(4291,'35 x 40 x 120',35.00,40.00,120.00,8.00),
(4292,'16 x 25 x 192',16.00,25.00,192.00,8.00),
(4293,'35 x 40 x 275',35.00,40.00,275.00,8.00),
(4294,'16 x 29 x 197',16.00,29.00,197.00,8.00),
(4295,'35 x 40 x 215',35.00,40.00,215.00,8.00),
(4296,'17 x 19 x 80',17.00,19.00,80.00,8.00),
(4297,'35 x 40 x 400',35.00,40.00,400.00,8.00),
(4298,'35 x 40 x 260',35.00,40.00,260.00,8.00),
(4299,'35 x 40 x 410',35.00,40.00,410.00,8.00),
(4300,'18 x 30 x 81',18.00,30.00,81.00,8.00),
(4301,'35 x 41 x 150',35.00,41.00,150.00,8.00),
(4302,'35 x 41 x 80',35.00,41.00,80.00,8.00),
(4303,'18 x 30 x 243',18.00,30.00,243.00,8.00),
(4304,'35 x 41 x 98',35.00,41.00,98.00,8.00),
(4305,'35 x 43 x 50',35.00,43.00,50.00,8.00),
(4306,'18 x 37 x 100',18.00,37.00,100.00,8.00),
(4307,'18 x 42 x 130',18.00,42.00,130.00,8.00),
(4308,'18 x 43 x 125',18.00,43.00,125.00,8.00),
(4309,'18 x 55 x 70',18.00,55.00,70.00,8.00),
(4310,'18 x 66 x 244',18.00,66.00,244.00,8.00),
(4311,'18 x 72 x 89',18.00,72.00,89.00,8.00),
(4312,'18 x 83 x 122',18.00,83.00,122.00,8.00),
(4313,'19 x 42 x 96',19.00,42.00,96.00,8.00),
(4314,'19 x 52 x 298',19.00,52.00,298.00,8.00),
(4315,'20 x 60 x 160',20.00,60.00,160.00,8.00),
(4316,'20 x 61 x 139',20.00,61.00,139.00,8.00),
(4317,'20 x 67 x 67',20.00,67.00,67.00,8.00),
(4318,'20 x 105 x 106',20.00,105.00,106.00,8.00),
(4319,'21 x 46 x 73',21.00,46.00,73.00,8.00),
(4320,'35 x 45 x 410',35.00,45.00,410.00,8.00),
(4321,'21 x 56 x 131',21.00,56.00,131.00,8.00),
(4322,'35 x 45 x 58',35.00,45.00,58.00,8.00),
(4323,'21 x 57 x 285',21.00,57.00,285.00,8.00),
(4324,'35 x 45 x 105',35.00,45.00,105.00,8.00),
(4325,'21 x 105 x 127',21.00,105.00,127.00,8.00),
(4326,'35 x 48 x 425',35.00,48.00,425.00,8.00),
(4327,'35 x 50 x 100',35.00,50.00,100.00,8.00),
(4328,'35 x 50 x 134',35.00,50.00,134.00,8.00),
(4329,'35 x 51 x 62',35.00,51.00,62.00,8.00),
(4330,'35 x 58 x 62',35.00,58.00,62.00,8.00),
(4331,'35 x 58 x 326',35.00,58.00,326.00,8.00),
(4332,'35 x 58 x 79',35.00,58.00,79.00,8.00),
(4333,'35 x 60 x 135',35.00,60.00,135.00,8.00),
(4334,'35 x 61 x 114',35.00,61.00,114.00,8.00),
(4335,'35 x 62 x 190',35.00,62.00,190.00,8.00),
(4336,'35 x 62 x 86',35.00,62.00,86.00,8.00),
(4337,'35 x 69 x 132',35.00,69.00,132.00,8.00),
(4338,'35 x 75 x 124',35.00,75.00,124.00,8.00),
(4339,'20 x 40 x 62',20.00,40.00,62.00,8.00),
(4340,'22 x 40 x 424',22.00,40.00,424.00,8.00),
(4341,'35 x 75 x 125',35.00,75.00,125.00,8.00),
(4342,'35 x 80 x 155',35.00,80.00,155.00,8.00),
(4343,'35 x 80 x 150',35.00,80.00,150.00,8.00),
(4344,'35 x 82 x 123',35.00,82.00,123.00,8.00),
(4345,'35 x 85 x 185',35.00,85.00,185.00,8.00),
(4346,'35 x 86 x 107',35.00,86.00,107.00,8.00),
(4347,'35 x 90 x 190',35.00,90.00,190.00,8.00),
(4348,'35 x 92 x 120',35.00,92.00,120.00,8.00),
(4349,'35 x 100 x 120',35.00,100.00,120.00,8.00),
(4350,'35 x 100 x 162',35.00,100.00,162.00,8.00),
(4351,'35 x 109 x 200',35.00,109.00,200.00,8.00),
(4352,'35 x 123 x 199',35.00,123.00,199.00,8.00),
(4353,'36 x 37 x 325',36.00,37.00,325.00,8.00),
(4354,'22 x 48 x 70',22.00,48.00,70.00,8.00),
(4355,'36 x 40 x 134',36.00,40.00,134.00,8.00),
(4356,'22 x 64 x 121',22.00,64.00,121.00,8.00),
(4357,'36 x 40 x 136',36.00,40.00,136.00,8.00),
(4358,'22 x 67 x 91',22.00,67.00,91.00,8.00),
(4359,'36 x 45.5 x 224',36.00,45.50,224.00,8.00),
(4360,'22 x 75 x 177',22.00,75.00,177.00,8.00),
(4361,'36 x 49 x 175',36.00,49.00,175.00,8.00),
(4362,'23 x 28 x 127',23.00,28.00,127.00,8.00),
(4363,'36 x 50 x 410',36.00,50.00,410.00,8.00),
(4364,'23 x 36 x 150',23.00,36.00,150.00,8.00),
(4365,'36.5 x 55 x 102',36.50,55.00,102.00,8.00),
(4366,'23 x 40 x 288',23.00,40.00,288.00,8.00),
(4367,'36.5 x 101 x 115',36.50,101.00,115.00,8.00),
(4368,'23 x 61 x 106',23.00,61.00,106.00,8.00),
(4369,'37 x 38 x 137',37.00,38.00,137.00,8.00),
(4370,'23 x 72 x 80',23.00,72.00,80.00,8.00),
(4371,'37 x 38 x 140',37.00,38.00,140.00,8.00),
(4372,'23 x 96 x 242',23.00,96.00,242.00,8.00),
(4373,'37 x 45 x 205',37.00,45.00,205.00,8.00),
(4374,'23 x 103 x 109',23.00,103.00,109.00,8.00),
(4375,'37 x 50.4 x 60',37.00,50.40,60.00,8.00),
(4376,'24 x 27 x 115',24.00,27.00,115.00,8.00),
(4377,'37 x 55 x 102',37.00,55.00,102.00,8.00),
(4378,'24 x 37 x 43',24.00,37.00,43.00,8.00),
(4379,'37 x 57 x 245',37.00,57.00,245.00,8.00),
(4380,'24 x 38 x 48',24.00,38.00,48.00,8.00),
(4381,'37 x 61 x 98',37.00,61.00,98.00,8.00),
(4382,'37 x 70 x 125',37.00,70.00,125.00,8.00),
(4383,'24 x 40 x 141',24.00,40.00,141.00,8.00),
(4384,'37 x 75 x 103',37.00,75.00,103.00,8.00),
(4385,'24 x 45 x 141',24.00,45.00,141.00,8.00),
(4386,'24 x 62 x 142',24.00,62.00,142.00,8.00),
(4387,'38 x 45 x 250',38.00,45.00,250.00,8.00),
(4388,'38 x 62 x 65',38.00,62.00,65.00,8.00),
(4389,'38 x 63 x 65',38.00,63.00,65.00,8.00),
(4390,'38 x 39 x 134',38.00,39.00,134.00,8.00),
(4391,'38 x 41 x 55',38.00,41.00,55.00,8.00),
(4392,'38 x 42.5 x 205',38.00,42.50,205.00,8.00),
(4393,'24 x 66 x 131',24.00,66.00,131.00,8.00),
(4394,'38 x 44.5 x 205',38.00,44.50,205.00,8.00),
(4395,'24 x 67 x 73',24.00,67.00,73.00,8.00),
(4396,'38 x 45 x 248',38.00,45.00,248.00,8.00),
(4397,'38 x 45 x 220',38.00,45.00,220.00,8.00),
(4398,'24 x 69 x 113',24.00,69.00,113.00,8.00),
(4399,'38 x 45 x 54',38.00,45.00,54.00,8.00),
(4400,'24 x 76 x 117',24.00,76.00,117.00,8.00),
(4401,'38 x 50 x 51',38.00,50.00,51.00,8.00),
(4402,'24 x 115 x 130',24.00,115.00,130.00,8.00),
(4403,'38 x 67 x 77',38.00,67.00,77.00,8.00),
(4404,'25 x 26 x 48',25.00,26.00,48.00,8.00),
(4405,'38 x 69 x 116',38.00,69.00,116.00,8.00),
(4406,'25 x 30 x 69',25.00,30.00,69.00,8.00),
(4407,'38 x 80 x 82',38.00,80.00,82.00,8.00),
(4408,'25 x 30 x 54',25.00,30.00,54.00,8.00),
(4409,'38 x 93 x 95',38.00,93.00,95.00,8.00),
(4410,'25 x 30 x 130',25.00,30.00,130.00,8.00),
(4411,'38.2 x 44 x 156',38.20,44.00,156.00,8.00),
(4412,'25 x 34 x 85',25.00,34.00,85.00,8.00),
(4413,'39 x 45 x 135',39.00,45.00,135.00,8.00),
(4414,'39 x 52 x 135',39.00,52.00,135.00,8.00),
(4415,'25 x 40 x 67',25.00,40.00,67.00,8.00),
(4416,'39 x 55 x 65',39.00,55.00,65.00,8.00),
(4417,'25 x 40 x 62',25.00,40.00,62.00,8.00),
(4418,'39 x 55 x 188',39.00,55.00,188.00,8.00),
(4419,'25 x 40 x 244',25.00,40.00,244.00,8.00),
(4420,'25 x 45 x 101',25.00,45.00,101.00,8.00),
(4421,'25 x 58 x 76',25.00,58.00,76.00,8.00),
(4422,'25.5 x 46 x 305',25.50,46.00,305.00,8.00),
(4423,'26 x 112 x 228',26.00,112.00,228.00,8.00),
(4424,'27 x 27 x 152',27.00,27.00,152.00,8.00),
(4425,'27 x 31 x 55',27.00,31.00,55.00,8.00),
(4426,'27 x 46 x 72',27.00,46.00,72.00,8.00),
(4427,'27 x 47 x 73',27.00,47.00,73.00,8.00),
(4428,'28 x 31 x 38',28.00,31.00,38.00,8.00),
(4429,'28 x 35 x 133',28.00,35.00,133.00,8.00),
(4430,'28 x 36 x 127',28.00,36.00,127.00,8.00),
(4431,'28 x 38 x 54',28.00,38.00,54.00,8.00),
(4432,'28 x 55 x 120',28.00,55.00,120.00,8.00),
(4433,'28 x 73 x 148',28.00,73.00,148.00,8.00),
(4434,'28 x 90 x 100',28.00,90.00,100.00,8.00),
(4435,'29 x 41 x 84',29.00,41.00,84.00,8.00),
(4436,'29 x 62 x 75',29.00,62.00,75.00,8.00),
(4437,'40 x 40 x 117',40.00,40.00,117.00,8.00),
(4438,'30 x 50 x 110',30.00,50.00,110.00,8.00),
(4439,'30 x 54 x 54',30.00,54.00,54.00,8.00),
(4440,'40 x 40 x 137',40.00,40.00,137.00,8.00),
(4441,'30 x 67 x 74',30.00,67.00,74.00,8.00),
(4442,'40 x 40 x 166',40.00,40.00,166.00,8.00),
(4443,'31 x 50 x 58',31.00,50.00,58.00,8.00),
(4444,'40 x 40 x 190',40.00,40.00,190.00,8.00),
(4445,'32 x 33 x 130',32.00,33.00,130.00,8.00),
(4446,'40 x 41 x 139',40.00,41.00,139.00,8.00),
(4447,'32 x 61 x 306',32.00,61.00,306.00,8.00),
(4448,'33 x 51 x 84',33.00,51.00,84.00,8.00),
(4449,'34 x 36 x 67',34.00,36.00,67.00,8.00),
(4450,'40 x 41 x 85',40.00,41.00,85.00,8.00),
(4451,'34 x 44 x 62',34.00,44.00,62.00,8.00),
(4452,'40 x 42 x 118',40.00,42.00,118.00,8.00),
(4453,'35 x 38 x 81',35.00,38.00,81.00,8.00),
(4454,'40 x 42 x 90',40.00,42.00,90.00,8.00),
(4455,'35 x 76 x 115',35.00,76.00,115.00,8.00),
(4456,'36 x 53 x 63',36.00,53.00,63.00,8.00),
(4457,'40 x 43 x 136',40.00,43.00,136.00,8.00),
(4458,'40 x 44 x 110',40.00,44.00,110.00,8.00),
(4459,'36 x 56 x 72',36.00,56.00,72.00,8.00),
(4460,'40 x 44 x 136',40.00,44.00,136.00,8.00),
(4461,'40 x 44 x 77',40.00,44.00,77.00,8.00),
(4462,'40 x 44 x 78',40.00,44.00,78.00,8.00),
(4463,'40 x 45 x 60',40.00,45.00,60.00,8.00),
(4464,'40 x 45 x 255',40.00,45.00,255.00,8.00),
(4465,'40 x 45 x 177',40.00,45.00,177.00,8.00),
(4466,'36 x 65 x 116',36.00,65.00,116.00,8.00),
(4467,'37 x 37 x 128',37.00,37.00,128.00,8.00),
(4468,'38.5 x 57 x 63',38.50,57.00,63.00,8.00),
(4469,'39 x 73 x 105',39.00,73.00,105.00,8.00),
(4470,'40 x 60 x 293',40.00,60.00,293.00,8.00),
(4471,'41 x 73 x 99',41.00,73.00,99.00,8.00),
(4472,'42 x 42 x 120',42.00,42.00,120.00,8.00),
(4473,'43 x 55 x 63',43.00,55.00,63.00,8.00),
(4474,'45 x 102 x 162',45.00,102.00,162.00,8.00),
(4475,'40 x 45 x 300',40.00,45.00,300.00,8.00),
(4476,'40 x 48 x 76',40.00,48.00,76.00,8.00),
(4477,'40 x 50 x 50',40.00,50.00,50.00,8.00),
(4478,'40 x 50 x 61',40.00,50.00,61.00,8.00),
(4479,'40 x 51 x 77',40.00,51.00,77.00,8.00),
(4480,'40 x 53 x 252',40.00,53.00,252.00,8.00),
(4481,'40 x 54 x 85',40.00,54.00,85.00,8.00),
(4482,'40 x 59 x 113',40.00,59.00,113.00,8.00),
(4483,'40 x 60 x 87',40.00,60.00,87.00,8.00),
(4484,'40 x 60 x 138',40.00,60.00,138.00,8.00),
(4485,'40 x 62 x 127',40.00,62.00,127.00,8.00),
(4486,'40 x 63 x 125',40.00,63.00,125.00,8.00),
(4487,'40 x 65 x 82',40.00,65.00,82.00,8.00),
(4488,'40 x 65 x 106',40.00,65.00,106.00,8.00),
(4489,'40 x 65 x 100',40.00,65.00,100.00,8.00),
(4490,'40 x 70 x 95',40.00,70.00,95.00,8.00),
(4491,'40 x 70 x 120',40.00,70.00,120.00,8.00),
(4492,'40 x 80 x 110',40.00,80.00,110.00,8.00),
(4493,'40 x 85 x 107',40.00,85.00,107.00,8.00),
(4494,'40 x 87 x 120',40.00,87.00,120.00,8.00),
(4495,'40 x 95 x 96',40.00,95.00,96.00,8.00),
(4496,'40 x 99 x 125',40.00,99.00,125.00,8.00),
(4497,'40 x 104 x 104',40.00,104.00,104.00,8.00),
(4498,'40 x 43 x 260',40.00,43.00,260.00,8.00),
(4499,'41 x 45 x 135',41.00,45.00,135.00,8.00),
(4500,'41 x 124 x 128',41.00,124.00,128.00,8.00),
(4501,'42 x 50 x 82',42.00,50.00,82.00,8.00),
(4502,'42 x 50 x 85',42.00,50.00,85.00,8.00),
(4503,'42 x 50 x 50',42.00,50.00,50.00,8.00),
(4504,'43 x 44 x 155',43.00,44.00,155.00,8.00),
(4505,'43 x 45 x 135',43.00,45.00,135.00,8.00),
(4506,'43 x 67 x 88',43.00,67.00,88.00,8.00),
(4507,'43 x 73 x 120',43.00,73.00,120.00,8.00),
(4508,'44 x 47 x 260',44.00,47.00,260.00,8.00),
(4509,'44 x 49 x 100',44.00,49.00,100.00,8.00),
(4510,'44 x 55 x 83',44.00,55.00,83.00,8.00),
(4511,'44 x 55 x 82',44.00,55.00,82.00,8.00),
(4512,'44 x 55 x 61',44.00,55.00,61.00,8.00),
(4513,'44 x 60 x 117',44.00,60.00,117.00,8.00),
(4514,'44 x 65 x 92',44.00,65.00,92.00,8.00),
(4515,'44 x 66 x 86',44.00,66.00,86.00,8.00),
(4516,'44 x 80 x 82',44.00,80.00,82.00,8.00),
(4517,'44 x 95 x 120',44.00,95.00,120.00,8.00),
(4518,'45 x 45 x 85',45.00,45.00,85.00,8.00),
(4519,'45 x 45 x 145',45.00,45.00,145.00,8.00),
(4520,'45 x 45 x 75',45.00,45.00,75.00,8.00),
(4521,'45 x 45 x 158',45.00,45.00,158.00,8.00),
(4522,'45 x 45 x 159',45.00,45.00,159.00,8.00),
(4523,'45 x 48 x 50',45.00,48.00,50.00,8.00),
(4524,'45 x 50 x 227',45.00,50.00,227.00,8.00),
(4525,'45 x 55 x 125',45.00,55.00,125.00,8.00),
(4526,'45 x 60 x 126',45.00,60.00,126.00,8.00),
(4527,'46 x 65 x 74',46.00,65.00,74.00,8.00),
(4528,'45 x 61 x 61',45.00,61.00,61.00,8.00),
(4529,'51 x 52 x 68',51.00,52.00,68.00,8.00),
(4530,'45 x 63 x 91',45.00,63.00,91.00,8.00),
(4531,'45 x 65 x 77',45.00,65.00,77.00,8.00),
(4532,'45 x 65 x 72',45.00,65.00,72.00,8.00),
(4533,'45 x 75 x 130',45.00,75.00,130.00,8.00),
(4534,'45 x 78 x 83',45.00,78.00,83.00,8.00),
(4535,'51 x 65 x 74',51.00,65.00,74.00,8.00),
(4536,'45 x 110 x 112',45.00,110.00,112.00,8.00),
(4537,'61 x 74 x 126',61.00,74.00,126.00,8.00),
(4538,'45 x 116 x 155',45.00,116.00,155.00,8.00),
(4539,'46 x 70 x 120',46.00,70.00,120.00,8.00),
(4540,'65 x 69 x 120',65.00,69.00,120.00,8.00),
(4541,'46 x 76 x 80',46.00,76.00,80.00,8.00),
(4542,'46 x 76 x 100',46.00,76.00,100.00,8.00),
(4543,'46 x 76 x 135',46.00,76.00,135.00,8.00),
(4544,'66 x 74 x 86',66.00,74.00,86.00,8.00),
(4545,'66 x 74 x 178',66.00,74.00,178.00,8.00),
(4546,'67 x 72 x 104',67.00,72.00,104.00,8.00),
(4547,'69 x 69 x 72',69.00,69.00,72.00,8.00),
(4548,'12 x 120',12.00,120.00,NULL,6.20),
(4549,'16 x 188',16.00,188.00,NULL,6.20),
(4550,'16 x 228',16.00,228.00,NULL,6.20),
(4551,'16 x 195',16.00,195.00,NULL,6.20),
(4552,'16 x 580',16.00,580.00,NULL,6.20),
(4553,'16 x 990',16.00,990.00,NULL,6.20),
(4554,'19 x 441',19.00,441.00,NULL,6.20),
(4555,'19 x 588',19.00,588.00,NULL,6.20),
(4556,'20 x 130',20.00,130.00,NULL,6.20),
(4557,'20 x 143',20.00,143.00,NULL,6.20),
(4558,'20 x 420',20.00,420.00,NULL,6.20),
(4559,'20.5 x 235',20.50,235.00,NULL,6.20),
(4560,'20.5 x 260',20.50,260.00,NULL,6.20),
(4561,'22 x 415',22.00,415.00,NULL,6.20),
(4562,'22 x 433',22.00,433.00,NULL,6.20),
(4563,'47 x 50 x 142',47.00,50.00,142.00,8.00),
(4564,'47 x 53 x 60',47.00,53.00,60.00,8.00),
(4565,'22 x 468',22.00,468.00,NULL,6.20),
(4566,'47 x 60 x 94',47.00,60.00,94.00,8.00),
(4567,'22 x 472',22.00,472.00,NULL,6.20),
(4568,'47 x 60 x 71',47.00,60.00,71.00,8.00),
(4569,'22 x 985',22.00,985.00,NULL,6.20),
(4570,'47 x 60 x 160',47.00,60.00,160.00,8.00),
(4571,'48 x 50 x 73',48.00,50.00,73.00,8.00),
(4572,'25 x 182',25.00,182.00,NULL,6.20),
(4573,'48 x 61 x 85',48.00,61.00,85.00,8.00),
(4574,'48 x 70 x 121',48.00,70.00,121.00,8.00),
(4575,'48 x 74 x 91',48.00,74.00,91.00,8.00),
(4576,'25 x 273',25.00,273.00,NULL,6.20),
(4577,'48 x 74 x 132',48.00,74.00,132.00,8.00),
(4578,'25 x 290',25.00,290.00,NULL,6.20),
(4579,'48 x 81 x 90',48.00,81.00,90.00,8.00),
(4580,'49 x 54 x 98',49.00,54.00,98.00,8.00),
(4581,'49 x 65 x 125',49.00,65.00,125.00,8.00),
(4582,'50 x 50 x 60',50.00,50.00,60.00,8.00),
(4583,'50 x 50 x 50',50.00,50.00,50.00,8.00),
(4584,'50 x 51 x 71',50.00,51.00,71.00,8.00),
(4585,'50 x 51 x 118',50.00,51.00,118.00,8.00),
(4586,'50 x 52 x 61',50.00,52.00,61.00,8.00),
(4587,'50 x 53 x 124',50.00,53.00,124.00,8.00),
(4588,'50 x 55 x 100',50.00,55.00,100.00,8.00),
(4589,'50 x 55 x 120',50.00,55.00,120.00,8.00),
(4590,'50 x 56 x 93',50.00,56.00,93.00,8.00),
(4591,'50 x 59 x 87',50.00,59.00,87.00,8.00),
(4592,'50 x 60 x 90',50.00,60.00,90.00,8.00),
(4593,'50 x 65 x 102',50.00,65.00,102.00,8.00),
(4594,'50 x 67 x 108',50.00,67.00,108.00,8.00),
(4595,'50 x 70 x 92',50.00,70.00,92.00,8.00),
(4596,'50 x 70 x 105',50.00,70.00,105.00,8.00),
(4597,'26 x 207',26.00,207.00,NULL,6.20),
(4598,'50 x 75 x 89',50.00,75.00,89.00,8.00),
(4599,'50 x 75 x 123',50.00,75.00,123.00,8.00),
(4600,'50 x 77 x 95',50.00,77.00,95.00,8.00),
(4601,'50 x 80 x 90',50.00,80.00,90.00,8.00),
(4602,'26 x 361',26.00,361.00,NULL,6.20),
(4603,'50 x 100 x 120',50.00,100.00,120.00,8.00),
(4604,'26 x 811',26.00,811.00,NULL,6.20),
(4605,'51 x 90 x 99',51.00,90.00,99.00,8.00),
(4606,'26 x 849',26.00,849.00,NULL,6.20),
(4607,'52 x 65 x 130',52.00,65.00,130.00,8.00),
(4608,'52 x 92 x 110',52.00,92.00,110.00,8.00),
(4609,'31 x 356',31.00,356.00,NULL,6.20),
(4610,'53 x 58 x 73',53.00,58.00,73.00,8.00),
(4611,'53 x 65 x 72',53.00,65.00,72.00,8.00),
(4612,'54 x 56 x 65',54.00,56.00,65.00,8.00),
(4613,'54 x 58 x 85',54.00,58.00,85.00,8.00),
(4614,'55 x 55 x 75',55.00,55.00,75.00,8.00),
(4615,'55 x 56 x 75',55.00,56.00,75.00,8.00),
(4616,'55 x 60 x 65',55.00,60.00,65.00,8.00),
(4617,'55 x 65 x 115',55.00,65.00,115.00,8.00),
(4618,'55 x 67 x 70',55.00,67.00,70.00,8.00),
(4619,'55 x 79 x 110',55.00,79.00,110.00,8.00),
(4620,'55 x 81 x 111',55.00,81.00,111.00,8.00),
(4621,'55 x 83 x 105',55.00,83.00,105.00,8.00),
(4622,'55 x 95 x 103',55.00,95.00,103.00,8.00),
(4623,'55 x 105 x 125',55.00,105.00,125.00,8.00),
(4624,'55 x 108 x 110',55.00,108.00,110.00,8.00),
(4625,'55 x 115 x 126',55.00,115.00,126.00,8.00),
(4626,'56 x 85 x 120',56.00,85.00,120.00,8.00),
(4627,'57 x 67 x 95',57.00,67.00,95.00,8.00),
(4628,'57 x 67 x 114',57.00,67.00,114.00,8.00),
(4629,'57 x 74 x 115',57.00,74.00,115.00,8.00),
(4630,'57 x 84 x 105',57.00,84.00,105.00,8.00),
(4631,'57 x 95 x 118',57.00,95.00,118.00,8.00),
(4632,'58 x 67 x 86',58.00,67.00,86.00,8.00),
(4633,'59 x 64 x 112',59.00,64.00,112.00,8.00),
(4634,'32 x 168',32.00,168.00,NULL,6.20),
(4635,'60 x 61 x 100',60.00,61.00,100.00,8.00),
(4636,'32 x 794',32.00,794.00,NULL,6.20),
(4637,'60 x 63 x 68',60.00,63.00,68.00,8.00),
(4638,'36 x 452',36.00,452.00,NULL,6.20),
(4639,'60 x 60 x 88',60.00,60.00,88.00,8.00),
(4640,'60 x 76 x 240',60.00,76.00,240.00,8.00),
(4641,'60 x 78 x 98',60.00,78.00,98.00,8.00),
(4642,'38 x 302',38.00,302.00,NULL,6.20),
(4643,'60 x 80 x 117',60.00,80.00,117.00,8.00),
(4644,'60 x 83 x 118',60.00,83.00,118.00,8.00),
(4645,'38 x 559',38.00,559.00,NULL,6.20),
(4646,'60 x 85 x 90',60.00,85.00,90.00,8.00),
(4647,'41 x 46',41.00,46.00,NULL,6.20),
(4648,'62 x 80 x 97',62.00,80.00,97.00,8.00),
(4649,'41 x 208',41.00,208.00,NULL,6.20),
(4650,'63 x 71 x 83',63.00,71.00,83.00,8.00),
(4651,'41 x 334',41.00,334.00,NULL,6.20),
(4652,'65 x 65 x 115',65.00,65.00,115.00,8.00),
(4653,'65 x 67 x 110',65.00,67.00,110.00,8.00),
(4654,'65 x 68 x 97',65.00,68.00,97.00,8.00),
(4655,'65 x 110 x 125',65.00,110.00,125.00,8.00),
(4656,'45 x 80',45.00,80.00,NULL,6.20),
(4657,'65 x 115 x 119',65.00,115.00,119.00,8.00),
(4658,'45 x 102',45.00,102.00,NULL,6.20),
(4659,'66 x 68 x 110',66.00,68.00,110.00,8.00),
(4660,'69 x 70 x 110',69.00,70.00,110.00,8.00),
(4661,'55 x 24',55.00,24.00,NULL,6.20),
(4662,'69 x 82 x 103',69.00,82.00,103.00,8.00),
(4663,'69 x 84 x 117',69.00,84.00,117.00,8.00),
(4664,'61 x 114',61.00,114.00,NULL,6.20),
(4665,'69 x 85 x 105',69.00,85.00,105.00,8.00),
(4666,'95 x 22',95.00,22.00,NULL,6.20),
(4667,'70 x 97 x 100',70.00,97.00,100.00,8.00),
(4668,'70 x 105 x 115',70.00,105.00,115.00,8.00),
(4669,'135 x 65',135.00,65.00,NULL,6.20),
(4670,'71 x 76 x 89',71.00,76.00,89.00,8.00),
(4671,'170 x 40',170.00,40.00,NULL,6.20),
(4672,'6 x 25 x 134',6.00,25.00,134.00,8.00),
(4673,'72 x 84 x 114',72.00,84.00,114.00,8.00),
(4674,'7 x 41 x 255',7.00,41.00,255.00,8.00),
(4675,'75 x 80 x 94',75.00,80.00,94.00,8.00),
(4676,'8 x 23 x 390',8.00,23.00,390.00,8.00),
(4677,'75 x 85 x 97',75.00,85.00,97.00,8.00),
(4678,'8 x 23 x 394',8.00,23.00,394.00,8.00),
(4679,'75 x 85 x 90',75.00,85.00,90.00,8.00),
(4680,'75 x 86 x 91',75.00,86.00,91.00,8.00),
(4681,'8 x 23 x 393',8.00,23.00,393.00,8.00),
(4682,'75 x 89 x 152',75.00,89.00,152.00,8.00),
(4683,'75 x 95 x 95',75.00,95.00,95.00,8.00),
(4684,'8 x 30 x 175',8.00,30.00,175.00,8.00),
(4685,'80 x 84 x 97',80.00,84.00,97.00,8.00),
(4686,'8 x 36 x 162',8.00,36.00,162.00,8.00),
(4687,'80 x 103 x 105',80.00,103.00,105.00,8.00),
(4688,'85 x 87 x 97',85.00,87.00,97.00,8.00),
(4689,'8 x 73 x 85',8.00,73.00,85.00,8.00),
(4690,'85 x 97 x 121',85.00,97.00,121.00,8.00),
(4691,'9 x 25 x 92',9.00,25.00,92.00,8.00),
(4692,'86 x 93 x 110',86.00,93.00,110.00,8.00),
(4693,'90 x 90 x 105',90.00,90.00,105.00,8.00),
(4694,'9 x 30 x 55',9.00,30.00,55.00,8.00),
(4695,'9 x 76 x 81',9.00,76.00,81.00,8.00),
(4696,'16 x 42',16.00,42.00,NULL,6.20),
(4697,'10 x 16 x 200',10.00,16.00,200.00,8.00),
(4698,'16 x 71',16.00,71.00,NULL,6.20),
(4699,'16 x 111',16.00,111.00,NULL,6.20),
(4700,'10 x 30 x 135',10.00,30.00,135.00,8.00),
(4701,'16 x 112',16.00,112.00,NULL,6.20),
(4702,'10 x 45 x 65',10.00,45.00,65.00,8.00),
(4703,'16 x 113',16.00,113.00,NULL,6.20),
(4704,'10 x 55 x 106',10.00,55.00,106.00,8.00),
(4705,'16 x 126',16.00,126.00,NULL,6.20),
(4706,'10 x 55 x 105',10.00,55.00,105.00,8.00),
(4707,'16 x 170',16.00,170.00,NULL,6.20),
(4708,'10 x 56 x 80',10.00,56.00,80.00,8.00),
(4709,'19 x 980',19.00,980.00,NULL,6.20),
(4710,'20 x 91',20.00,91.00,NULL,6.20),
(4711,'10 x 97 x 190',10.00,97.00,190.00,8.00),
(4712,'20 x 105',20.00,105.00,NULL,6.20),
(4713,'11 x 18 x 111',11.00,18.00,111.00,8.00),
(4714,'20 x 682',20.00,682.00,NULL,6.20),
(4715,'11 x 25 x 132',11.00,25.00,132.00,8.00),
(4716,'25 x 133',25.00,133.00,NULL,6.20),
(4717,'11 x 30 x 201',11.00,30.00,201.00,8.00),
(4718,'25 x 140',25.00,140.00,NULL,6.20),
(4719,'11 x 30 x 70',11.00,30.00,70.00,8.00),
(4720,'25 x 160',25.00,160.00,NULL,6.20),
(4721,'11 x 44 x 85',11.00,44.00,85.00,8.00),
(4722,'25 x 187',25.00,187.00,NULL,6.20),
(4723,'25 x 208',25.00,208.00,NULL,6.20),
(4724,'11 x 82 x 310',11.00,82.00,310.00,8.00),
(4725,'25 x 233',25.00,233.00,NULL,6.20),
(4726,'25 x 239',25.00,239.00,NULL,6.20),
(4727,'12 x 17 x 152',12.00,17.00,152.00,8.00),
(4728,'28 x 46',28.00,46.00,NULL,6.20),
(4729,'12 x 25 x 70',12.00,25.00,70.00,8.00),
(4730,'28 x 52',28.00,52.00,NULL,6.20),
(4731,'12 x 42 x 51',12.00,42.00,51.00,8.00),
(4732,'28 x 56',28.00,56.00,NULL,6.20),
(4733,'28 x 165',28.00,165.00,NULL,6.20),
(4734,'28 x 200',28.00,200.00,NULL,6.20),
(4735,'28 x 230',28.00,230.00,NULL,6.20),
(4736,'30 x 18',30.00,18.00,NULL,6.20),
(4737,'30 x 70',30.00,70.00,NULL,6.20),
(4738,'30 x 80',30.00,80.00,NULL,6.20),
(4739,'30 x 105',30.00,105.00,NULL,6.20),
(4740,'30 x 119',30.00,119.00,NULL,6.20),
(4741,'30 x 268',30.00,268.00,NULL,6.20),
(4742,'30 x 347',30.00,347.00,NULL,6.20),
(4743,'32 x 30',32.00,30.00,NULL,6.20),
(4744,'32 x 336',32.00,336.00,NULL,6.20),
(4745,'32 x 774',32.00,774.00,NULL,6.20),
(4746,'35 x 56',35.00,56.00,NULL,6.20),
(4747,'35 x 65',35.00,65.00,NULL,6.20),
(4748,'14 x 47 x 66',14.00,47.00,66.00,8.00),
(4749,'35 x 70',35.00,70.00,NULL,6.20),
(4750,'12 x 50 x 51',12.00,50.00,51.00,8.00),
(4751,'35 x 74',35.00,74.00,NULL,6.20),
(4752,'12 x 52 x 87',12.00,52.00,87.00,8.00),
(4753,'35 x 90',35.00,90.00,NULL,6.20),
(4754,'12 x 64 x 72',12.00,64.00,72.00,8.00),
(4755,'13 x 23 x 70',13.00,23.00,70.00,8.00),
(4756,'24 x 26 x 111',24.00,26.00,111.00,8.00),
(4757,'13 x 31 x 129',13.00,31.00,129.00,8.00),
(4758,'24 x 31 x 127',24.00,31.00,127.00,8.00),
(4759,'13 x 35 x 436',13.00,35.00,436.00,8.00),
(4760,'24 x 50 x 74',24.00,50.00,74.00,8.00),
(4761,'25 x 29 x 38',25.00,29.00,38.00,8.00),
(4762,'13 x 49 x 51',13.00,49.00,51.00,8.00),
(4763,'25 x 30 x 37',25.00,30.00,37.00,8.00),
(4764,'14 x 15 x 125',14.00,15.00,125.00,8.00),
(4765,'25 x 30 x 250',25.00,30.00,250.00,8.00),
(4766,'14 x 15 x 224',14.00,15.00,224.00,8.00),
(4767,'25 x 33 x 134',25.00,33.00,134.00,8.00),
(4768,'14 x 16 x 184',14.00,16.00,184.00,8.00),
(4769,'25 x 34 x 123',25.00,34.00,123.00,8.00),
(4770,'14 x 16 x 212',14.00,16.00,212.00,8.00),
(4771,'25 x 38 x 59',25.00,38.00,59.00,8.00),
(4772,'14 x 17 x 314',14.00,17.00,314.00,8.00),
(4773,'25 x 42 x 45',25.00,42.00,45.00,8.00),
(4774,'14 x 18 x 126',14.00,18.00,126.00,8.00),
(4775,'25 x 45 x 172',25.00,45.00,172.00,8.00),
(4776,'25 x 45 x 249',25.00,45.00,249.00,8.00),
(4777,'14 x 21 x 82',14.00,21.00,82.00,8.00),
(4778,'25 x 46 x 56',25.00,46.00,56.00,8.00),
(4779,'14 x 22 x 103',14.00,22.00,103.00,8.00),
(4780,'14 x 23 x 60',14.00,23.00,60.00,8.00),
(4781,'25 x 64 x 74',25.00,64.00,74.00,8.00),
(4782,'25 x 70 x 76',25.00,70.00,76.00,8.00),
(4783,'14 x 24 x 110',14.00,24.00,110.00,8.00),
(4784,'26 x 26 x 50',26.00,26.00,50.00,8.00),
(4785,'14 x 26 x 73',14.00,26.00,73.00,8.00),
(4786,'26 x 33 x 105',26.00,33.00,105.00,8.00),
(4787,'26 x 36 x 74',26.00,36.00,74.00,8.00),
(4788,'14 x 26 x 114',14.00,26.00,114.00,8.00),
(4789,'26 x 36 x 80',26.00,36.00,80.00,8.00),
(4790,'14 x 26 x 138',14.00,26.00,138.00,8.00),
(4791,'26 x 40 x 186',26.00,40.00,186.00,8.00),
(4792,'14 x 33 x 150',14.00,33.00,150.00,8.00),
(4793,'26 x 42 x 45',26.00,42.00,45.00,8.00),
(4794,'26 x 42 x 71',26.00,42.00,71.00,8.00),
(4795,'14 x 33 x 501',14.00,33.00,501.00,8.00),
(4796,'26 x 46 x 149',26.00,46.00,149.00,8.00),
(4797,'14 x 35 x 237',14.00,35.00,237.00,8.00),
(4798,'26 x 47 x 56',26.00,47.00,56.00,8.00),
(4799,'26 x 50 x 88',26.00,50.00,88.00,8.00),
(4800,'14 x 36 x 501',14.00,36.00,501.00,8.00),
(4801,'26 x 60 x 90',26.00,60.00,90.00,8.00),
(4802,'14 x 40 x 187',14.00,40.00,187.00,8.00),
(4803,'26 x 61 x 155',26.00,61.00,155.00,8.00),
(4804,'14 x 44 x 104',14.00,44.00,104.00,8.00),
(4805,'26 x 68 x 365',26.00,68.00,365.00,8.00),
(4806,'14 x 45 x 68',14.00,45.00,68.00,8.00),
(4807,'26 x 70 x 146',26.00,70.00,146.00,8.00),
(4808,'26 x 74 x 171',26.00,74.00,171.00,8.00),
(4809,'14 x 51 x 128',14.00,51.00,128.00,8.00),
(4810,'26 x 99 x 177',26.00,99.00,177.00,8.00),
(4811,'14 x 90 x 490',14.00,90.00,490.00,8.00),
(4812,'26 x 115 x 255',26.00,115.00,255.00,8.00),
(4813,'15 x 21 x 68',15.00,21.00,68.00,8.00),
(4814,'27 x 42 x 44',27.00,42.00,44.00,8.00),
(4815,'15 x 25 x 145',15.00,25.00,145.00,8.00),
(4816,'28 x 30 x 88',28.00,30.00,88.00,8.00),
(4817,'15 x 26 x 130',15.00,26.00,130.00,8.00),
(4818,'28 x 51 x 52',28.00,51.00,52.00,8.00),
(4819,'15 x 30 x 162',15.00,30.00,162.00,8.00),
(4820,'29 x 30 x 47',29.00,30.00,47.00,8.00),
(4821,'29 x 30 x 43',29.00,30.00,43.00,8.00),
(4822,'15 x 30.5 x 308',15.00,30.50,308.00,8.00),
(4823,'29 x 40 x 44',29.00,40.00,44.00,8.00),
(4824,'15 x 35 x 150',15.00,35.00,150.00,8.00),
(4825,'29 x 40 x 56',29.00,40.00,56.00,8.00),
(4826,'15 x 39 x 59',15.00,39.00,59.00,8.00),
(4827,'30 x 32 x 45',30.00,32.00,45.00,8.00),
(4828,'30 x 33 x 200',30.00,33.00,200.00,8.00),
(4829,'15 x 50 x 152',15.00,50.00,152.00,8.00),
(4830,'30 x 33 x 193',30.00,33.00,193.00,8.00),
(4831,'15 x 51 x 68',15.00,51.00,68.00,8.00),
(4832,'30 x 33 x 75',30.00,33.00,75.00,8.00),
(4833,'15 x 52 x 113',15.00,52.00,113.00,8.00),
(4834,'30 x 40 x 95',30.00,40.00,95.00,8.00),
(4835,'15 x 52 x 172',15.00,52.00,172.00,8.00),
(4836,'30 x 40 x 92',30.00,40.00,92.00,8.00),
(4837,'30 x 41 x 132',30.00,41.00,132.00,8.00),
(4838,'15 x 75 x 205',15.00,75.00,205.00,8.00),
(4839,'30 x 41 x 54',30.00,41.00,54.00,8.00),
(4840,'15 x 75 x 163',15.00,75.00,163.00,8.00),
(4841,'30 x 47 x 110',30.00,47.00,110.00,8.00),
(4842,'15 x 114 x 117',15.00,114.00,117.00,8.00),
(4843,'30 x 50 x 98',30.00,50.00,98.00,8.00),
(4844,'30 x 66 x 69',30.00,66.00,69.00,8.00),
(4845,'15.4 x 26 x 255',15.40,26.00,255.00,8.00),
(4846,'31 x 51 x 101',31.00,51.00,101.00,8.00),
(4847,'15.4 x 40 x 404',15.40,40.00,404.00,8.00),
(4848,'31.5 x 31 x 147',31.50,31.00,147.00,8.00),
(4849,'16 x 24 x 70',16.00,24.00,70.00,8.00),
(4850,'31.5 x 36 x 153',31.50,36.00,153.00,8.00),
(4851,'32 x 38 x 40',32.00,38.00,40.00,8.00),
(4852,'32 x 42 x 72',32.00,42.00,72.00,8.00),
(4853,'38 x 41 x 157',38.00,41.00,157.00,8.00),
(4854,'39 x 44 x 76',39.00,44.00,76.00,8.00),
(4855,'16 x 25 x 75',16.00,25.00,75.00,8.00),
(4856,'16 x 33 x 200',16.00,33.00,200.00,8.00),
(4857,'16 x 34 x 88',16.00,34.00,88.00,8.00),
(4858,'16 x 35 x 36',16.00,35.00,36.00,8.00),
(4859,'16 x 36 x 145',16.00,36.00,145.00,8.00),
(4860,'16 x 44 x 82',16.00,44.00,82.00,8.00),
(4861,'40 x 41 x 174',40.00,41.00,174.00,8.00),
(4862,'16 x 47 x 52',16.00,47.00,52.00,8.00),
(4863,'41 x 47 x 202',41.00,47.00,202.00,8.00),
(4864,'41 x 49 x 87',41.00,49.00,87.00,8.00),
(4865,'17 x 19 x 91',17.00,19.00,91.00,8.00),
(4866,'41 x 51 x 145',41.00,51.00,145.00,8.00),
(4867,'41 x 63 x 68',41.00,63.00,68.00,8.00),
(4868,'41 x 67 x 146',41.00,67.00,146.00,8.00),
(4869,'17 x 27 x 82',17.00,27.00,82.00,8.00),
(4870,'42 x 51 x 74',42.00,51.00,74.00,8.00),
(4871,'42 x 72 x 95',42.00,72.00,95.00,8.00),
(4872,'17 x 34 x 36',17.00,34.00,36.00,8.00),
(4873,'72 x 109 x 151',72.00,109.00,151.00,8.00),
(4874,'17 x 35 x 148',17.00,35.00,148.00,8.00),
(4875,'105 x 115',105.00,115.00,NULL,6.20),
(4876,'17 x 40 x 130',17.00,40.00,130.00,8.00),
(4877,'111.5 x 54',111.50,54.00,NULL,6.20),
(4878,'17 x 40 x 113',17.00,40.00,113.00,8.00),
(4879,'111.5 x 60',111.50,60.00,NULL,6.20),
(4880,'18 x 23 x 122',18.00,23.00,122.00,8.00),
(4881,'111.5 x 84',111.50,84.00,NULL,6.20),
(4882,'18 x 29 x 190',18.00,29.00,190.00,8.00),
(4883,'131.5 x 64',131.50,64.00,NULL,6.20),
(4884,'18 x 31 x 168',18.00,31.00,168.00,8.00),
(4885,'15 x 23 x 105',15.00,23.00,105.00,8.00),
(4886,'18 x 31 x 150',18.00,31.00,150.00,8.00),
(4887,'15 x 62 x 105',15.00,62.00,105.00,8.00),
(4888,'18 x 40 x 75',18.00,40.00,75.00,8.00),
(4889,'50 x 50 x 287',50.00,50.00,287.00,8.00),
(4890,'18 x 56 x 66',18.00,56.00,66.00,8.00),
(4891,'18 x 47 x 51',18.00,47.00,51.00,8.00),
(4892,'19 x 31 x 60',19.00,31.00,60.00,8.00),
(4893,'19 x 31 x 154',19.00,31.00,154.00,8.00),
(4894,'20 x 23 x 210',20.00,23.00,210.00,8.00),
(4895,'20 x 23 x 474',20.00,23.00,474.00,8.00),
(4896,'20 x 28 x 650',20.00,28.00,650.00,8.00),
(4897,'20 x 30 x 140',20.00,30.00,140.00,8.00),
(4898,'20 x 56 x 58',20.00,56.00,58.00,8.00),
(4899,'21 x 24 x 133',21.00,24.00,133.00,8.00),
(4900,'21 x 26 x 336',21.00,26.00,336.00,8.00),
(4901,'21 x 31 x 227',21.00,31.00,227.00,8.00),
(4902,'21 x 32 x 70',21.00,32.00,70.00,8.00),
(4903,'21 x 34 x 262',21.00,34.00,262.00,8.00),
(4904,'21 x 38 x 142',21.00,38.00,142.00,8.00),
(4905,'21 x 80 x 182',21.00,80.00,182.00,8.00),
(4906,'21 x 41 x 132',21.00,41.00,132.00,8.00),
(4907,'21 x 59 x 333',21.00,59.00,333.00,8.00),
(4908,'21 x 60 x 114',21.00,60.00,114.00,8.00),
(4909,'21 x 117 x 129',21.00,117.00,129.00,8.00),
(4910,'22 x 23 x 55',22.00,23.00,55.00,8.00),
(4911,'22 x 26 x 318',22.00,26.00,318.00,8.00),
(4912,'22 x 26 x 83',22.00,26.00,83.00,8.00),
(4913,'22 x 35 x 117',22.00,35.00,117.00,8.00),
(4914,'22 x 40 x 139',22.00,40.00,139.00,8.00),
(4915,'23 x 24 x 61',23.00,24.00,61.00,8.00),
(4916,'23 x 25 x 107',23.00,25.00,107.00,8.00),
(4917,'23 x 29 x 179',23.00,29.00,179.00,8.00),
(4918,'23 x 29 x 87',23.00,29.00,87.00,8.00),
(4919,'23 x 30 x 38',23.00,30.00,38.00,8.00),
(4920,'23 x 30 x 31',23.00,30.00,31.00,8.00),
(4921,'23 x 32 x 203',23.00,32.00,203.00,8.00),
(4922,'23 x 34 x 215',23.00,34.00,215.00,8.00),
(4923,'23 x 38 x 78',23.00,38.00,78.00,8.00),
(4924,'28 x 38 x 271',28.00,38.00,271.00,8.00),
(4925,'23 x 38 x 275',23.00,38.00,275.00,8.00),
(4926,'23 x 40 x 107',23.00,40.00,107.00,8.00),
(4927,'23 x 40 x 393',23.00,40.00,393.00,8.00),
(4928,'23 x 43 x 346',23.00,43.00,346.00,8.00),
(4929,'23 x 45 x 280',23.00,45.00,280.00,8.00),
(4930,'23 x 45 x 393',23.00,45.00,393.00,8.00),
(4931,'23 x 45 x 52',23.00,45.00,52.00,8.00),
(4932,'23 x 45 x 100',23.00,45.00,100.00,8.00),
(4933,'23 x 50 x 175',23.00,50.00,175.00,8.00),
(4934,'24 x 26 x 66',24.00,26.00,66.00,8.00),
(4935,'35 X 150 X 400',35.00,150.00,400.00,8.00),
(4936,'20 X 100 X 100',20.00,100.00,100.00,8.00),
(4937,'30 X 200 X 320',30.00,200.00,320.00,8.00),
(4938,'30 X 100 X 100',30.00,100.00,100.00,8.00),
(4939,'35 X 155 X 405',35.00,155.00,405.00,8.00),
(4940,'20 X 105 X 105',20.00,105.00,105.00,8.00),
(4941,'60 X 60 X 300',60.00,60.00,300.00,8.00),
(4942,'25 X 130 X 130',25.00,130.00,130.00,8.00),
(4943,'35 X 300 X 300',35.00,300.00,300.00,8.00),
(4944,'56 X 133',56.00,133.00,NULL,6.20),
(4945,'60 X 100 X 600',60.00,100.00,600.00,8.00),
(4946,'30 X 200 X 200',30.00,200.00,200.00,8.00),
(4947,'12,5 X 22,5 X 77',12.50,22.50,77.00,8.00),
(4948,'51 X 55 X 140',51.00,55.00,140.00,8.00),
(4949,'20 X 120 X 250',20.00,120.00,250.00,8.00),
(4950,'25 X 250 X 250',25.00,250.00,250.00,8.00),
(4951,'38 X 100 X 250',38.00,100.00,250.00,8.00),
(4952,'40 X 200 X 250',40.00,200.00,250.00,8.00),
(4953,'55 X 200 X 250',55.00,200.00,250.00,8.00),
(4954,'70 X 225 X 275',70.00,225.00,275.00,8.00),
(4955,'80 X 225 X 275',80.00,225.00,275.00,8.00),
(4956,'100 X 700',100.00,700.00,NULL,6.20),
(4957,'100 X 490',100.00,490.00,NULL,6.20),
(4958,'15,4 X 75 X 130',15.40,75.00,130.00,8.00),
(4959,'75 X 55',75.00,55.00,NULL,6.20),
(4960,'140 X 74',140.00,74.00,NULL,6.20),
(4961,'26 X 38',26.00,38.00,NULL,6.20),
(4962,'75 X 75',75.00,75.00,NULL,6.20),
(4963,'31 X 180',31.00,180.00,NULL,6.20),
(4964,'45 X 100 X 125',45.00,100.00,125.00,8.00),
(4965,'45 X 55 X 165',45.00,55.00,165.00,8.00),
(4966,'35 X 500',35.00,500.00,NULL,6.20),
(4967,'15 X 350 X 400',15.00,350.00,400.00,8.00),
(4968,'115 X 210 X 210',115.00,210.00,210.00,8.00),
(4969,'30 X 250',30.00,250.00,NULL,6.20),
(4970,'16,5 X 56,5 X 178,5',16.50,56.50,178.50,8.00),
(4971,'55 X 140',55.00,140.00,NULL,6.20),
(4972,'75 X 150',75.00,150.00,NULL,6.20),
(4973,'30 X 225 X 325',30.00,225.00,325.00,8.00),
(4974,'130 X 260',130.00,260.00,NULL,6.20),
(4975,'61 X 105',61.00,105.00,NULL,6.20),
(4976,'55 X 55 X 60',55.00,55.00,60.00,8.00),
(4977,'25 X 250',25.00,250.00,NULL,6.20),
(4978,'50 X 25',50.00,25.00,NULL,6.20),
(4979,'50 X 800',50.00,800.00,NULL,6.20),
(4980,'30 X 250 X 270',30.00,250.00,270.00,8.00),
(4981,'40 X 120 X 350',40.00,120.00,350.00,8.00),
(4982,'40 X 350 X 350',40.00,350.00,350.00,8.00),
(4983,'30 X 350 X 350',30.00,350.00,350.00,8.00),
(4984,'25 X 250 X 270',25.00,250.00,270.00,8.00),
(4985,'30 X 40 X 80',30.00,40.00,80.00,8.00),
(4986,'30 X 60 X 70',30.00,60.00,70.00,8.00),
(4987,'35 X 150 X 250',35.00,150.00,250.00,8.00),
(4988,'30 X 150 X 250',30.00,150.00,250.00,8.00),
(4989,'25 X 80 X 80',25.00,80.00,80.00,8.00),
(4990,'46,5 X 50 X 65',46.50,50.00,65.00,8.00),
(4991,'40 X 46 X 90',40.00,46.00,90.00,8.00),
(4992,'30 X 48 X 50',30.00,48.00,50.00,8.00),
(4993,'15 X 80 X 80',15.00,80.00,80.00,8.00),
(4994,'15 X 50 X 180',15.00,50.00,180.00,8.00),
(4995,'35 X 220 X 330',35.00,220.00,330.00,8.00),
(4996,'30 X 220 X 330',30.00,220.00,330.00,8.00),
(4997,'25 X 90 X 90',25.00,90.00,90.00,8.00),
(4998,'20 X 70 X 95',20.00,70.00,95.00,8.00),
(4999,'25 X 130 X 250',25.00,130.00,250.00,8.00),
(5000,'20 X 130 X 250',20.00,130.00,250.00,8.00),
(5001,'200 X 13',200.00,13.00,NULL,6.20),
(5002,'100 x 3590',100.00,3590.00,NULL,6.20),
(5003,'225 X 100',225.00,100.00,NULL,6.20),
(5004,'225 X 55',225.00,55.00,NULL,6.20),
(5005,'180 X 55',180.00,55.00,NULL,6.20),
(5006,'130 X 335',130.00,335.00,NULL,6.20),
(5007,'95 X 810',95.00,810.00,NULL,6.20),
(5008,'222 X 25',222.00,25.00,NULL,6.20),
(5009,'65 X 215',65.00,215.00,NULL,6.20),
(5010,'38 X 38 X 750',38.00,38.00,750.00,8.00),
(5011,'67 X 70 X 126',67.00,70.00,126.00,8.00),
(5012,'32 X 1304',32.00,1304.00,NULL,6.20),
(5013,'40 X 2000',40.00,2000.00,NULL,6.20),
(5014,'70 X 55',70.00,55.00,NULL,6.20),
(5015,'40 X 422',40.00,422.00,NULL,6.20),
(5016,'50 X 50 X 80',50.00,50.00,80.00,8.00),
(5017,'101 X 77',101.00,77.00,NULL,6.20),
(5018,'22 X 40 X 905',22.00,40.00,905.00,8.00),
(5019,'12 X 290 X 140',12.00,290.00,140.00,8.00),
(5020,'12 X 140 X 290',12.00,140.00,290.00,8.00),
(5021,'20 X 120 X 290',20.00,120.00,290.00,8.00),
(5022,'45 X 115 X 195',45.00,115.00,195.00,8.00),
(5023,'12 X 150 X 300',12.00,150.00,300.00,8.00),
(5024,'30 X 115 X 135',30.00,115.00,135.00,8.00),
(5025,'31.5 x 174 x 240',31.50,174.00,240.00,8.00),
(5026,'31.5 x 37 x 325',31.50,37.00,325.00,8.00),
(5027,'31 x 174 x 240',31.00,174.00,240.00,8.00),
(5028,'31 x 37 x 325',31.00,37.00,325.00,8.00),
(5029,'21 x 363 x 435',21.00,363.00,435.00,8.00),
(5030,'21 x 106 x 157',21.00,106.00,157.00,8.00),
(5031,'30 x 187 x 384',30.00,187.00,384.00,8.00),
(5032,'30 x 49 x 135',30.00,49.00,135.00,8.00),
(5033,'56 x 1496',56.00,1496.00,NULL,6.20),
(5034,'0 x 0',0.00,0.00,NULL,6.20),
(5035,'14 x 26 x 51',14.00,26.00,51.00,8.00),
(5036,'15 x 26 x 45',15.00,26.00,45.00,8.00),
(5037,'15 x 30 x 76',15.00,30.00,76.00,8.00),
(5038,'15 x 30 x 56',15.00,30.00,56.00,8.00),
(5039,'17 x 30 x 31',17.00,30.00,31.00,8.00),
(5040,'15 x 25 x 60',15.00,25.00,60.00,8.00),
(5041,'14 x 26 x 31',14.00,26.00,31.00,8.00),
(5042,'51.5 x 500 x 2274',51.50,500.00,2274.00,8.00),
(5043,'51 x 500 x 2274',51.00,500.00,2274.00,8.00),
(5044,'51 x 146 x 319',51.00,146.00,319.00,8.00),
(5045,'22 x 92 x 250',22.00,92.00,250.00,8.00),
(5046,'41.7 x 455 x 579',41.70,455.00,579.00,8.00),
(5047,'41 x 455 x 579',41.00,455.00,579.00,8.00),
(5048,'41 x 161 x 255',41.00,161.00,255.00,8.00),
(5049,'75 x 168',75.00,168.00,NULL,6.20),
(5050,'140 x 503',140.00,503.00,NULL,6.20),
(5051,'26 x 165',26.00,165.00,NULL,6.20),
(5052,'75 x 5862',75.00,5862.00,NULL,6.20),
(5053,'72 x 109 x 109',72.00,109.00,109.00,8.00),
(5054,'51 x 55 x 72',51.00,55.00,72.00,8.00),
(5055,'72 x 127 x 195',72.00,127.00,195.00,8.00),
(5056,'20 x 102 x 127',20.00,102.00,127.00,8.00),
(5057,'31 x 910',31.00,910.00,NULL,6.20),
(5058,'22 x 1050 x 3239',22.00,1050.00,3239.00,8.00),
(5059,'22 x 355 x 640',22.00,355.00,640.00,8.00),
(5060,'115 x 613 x 696',115.00,613.00,696.00,8.00),
(5061,'115 x 185 x 215',115.00,185.00,215.00,8.00),
(5062,'115 x 184 x 214',115.00,184.00,214.00,8.00),
(5063,'30 x 92',30.00,92.00,NULL,6.20),
(5064,'38 x 265',38.00,265.00,NULL,6.20),
(5065,'38 x 275',38.00,275.00,NULL,6.20),
(5066,'38 x 285',38.00,285.00,NULL,6.20),
(5067,'55 x 2315',55.00,2315.00,NULL,6.20),
(5068,'38 x 287',38.00,287.00,NULL,6.20),
(5069,'75 x 2830',75.00,2830.00,NULL,6.20),
(5070,'130 x 1112',130.00,1112.00,NULL,6.20),
(5071,'50 x 2548',50.00,2548.00,NULL,6.20),
(5072,'15.4 x 60 x 185',15.40,60.00,185.00,8.00),
(5073,'25 x 1765',25.00,1765.00,NULL,6.20),
(5074,'50 x 1747',50.00,1747.00,NULL,6.20),
(5075,'22 x 31 x 272',22.00,31.00,272.00,8.00),
(5076,'26 x 500 x 664',26.00,500.00,664.00,8.00),
(5077,'26 x 224 x 255',26.00,224.00,255.00,8.00),
(5078,'41 x 67 x 71',41.00,67.00,71.00,8.00),
(5079,'41 x 49 x 51',41.00,49.00,51.00,8.00),
(5080,'37 x 51 x 55',37.00,51.00,55.00,8.00),
(5081,'51 x 146 x 267',51.00,146.00,267.00,8.00),
(5082,'27 x 28 x 85',27.00,28.00,85.00,8.00),
(5083,'15 x 150 x 4064',15.00,150.00,4064.00,8.00),
(5084,'15 x 88 x 99',15.00,88.00,99.00,8.00),
(5085,'21 x 296 x 367',21.00,296.00,367.00,8.00),
(5086,'21 x 102 x 135',21.00,102.00,135.00,8.00),
(5087,'61 x 72 x 100',61.00,72.00,100.00,8.00),
(5088,'26 x 91 x 256',26.00,91.00,256.00,8.00),
(5089,'26 x 91 x 160',26.00,91.00,160.00,8.00),
(5090,'200 x 812',200.00,812.00,NULL,6.20),
(5091,'225 x 1890',225.00,1890.00,NULL,6.20),
(5092,'12 X 195 X 195',12.00,195.00,195.00,8.00),
(5093,'12 X 100 X 100',12.00,100.00,100.00,8.00),
(5094,'25 X 35 X 245',25.00,35.00,245.00,8.00),
(5095,'40 X 140 X 180',40.00,140.00,180.00,8.00),
(5096,'12 X 145 X 340',12.00,145.00,340.00,8.00),
(5097,'12 X 165 X 360',12.00,165.00,360.00,8.00),
(5098,'20 X 125 X 375',20.00,125.00,375.00,8.00),
(5099,'20 X 125 X 355',20.00,125.00,355.00,8.00),
(5100,'26,8 X 195 X 245',26.80,195.00,245.00,8.00),
(5101,'26,8 X 155 X 205',26.80,155.00,205.00,8.00),
(5102,'22 X 185 X 305',22.00,185.00,305.00,8.00),
(5103,'101 x 204',101.00,204.00,NULL,6.20),
(5104,'32 X 2000',32.00,2000.00,NULL,6.20),
(5105,'70 X 270',70.00,270.00,NULL,6.20),
(5106,'105 X 52',105.00,52.00,NULL,6.20),
(5107,'85 X 210',85.00,210.00,NULL,6.20),
(5108,'55 X 220',55.00,220.00,NULL,6.20),
(5109,'60 X 240',60.00,240.00,NULL,6.20),
(5110,'60 X 60',60.00,60.00,NULL,6.20),
(5111,'102 X 36',102.00,36.00,NULL,6.20),
(5112,'45 X 45',45.00,45.00,NULL,6.20),
(5113,'140 X 3500',140.00,3500.00,NULL,6.20),
(5114,'35 X 3000',35.00,3000.00,NULL,6.20),
(5115,'115 X 85',115.00,85.00,NULL,6.20),
(5116,'170 X 30',170.00,30.00,NULL,6.20),
(5117,'90 X 45',90.00,45.00,NULL,6.20),
(5118,'100 X 22',100.00,22.00,NULL,6.20),
(5119,'115 X 23',115.00,23.00,NULL,6.20),
(5120,'100 X 45',100.00,45.00,NULL,6.20),
(5121,'65 X 105 X 165',65.00,105.00,165.00,8.00),
(5122,'100 X 105 X 165',100.00,105.00,165.00,8.00),
(5123,'45 X 55 X 90',45.00,55.00,90.00,8.00),
(5124,'35 X 35 X 45',35.00,35.00,45.00,8.00),
(5125,'105 X 45',105.00,45.00,NULL,6.20),
(5126,'200 X 110',200.00,110.00,NULL,6.20),
(5127,'55 X 160 X 250',55.00,160.00,250.00,8.00),
(5128,'60 X 160 X 250',60.00,160.00,250.00,8.00),
(5129,'70 X 70 X 70',70.00,70.00,70.00,8.00),
(5130,'15 X 150 X 200',15.00,150.00,200.00,8.00),
(5131,'55 X 345 X 400',55.00,345.00,400.00,8.00),
(5132,'20 X 130 X 140',20.00,130.00,140.00,8.00),
(5133,'20 X 135 X 160',20.00,135.00,160.00,8.00),
(5134,'25 X 1000',25.00,1000.00,NULL,6.20),
(5135,'38 X 500',38.00,500.00,NULL,6.20),
(5136,'40 X 65 X 135',40.00,65.00,135.00,8.00),
(5137,'40 X 75 X 135',40.00,75.00,135.00,8.00),
(5138,'60 X 1000',60.00,1000.00,NULL,6.20),
(5139,'3 x 2 x 1',3.00,2.00,1.00,8.00),
(5140,'14 X 2000',14.00,2000.00,NULL,6.20),
(5141,'21 X 44 X 225',21.00,44.00,225.00,8.00),
(5142,'80 X 400',80.00,400.00,NULL,6.20),
(5143,'32 X 163',32.00,163.00,NULL,6.20),
(5144,'225 x 1822',225.00,1822.00,NULL,6.20),
(5145,'130 x 773',130.00,773.00,NULL,6.20),
(5146,'180 x 1885',180.00,1885.00,NULL,6.20),
(5147,'18 X 38 X 180',18.00,38.00,180.00,8.00),
(5148,'95 x 187',95.00,187.00,NULL,6.20),
(5149,'18 X 60 X 190',18.00,60.00,190.00,8.00),
(5150,'95 x 210',95.00,210.00,NULL,6.20),
(5151,'222 x 2905',222.00,2905.00,NULL,6.20),
(5152,'100 X 200',100.00,200.00,NULL,6.20),
(5153,'65 x 2790',65.00,2790.00,NULL,6.20),
(5154,'38 x 1050 x 3314',38.00,1050.00,3314.00,8.00),
(5155,'37 x 42 x 295',37.00,42.00,295.00,8.00),
(5156,'67 x 1010 x 3655',67.00,1010.00,3655.00,8.00),
(5157,'67 x 76 x 235',67.00,76.00,235.00,8.00),
(5158,'40 x 3995',40.00,3995.00,NULL,6.20),
(5159,'112 x 500 x 3465',112.00,500.00,3465.00,8.00),
(5160,'63 x 112 x 328',63.00,112.00,328.00,8.00),
(5161,'57 x 57 x 63',57.00,57.00,63.00,8.00),
(5162,'70 x 600',70.00,600.00,NULL,6.20),
(5163,'40 x 893',40.00,893.00,NULL,6.20),
(5164,'49 x 55 x 96',49.00,55.00,96.00,8.00),
(5165,'37 x 85 x 121',37.00,85.00,121.00,8.00),
(5166,'36 x 86 x 110',36.00,86.00,110.00,8.00),
(5167,'37 x 55 x 115',37.00,55.00,115.00,8.00),
(5168,'28 x 55 x 62',28.00,55.00,62.00,8.00),
(5169,'56 x 69 x 105',56.00,69.00,105.00,8.00),
(5170,'100 x 43',100.00,43.00,NULL,6.20),
(5171,'22 x 1050 x 3055',22.00,1050.00,3055.00,8.00),
(5172,'22 x 140 x 180',22.00,140.00,180.00,8.00),
(5173,'105 x 13',105.00,13.00,NULL,6.20),
(5174,'105 x 4574',105.00,4574.00,NULL,6.20),
(5175,'32 x 4015',32.00,4015.00,NULL,6.20),
(5176,'55 x 2352',55.00,2352.00,NULL,6.20),
(5177,'60 x 2774',60.00,2774.00,NULL,6.20),
(5178,'140 x 2945',140.00,2945.00,NULL,6.20),
(5179,'35 x 2807',35.00,2807.00,NULL,6.20),
(5180,'115 x 2715',115.00,2715.00,NULL,6.20),
(5181,'90 x 78',90.00,78.00,NULL,6.20),
(5182,'115 x 13',115.00,13.00,NULL,6.20),
(5183,'100 x 270',100.00,270.00,NULL,6.20),
(5184,'70 x 325',70.00,325.00,NULL,6.20),
(5185,'225 x 1760',225.00,1760.00,NULL,6.20),
(5186,'115 x 2670',115.00,2670.00,NULL,6.20),
(5187,'55 x 90 x 114',55.00,90.00,114.00,8.00),
(5188,'103 x 802 x 3813',103.00,802.00,3813.00,8.00),
(5189,'103 x 168 x 583',103.00,168.00,583.00,8.00),
(5190,'100 x 223',100.00,223.00,NULL,6.20),
(5191,'85 x 3833',85.00,3833.00,NULL,6.20),
(5192,'105 x 4397',105.00,4397.00,NULL,6.20),
(5193,'103 x 168 x 365',103.00,168.00,365.00,8.00),
(5194,'32 x 165 x 216',32.00,165.00,216.00,8.00),
(5195,'105 x 4350',105.00,4350.00,NULL,6.20),
(5196,'200 x 695',200.00,695.00,NULL,6.20),
(5197,'14 x 3823',14.00,3823.00,NULL,6.20),
(5198,'22 x 354 x 454',22.00,354.00,454.00,8.00),
(5199,'22 x 184 x 227',22.00,184.00,227.00,8.00),
(5200,'58 x 60 x 71',58.00,60.00,71.00,8.00),
(5201,'45 x 28',45.00,28.00,NULL,6.20),
(5202,'45 x 27',45.00,27.00,NULL,6.20),
(5203,'32 x 1510',32.00,1510.00,NULL,6.20),
(5204,'60 x 21',60.00,21.00,NULL,6.20),
(5205,'38 x 5525',38.00,5525.00,NULL,6.20),
(5206,'80 x 3614',80.00,3614.00,NULL,6.20),
(5207,'40 X 3000',40.00,3000.00,NULL,6.20),
(5208,'180 X 48',180.00,48.00,NULL,6.20),
(5209,'45 x 20',45.00,20.00,NULL,6.20),
(5210,'29 x 127 x 183',29.00,127.00,183.00,8.00),
(5211,'29 x 48 x 117',29.00,48.00,117.00,8.00),
(5212,'12 x 510 x 605',12.00,510.00,605.00,8.00),
(5213,'20 x 271 x 570',20.00,271.00,570.00,8.00),
(5214,'45 x 207 x 215',45.00,207.00,215.00,8.00),
(5215,'32 x 4480',32.00,4480.00,NULL,6.20),
(5216,'103 x 2454',103.00,2454.00,NULL,6.20),
(5217,'56.7 x 1014 x 3503',56.70,1014.00,3503.00,8.00),
(5218,'56.7 x 259 x 590',56.70,259.00,590.00,8.00),
(5219,'45 x 2063',45.00,2063.00,NULL,6.20),
(5220,'25 x 40 x 70',25.00,40.00,70.00,8.00),
(5221,'25 x 40 x 116',25.00,40.00,116.00,8.00),
(5222,'25 x 45 x 102',25.00,45.00,102.00,8.00),
(5223,'26 x 32 x 40',26.00,32.00,40.00,8.00),
(5224,'40 x 195 x 200',40.00,195.00,200.00,8.00),
(5225,'12 x 445 x 510',12.00,445.00,510.00,8.00),
(5226,'12 x 151 x 207',12.00,151.00,207.00,8.00),
(5227,'105 X 1000',105.00,1000.00,NULL,6.20),
(5228,'45 x 95 x 207',45.00,95.00,207.00,8.00),
(5229,'7 x 45 x 118',7.00,45.00,118.00,8.00),
(5230,'30 X 80 X 130',30.00,80.00,130.00,8.00),
(5231,'41 X 200',41.00,200.00,NULL,6.20),
(5232,'45 X 170',45.00,170.00,NULL,6.20),
(5233,'25 X 140 X 180',25.00,140.00,180.00,8.00),
(5234,'30 X 38 X 50',30.00,38.00,50.00,8.00),
(5235,'25 X 30 X 53',25.00,30.00,53.00,8.00),
(5236,'48 X 52 X 70',48.00,52.00,70.00,8.00),
(5237,'40 X 170 X 271',40.00,170.00,271.00,8.00),
(5238,'85 X 330',85.00,330.00,NULL,6.20),
(5239,'20 x 270 x 274',20.00,270.00,274.00,8.00),
(5240,'20 x 145 x 292',20.00,145.00,292.00,8.00),
(5241,'40 x 3025',40.00,3025.00,NULL,6.20),
(5242,'12 x 48 x 207',12.00,48.00,207.00,8.00),
(5243,'15 x 39 x 194',15.00,39.00,194.00,8.00),
(5244,'40 x 50 x 184',40.00,50.00,184.00,8.00),
(5245,'85 x 615',85.00,615.00,NULL,6.20),
(5246,'180 x 5018',180.00,5018.00,NULL,6.20),
(5247,'21 x 27 x 266',21.00,27.00,266.00,8.00),
(5248,'21 x 168 x 226',21.00,168.00,226.00,8.00),
(5249,'21 x 46 x 226',21.00,46.00,226.00,8.00),
(5250,'75 X 100',75.00,100.00,NULL,6.20),
(5251,'130 X 20',130.00,20.00,NULL,6.20),
(5252,'45 X 75',45.00,75.00,NULL,6.20),
(5253,'20 X 400',20.00,400.00,NULL,6.20),
(5254,'7 x 1 x 1',7.00,1.00,1.00,8.00),
(5255,'45 X 500',45.00,500.00,NULL,6.20),
(5256,'80 X 175',80.00,175.00,NULL,6.20),
(5257,'15 X 300 X 400',15.00,300.00,400.00,8.00),
(5258,'38 X 76 X 175',38.00,76.00,175.00,8.00),
(5259,'35 X 1000',35.00,1000.00,NULL,6.20),
(5260,'85 X 120',85.00,120.00,NULL,6.20),
(5261,'35 X 250',35.00,250.00,NULL,6.20),
(5262,'120 X 65',120.00,65.00,NULL,6.20),
(5263,'85 X 65',85.00,65.00,NULL,6.20),
(5264,'30 X 500',30.00,500.00,NULL,6.20),
(5265,'20 X 500',20.00,500.00,NULL,6.20),
(5266,'30 X 1000',30.00,1000.00,NULL,6.20),
(5267,'45 X 100',45.00,100.00,NULL,6.20),
(5268,'2 x 2 x 9',2.00,2.00,9.00,8.00),
(5269,'90 X 75',90.00,75.00,NULL,6.20),
(5270,'50 X 50 X 500',50.00,50.00,500.00,8.00),
(5271,'405 X 107 X 350',405.00,107.00,350.00,8.00),
(5272,'40,5 X 107 X 350',40.50,107.00,350.00,8.00),
(5273,'13 X 40 X 75',13.00,40.00,75.00,8.00),
(5274,'15 X 330 X 450',15.00,330.00,450.00,8.00),
(5275,'15,4 X 50 X 70',15.40,50.00,70.00,8.00),
(5276,'15,4 X 72 X 395',15.40,72.00,395.00,8.00),
(5277,'35 X 760',35.00,760.00,NULL,6.20),
(5278,'30 X 155',30.00,155.00,NULL,6.20),
(5279,'22 x 23 x 184',22.00,23.00,184.00,8.00),
(5280,'22 x 30 x 203',22.00,30.00,203.00,8.00),
(5281,'50 X 120 X 270',50.00,120.00,270.00,8.00),
(5282,'20 X 110 X 110',20.00,110.00,110.00,8.00),
(5283,'35 X 270 X 270',35.00,270.00,270.00,8.00),
(5284,'30 X 100 X 140',30.00,100.00,140.00,8.00),
(5285,'30 X 160 X 200',30.00,160.00,200.00,8.00),
(5286,'60 X 55',60.00,55.00,NULL,6.20),
(5287,'80 X 75',80.00,75.00,NULL,6.20),
(5288,'141 X 15',141.00,15.00,NULL,6.20),
(5289,'141 X 33',141.00,33.00,NULL,6.20),
(5290,'60 X 13',60.00,13.00,NULL,6.20),
(5291,'50 X 65 X 93',50.00,65.00,93.00,8.00),
(5292,'70 X 140 X 150',70.00,140.00,150.00,8.00),
(5293,'70 X 72 X 229',70.00,72.00,229.00,8.00),
(5294,'23 x 71 x 73',23.00,71.00,73.00,8.00),
(5295,'40 x 71 x 97',40.00,71.00,97.00,8.00),
(5296,'56 x 259 x 430',56.00,259.00,430.00,8.00),
(5297,'65 X 480',65.00,480.00,NULL,6.20),
(5298,'56 x 1014 x 3096',56.00,1014.00,3096.00,8.00),
(5299,'56 x 313 x 402',56.00,313.00,402.00,8.00),
(5300,'75 x 5450',75.00,5450.00,NULL,6.20),
(5301,'65 x 2308',65.00,2308.00,NULL,6.20),
(5302,'21 x 100 x 295',21.00,100.00,295.00,8.00),
(5303,'40 X 100',40.00,100.00,NULL,6.20),
(5304,'61 x 410 x 495',61.00,410.00,495.00,8.00),
(5305,'61 x 163 x 240',61.00,163.00,240.00,8.00),
(5306,'110 X 100',110.00,100.00,NULL,6.20),
(5307,'65 X 130',65.00,130.00,NULL,6.20),
(5308,'105 X 250',105.00,250.00,NULL,6.20),
(5309,'120 X 85',120.00,85.00,NULL,6.20),
(5310,'130 X 445',130.00,445.00,NULL,6.20),
(5311,'225 X 65',225.00,65.00,NULL,6.20),
(5312,'370 X 45',370.00,45.00,NULL,6.20),
(5313,'14 X 510',14.00,510.00,NULL,6.20),
(5314,'35 X 65 X 250',35.00,65.00,250.00,8.00),
(5315,'20,4 X 180 X 180',20.40,180.00,180.00,8.00),
(5316,'121 X 25',121.00,25.00,NULL,6.20),
(5317,'25 X 230 X 350',25.00,230.00,350.00,8.00),
(5318,'22 X 55 X 355',22.00,55.00,355.00,8.00),
(5319,'22 x 1050 x 2747',22.00,1050.00,2747.00,8.00),
(5320,'22 x 304 x 641',22.00,304.00,641.00,8.00),
(5321,'20 X 2000',20.00,2000.00,NULL,6.20),
(5322,'130 x 1060',130.00,1060.00,NULL,6.20),
(5323,'30 x 66',30.00,66.00,NULL,6.20),
(5324,'45 x 556',45.00,556.00,NULL,6.20),
(5325,'20 x 60',20.00,60.00,NULL,6.20),
(5326,'21 x 65 x 84',21.00,65.00,84.00,8.00),
(5327,'56 x 70 x 81',56.00,70.00,81.00,8.00),
(5328,'32 X 600',32.00,600.00,NULL,6.20),
(5329,'22 x 1050 x 2410',22.00,1050.00,2410.00,8.00),
(5330,'22 x 335 x 592',22.00,335.00,592.00,8.00),
(5331,'21 x 500 x 3097',21.00,500.00,3097.00,8.00),
(5332,'14 x 22 x 135',14.00,22.00,135.00,8.00),
(5333,'8 x 22 x 142',8.00,22.00,142.00,8.00),
(5334,'41 x 72 x 165',41.00,72.00,165.00,8.00),
(5335,'20 x 177',20.00,177.00,NULL,6.20),
(5336,'35 x 2745',35.00,2745.00,NULL,6.20),
(5337,'30 x 394',30.00,394.00,NULL,6.20),
(5338,'45 x 535 x 1027',45.00,535.00,1027.00,8.00),
(5339,'45 x 535 x 911',45.00,535.00,911.00,8.00),
(5340,'45 x 113 x 178',45.00,113.00,178.00,8.00),
(5341,'55 x 203 x 670',55.00,203.00,670.00,8.00),
(5342,'110 x 4940',110.00,4940.00,NULL,6.20),
(5343,'30 x 114',30.00,114.00,NULL,6.20),
(5344,'35 x 34',35.00,34.00,NULL,6.20),
(5345,'21 x 500 x 2964',21.00,500.00,2964.00,8.00),
(5346,'21 x 131 x 219',21.00,131.00,219.00,8.00),
(5347,'80 x 2680',80.00,2680.00,NULL,6.20),
(5348,'55 x 144 x 670',55.00,144.00,670.00,8.00),
(5349,'55 x 55 x 166',55.00,55.00,166.00,8.00),
(5350,'32 x 2810',32.00,2810.00,NULL,6.20),
(5351,'85 x 1254',85.00,1254.00,NULL,6.20),
(5352,'85 x 2850',85.00,2850.00,NULL,6.20),
(5353,'225 x 1690',225.00,1690.00,NULL,6.20),
(5354,'370 x 75',370.00,75.00,NULL,6.20),
(5355,'130 x 1012',130.00,1012.00,NULL,6.20),
(5356,'35 x 5243',35.00,5243.00,NULL,6.20),
(5357,'30 x 5000',30.00,5000.00,NULL,6.20),
(5358,'45 x 1145',45.00,1145.00,NULL,6.20),
(5359,'40 x 198',40.00,198.00,NULL,6.20),
(5360,'75 x 387 x 504',75.00,387.00,504.00,8.00),
(5361,'80 x 380 x 573',80.00,380.00,573.00,8.00),
(5362,'30 x 317 x 2408',30.00,317.00,2408.00,8.00),
(5363,'12 x 342 x 445',12.00,342.00,445.00,8.00),
(5364,'12 x 84 x 167',12.00,84.00,167.00,8.00),
(5365,'80 x 244 x 573',80.00,244.00,573.00,8.00),
(5366,'75 x 247 x 504',75.00,247.00,504.00,8.00),
(5367,'45 x 144',45.00,144.00,NULL,6.20),
(5368,'20 x 317 x 1667',20.00,317.00,1667.00,8.00),
(5369,'20 x 188 x 735',20.00,188.00,735.00,8.00),
(5370,'20 x 126 x 355',20.00,126.00,355.00,8.00),
(5371,'26.8 x 1030 x 3688',26.80,1030.00,3688.00,8.00),
(5372,'26.8 x 207 x 877',26.80,207.00,877.00,8.00),
(5373,'26 x 1030 x 3688',26.00,1030.00,3688.00,8.00),
(5374,'26 x 207 x 877',26.00,207.00,877.00,8.00),
(5375,'22 x 45 x 188',22.00,45.00,188.00,8.00),
(5376,'12 x 300 x 342',12.00,300.00,342.00,8.00),
(5377,'100 X 118 X 303',100.00,118.00,303.00,8.00),
(5378,'90 X 98 X 303',90.00,98.00,303.00,8.00),
(5379,'25 X 83 X 98',25.00,83.00,98.00,8.00),
(5380,'90 X 65',90.00,65.00,NULL,6.20),
(5381,'60 X 65 X 65',60.00,65.00,65.00,8.00),
(5382,'15 x 49 x 65',15.00,49.00,65.00,8.00),
(5383,'35 x 2053',35.00,2053.00,NULL,6.20),
(5384,'65 x 1775',65.00,1775.00,NULL,6.20),
(5385,'26 x 207 x 629',26.00,207.00,629.00,8.00),
(5386,'27 x 72 x 255',27.00,72.00,255.00,8.00),
(5387,'27 x 60 x 231',27.00,60.00,231.00,8.00),
(5388,'35 x 1740',35.00,1740.00,NULL,6.20),
(5389,'120 x 160',120.00,160.00,NULL,6.20),
(5390,'20 x 4025',20.00,4025.00,NULL,6.20),
(5391,'105 x 4510',105.00,4510.00,NULL,6.20),
(5392,'35 X 47 X 293',35.00,47.00,293.00,8.00),
(5393,'60 X 3000',60.00,3000.00,NULL,6.20),
(5394,'70 X 3000',70.00,3000.00,NULL,6.20),
(5395,'50 X 1500',50.00,1500.00,NULL,6.20),
(5396,'1 X 1',1.00,1.00,NULL,6.20),
(5397,'20 X 1000',20.00,1000.00,NULL,6.20),
(5398,'20 x 103',20.00,103.00,NULL,6.20),
(5399,'121 x 3546',121.00,3546.00,NULL,6.20),
(5400,'50 x 242',50.00,242.00,NULL,6.20),
(5401,'70 x 3033',70.00,3033.00,NULL,6.20),
(5402,'120 x 4599',120.00,4599.00,NULL,6.20),
(5403,'130 x 323',130.00,323.00,NULL,6.20),
(5404,'35 X 350',35.00,350.00,NULL,6.20),
(5405,'90 x 600',90.00,600.00,NULL,6.20),
(5406,'26 x 425 x 501',26.00,425.00,501.00,8.00),
(5407,'26 x 145 x 235',26.00,145.00,235.00,8.00),
(5408,'80 X 100',80.00,100.00,NULL,6.20),
(5409,'40 X 350',40.00,350.00,NULL,6.20),
(5410,'14 x 3310',14.00,3310.00,NULL,6.20),
(5411,'35 x 435',35.00,435.00,NULL,6.20),
(5412,'38 x 135 x 218',38.00,135.00,218.00,8.00),
(5413,'38 x 74 x 255',38.00,74.00,255.00,8.00),
(5414,'60 x 2136',60.00,2136.00,NULL,6.20),
(5415,'22 x 231 x 234',22.00,231.00,234.00,8.00),
(5416,'80 x 2600',80.00,2600.00,NULL,6.20),
(5417,'35 x 163 x 315',35.00,163.00,315.00,8.00),
(5418,'30 x 145 x 377',30.00,145.00,377.00,8.00),
(5419,'90 x 545 x 1057',90.00,545.00,1057.00,8.00),
(5420,'20 x 895 x 2410',20.00,895.00,2410.00,8.00),
(5421,'103 x 802 x 3690',103.00,802.00,3690.00,8.00),
(5422,'103 x 119 x 189',103.00,119.00,189.00,8.00),
(5423,'50 x 690 x 822',50.00,690.00,822.00,8.00),
(5424,'80 x 275 x 301',80.00,275.00,301.00,8.00),
(5425,'30 x 56 x 147',30.00,56.00,147.00,8.00),
(5426,'35 x 108 x 163',35.00,108.00,163.00,8.00),
(5427,'60 x 2078',60.00,2078.00,NULL,6.20),
(5428,'80 x 130',80.00,130.00,NULL,6.20),
(5429,'92 x 803 x 3695',92.00,803.00,3695.00,8.00),
(5430,'92 x 98 x 191',92.00,98.00,191.00,8.00),
(5431,'90 x 2535',90.00,2535.00,NULL,6.20),
(5432,'141 x 2895',141.00,2895.00,NULL,6.20),
(5433,'21 x 500 x 2404',21.00,500.00,2404.00,8.00),
(5434,'21 x 320 x 555',21.00,320.00,555.00,8.00),
(5435,'50 x 690 x 699',50.00,690.00,699.00,8.00),
(5436,'50 x 125 x 139',50.00,125.00,139.00,8.00),
(5437,'72 x 123 x 127',72.00,123.00,127.00,8.00),
(5438,'51 x 96 x 201',51.00,96.00,201.00,8.00),
(5439,'35 x 735',35.00,735.00,NULL,6.20),
(5440,'26 x 54 x 60',26.00,54.00,60.00,8.00),
(5441,'45 x 976',45.00,976.00,NULL,6.20),
(5442,'26 x 47 x 145',26.00,47.00,145.00,8.00),
(5443,'31 x 136 x 194',31.00,136.00,194.00,8.00),
(5444,'141 x 2855',141.00,2855.00,NULL,6.20),
(5445,'72 x 510 x 539',72.00,510.00,539.00,8.00),
(5446,'72 x 155 x 360',72.00,155.00,360.00,8.00),
(5447,'21 x 80 x 275',21.00,80.00,275.00,8.00),
(5448,'51 x 146 x 211',51.00,146.00,211.00,8.00),
(5449,'41 x 500 x 1537',41.00,500.00,1537.00,8.00),
(5450,'41 x 174 x 236',41.00,174.00,236.00,8.00),
(5451,'31 x 130 x 237',31.00,130.00,237.00,8.00),
(5452,'15 x 31 x 41',15.00,31.00,41.00,8.00),
(5453,'55 X 85 X 135',55.00,85.00,135.00,8.00),
(5454,'40 X 50 X 135',40.00,50.00,135.00,8.00),
(5455,'40 X 55 X 135',40.00,55.00,135.00,8.00),
(5456,'41,7 X 170 X 270',41.70,170.00,270.00,8.00),
(5457,'52,5 X 170 X 270',52.50,170.00,270.00,8.00),
(5458,'40 X 71 X 265',40.00,71.00,265.00,8.00),
(5459,'20 X 220 X 400',20.00,220.00,400.00,8.00),
(5460,'25 X 220 X 400',25.00,220.00,400.00,8.00),
(5461,'21 X 40 X 60',21.00,40.00,60.00,8.00),
(5462,'32 X 320',32.00,320.00,NULL,6.20),
(5463,'35 x 47 x 84',35.00,47.00,84.00,8.00),
(5464,'32 x 127',32.00,127.00,NULL,6.20),
(5465,'55 x 250 x 275',55.00,250.00,275.00,8.00),
(5466,'170 X 80',170.00,80.00,NULL,6.20),
(5467,'72 x 125 x 155',72.00,125.00,155.00,8.00),
(5468,'72 x 77 x 234',72.00,77.00,234.00,8.00),
(5469,'55 x 164 x 274',55.00,164.00,274.00,8.00),
(5470,'12 X 47 X 140',12.00,47.00,140.00,8.00),
(5471,'45 X 55 X 140',45.00,55.00,140.00,8.00),
(5472,'50 X 50 X 346',50.00,50.00,346.00,8.00),
(5473,'90 x 325 x 669',90.00,325.00,669.00,8.00),
(5474,'60 x 95 x 468',60.00,95.00,468.00,8.00),
(5475,'55 X 30',55.00,30.00,NULL,6.20),
(5476,'65 X 35',65.00,35.00,NULL,6.20),
(5477,'65 X 45',65.00,45.00,NULL,6.20),
(5478,'90 X 55',90.00,55.00,NULL,6.20),
(5479,'105 X 65',105.00,65.00,NULL,6.20),
(5480,'110 X 95',110.00,95.00,NULL,6.20),
(5481,'20 X 750',20.00,750.00,NULL,6.20),
(5482,'25 X 930',25.00,930.00,NULL,6.20),
(5483,'40 X 635',40.00,635.00,NULL,6.20),
(5484,'75 X 25',75.00,25.00,NULL,6.20),
(5485,'41,7 X 45 X 55',41.70,45.00,55.00,8.00),
(5486,'21 x 28 x 60',21.00,28.00,60.00,8.00),
(5487,'15,4 X 45 X 80',15.40,45.00,80.00,8.00),
(5488,'41 x 131',41.00,131.00,NULL,6.20),
(5489,'170 x 457',170.00,457.00,NULL,6.20),
(5490,'28 x 60 x 95',28.00,60.00,95.00,8.00),
(5491,'50 x 551 x 699',50.00,551.00,699.00,8.00),
(5492,'23 x 50 x 137',23.00,50.00,137.00,8.00),
(5493,'16 x 50 x 100',16.00,50.00,100.00,8.00),
(5494,'90 x 325 x 391',90.00,325.00,391.00,8.00),
(5495,'36 x 90 x 275',36.00,90.00,275.00,8.00),
(5496,'53 x 1050 x 2960',53.00,1050.00,2960.00,8.00),
(5497,'53 x 170 x 547',53.00,170.00,547.00,8.00),
(5498,'41 x 303 x 453',41.00,303.00,453.00,8.00),
(5499,'41 x 146 x 271',41.00,146.00,271.00,8.00),
(5500,'105 x 414',105.00,414.00,NULL,6.20),
(5501,'20 x 525',20.00,525.00,NULL,6.20),
(5502,'25 x 5097',25.00,5097.00,NULL,6.20),
(5503,'65 x 4213',65.00,4213.00,NULL,6.20),
(5504,'27 x 134 x 306',27.00,134.00,306.00,8.00),
(5505,'34 x 35 x 306',34.00,35.00,306.00,8.00),
(5506,'22 x 281 x 305',22.00,281.00,305.00,8.00),
(5507,'22 x 75 x 358',22.00,75.00,358.00,8.00),
(5508,'40 x 256',40.00,256.00,NULL,6.20),
(5509,'40 x 477',40.00,477.00,NULL,6.20),
(5510,'22 x 1050 x 2182',22.00,1050.00,2182.00,8.00),
(5511,'22 x 225 x 642',22.00,225.00,642.00,8.00),
(5512,'35 x 119',35.00,119.00,NULL,6.20),
(5513,'27 x 1030 x 3460',27.00,1030.00,3460.00,8.00),
(5514,'27 x 225 x 630',27.00,225.00,630.00,8.00),
(5515,'16 x 100 x 1169',16.00,100.00,1169.00,8.00),
(5516,'42 x 1020 x 2768',42.00,1020.00,2768.00,8.00),
(5517,'42 x 143 x 545',42.00,143.00,545.00,8.00),
(5518,'25 x 380',25.00,380.00,NULL,6.20),
(5519,'25 x 2063',25.00,2063.00,NULL,6.20),
(5520,'40 x 5385',40.00,5385.00,NULL,6.20),
(5521,'41 x 94 x 146',41.00,94.00,146.00,8.00),
(5522,'41 x 56 x 147',41.00,56.00,147.00,8.00),
(5523,'75 x 5105',75.00,5105.00,NULL,6.20),
(5524,'90 x 4919',90.00,4919.00,NULL,6.20),
(5525,'50 X 100',50.00,100.00,NULL,6.20),
(5526,'30 X 80 X 620',30.00,80.00,620.00,8.00),
(5527,'16 X 1000',16.00,1000.00,NULL,6.20),
(5528,'50 X 225 X 610',50.00,225.00,610.00,8.00),
(5529,'50 X 155 X 610',50.00,155.00,610.00,8.00),
(5530,'40 X 700 X 700',40.00,700.00,700.00,8.00),
(5531,'30 X 250 X 300',30.00,250.00,300.00,8.00),
(5532,'40 X 200 X 350',40.00,200.00,350.00,8.00),
(5533,'20 X 200 X 1000',20.00,200.00,1000.00,8.00),
(5534,'35 X 140',35.00,140.00,NULL,6.20),
(5535,'40 X 160',40.00,160.00,NULL,6.20),
(5536,'105 x 4000',105.00,4000.00,NULL,6.20),
(5537,'50 x 5412',50.00,5412.00,NULL,6.20),
(5538,'20 x 895 x 1405',20.00,895.00,1405.00,8.00),
(5539,'20 x 485 x 1000',20.00,485.00,1000.00,8.00),
(5540,'50 x 33',50.00,33.00,NULL,6.20),
(5541,'16 x 811',16.00,811.00,NULL,6.20),
(5542,'16 x 5015',16.00,5015.00,NULL,6.20),
(5543,'90 x 545 x 957',90.00,545.00,957.00,8.00),
(5544,'54 x 90 x 192',54.00,90.00,192.00,8.00),
(5545,'33 x 54 x 350',33.00,54.00,350.00,8.00),
(5546,'41 x 83 x 544',41.00,83.00,544.00,8.00),
(5547,'50 X 65',50.00,65.00,NULL,6.20),
(5548,'110 x 3754',110.00,3754.00,NULL,6.20),
(5549,'65 x 3410',65.00,3410.00,NULL,6.20),
(5550,'13 X 60 X 185',13.00,60.00,185.00,8.00),
(5551,'13 X 60 X 181',13.00,60.00,181.00,8.00),
(5552,'70 X 310',70.00,310.00,NULL,6.20),
(5553,'120 X 74',120.00,74.00,NULL,6.20),
(5554,'50 x 83 x 552',50.00,83.00,552.00,8.00),
(5555,'50 x 231 x 613',50.00,231.00,613.00,8.00),
(5556,'35 x 148 x 898',35.00,148.00,898.00,8.00),
(5557,'40 x 55',40.00,55.00,NULL,6.20),
(5558,'80 x 920 x 1340',80.00,920.00,1340.00,8.00),
(5559,'75 x 980 x 1230',75.00,980.00,1230.00,8.00),
(5560,'60 x 3022',60.00,3022.00,NULL,6.20),
(5561,'20 x 1327',20.00,1327.00,NULL,6.20),
(5562,'50 x 50',50.00,50.00,NULL,6.20),
(5563,'35 x 148 x 271',35.00,148.00,271.00,8.00),
(5564,'35 x 60 x 624',35.00,60.00,624.00,8.00),
(5565,'70 x 12 x 1',70.00,12.00,1.00,8.00),
(5566,'32 x 5495',32.00,5495.00,NULL,6.20),
(5567,'30 x 2995',30.00,2995.00,NULL,6.20),
(5568,'120 x 31',120.00,31.00,NULL,6.20),
(5569,'50 x 292',50.00,292.00,NULL,6.20),
(5570,'48 x 61 x 163',48.00,61.00,163.00,8.00),
(5571,'120 x 1768',120.00,1768.00,NULL,6.20),
(5572,'45 x 1226',45.00,1226.00,NULL,6.20),
(5573,'61 x 307 x 410',61.00,307.00,410.00,8.00),
(5574,'61 x 185 x 252',61.00,185.00,252.00,8.00),
(5575,'15,4 X 150 X 1800',15.40,150.00,1800.00,8.00),
(5576,'55 X 460',55.00,460.00,NULL,6.20),
(5577,'161 X 75',161.00,75.00,NULL,6.20),
(5578,'125 X 305',125.00,305.00,NULL,6.20),
(5579,'161 x 2827',161.00,2827.00,NULL,6.20),
(5580,'160 X 55',160.00,55.00,NULL,6.20),
(5581,'50 x 5060',50.00,5060.00,NULL,6.20),
(5582,'50 x 21',50.00,21.00,NULL,6.20),
(5583,'125 x 271',125.00,271.00,NULL,6.20),
(5584,'80 x 918 x 1107',80.00,918.00,1107.00,8.00),
(5585,'80 x 226 x 300',80.00,226.00,300.00,8.00),
(5586,'22 x 226 x 613',22.00,226.00,613.00,8.00),
(5587,'20 X 400 X 440',20.00,400.00,440.00,8.00),
(5588,'20 X 37 X 153',20.00,37.00,153.00,8.00),
(5589,'12 X 50 X 205',12.00,50.00,205.00,8.00),
(5590,'160 x 417',160.00,417.00,NULL,6.20),
(5591,'85 X 30',85.00,30.00,NULL,6.20),
(5592,'65 X 430',65.00,430.00,NULL,6.20),
(5593,'125 X 20',125.00,20.00,NULL,6.20),
(5594,'1 x 1 x 9',1.00,1.00,9.00,8.00),
(5595,'10 X 2000',10.00,2000.00,NULL,6.20),
(5596,'25 x 455 x 887',25.00,455.00,887.00,8.00),
(5597,'110 X 300 X 350',110.00,300.00,350.00,8.00),
(5598,'30 X 43 X 206',30.00,43.00,206.00,8.00),
(5599,'13 X 29 X 206',13.00,29.00,206.00,8.00),
(5600,'13 X 33 X 143',13.00,33.00,143.00,8.00),
(5601,'36 X 46 X 143',36.00,46.00,143.00,8.00),
(5602,'16 x 250 x 388',16.00,250.00,388.00,8.00),
(5603,'17 x 80 x 209',17.00,80.00,209.00,8.00),
(5604,'16 x 117 x 160',16.00,117.00,160.00,8.00),
(5605,'25 x 75 x 455',25.00,75.00,455.00,8.00),
(5606,'75 x 980 x 1137',75.00,980.00,1137.00,8.00),
(5607,'75 x 86 x 350',75.00,86.00,350.00,8.00),
(5608,'38 x 86 x 625',38.00,86.00,625.00,8.00),
(5609,'19 x 21 x 385',19.00,21.00,385.00,8.00),
(5610,'21 x 28 x 154',21.00,28.00,154.00,8.00),
(5611,'65 x 908',65.00,908.00,NULL,6.20),
(5612,'28 X 550',28.00,550.00,NULL,6.20),
(5613,'125 x 221',125.00,221.00,NULL,6.20),
(5614,'21 x 69 x 168',21.00,69.00,168.00,8.00),
(5615,'21 x 46 x 155',21.00,46.00,155.00,8.00),
(5616,'115 x 340 x 613',115.00,340.00,613.00,8.00),
(5617,'1 x 11 x 2',1.00,11.00,2.00,8.00),
(5618,'160 X 1000',160.00,1000.00,NULL,6.20),
(5619,'20 X 20',20.00,20.00,NULL,6.20),
(5620,'28 x 997',28.00,997.00,NULL,6.20),
(5621,'160 x 5000',160.00,5000.00,NULL,6.20),
(5622,'85 x 1270',85.00,1270.00,NULL,6.20),
(5623,'38 x 148 x 246',38.00,148.00,246.00,8.00),
(5624,'13 x 129 x 246',13.00,129.00,246.00,8.00),
(5625,'150 X 95',150.00,95.00,NULL,6.20),
(5626,'190 X 48',190.00,48.00,NULL,6.20),
(5627,'55 X 52',55.00,52.00,NULL,6.20),
(5628,'28 X 1000',28.00,1000.00,NULL,6.20),
(5629,'40 X 500',40.00,500.00,NULL,6.20),
(5630,'120 X 70',120.00,70.00,NULL,6.20),
(5631,'38 X 1050',38.00,1050.00,NULL,6.20),
(5632,'36 x 38 x 148',36.00,38.00,148.00,8.00),
(5633,'38 x 100 x 208',38.00,100.00,208.00,8.00),
(5634,'32 x 61 x 94',32.00,61.00,94.00,8.00),
(5635,'13 x 35 x 208',13.00,35.00,208.00,8.00),
(5636,'50 X 65 X 90',50.00,65.00,90.00,8.00),
(5637,'60 X 78 X 120',60.00,78.00,120.00,8.00),
(5638,'29 x 61 x 163',29.00,61.00,163.00,8.00),
(5639,'19 x 144 x 163',19.00,144.00,163.00,8.00),
(5640,'39 x 65 x 145',39.00,65.00,145.00,8.00),
(5641,'468 X 75 X 150',468.00,75.00,150.00,8.00),
(5642,'46,8 X 75 X 150',46.80,75.00,150.00,8.00),
(5643,'55 x 1082',55.00,1082.00,NULL,6.20),
(5644,'45 X 120',45.00,120.00,NULL,6.20),
(5645,'160 X 300',160.00,300.00,NULL,6.20),
(5646,'13 x 36 x 129',13.00,36.00,129.00,8.00),
(5647,'60 x 41',60.00,41.00,NULL,6.20),
(5648,'28 x 1010',28.00,1010.00,NULL,6.20),
(5649,'55 x 1027',55.00,1027.00,NULL,6.20),
(5650,'40 x 4882',40.00,4882.00,NULL,6.20),
(5651,'150 x 702',150.00,702.00,NULL,6.20),
(5652,'45 x 1570',45.00,1570.00,NULL,6.20),
(5653,'10 x 35 x 40',10.00,35.00,40.00,8.00),
(5654,'120 X 265',120.00,265.00,NULL,6.20),
(5655,'120.5 X 100',120.50,100.00,NULL,6.20),
(5656,'99 X 73',99.00,73.00,NULL,6.20);

/*Table structure for table `m_user` */

DROP TABLE IF EXISTS `m_user`;

CREATE TABLE `m_user` (
  `ID_USER` bigint(20) NOT NULL AUTO_INCREMENT,
  `USER_INPUTBY` bigint(20) DEFAULT NULL,
  `ID_JABATAN` int(11) DEFAULT NULL,
  `ID_SPK` bigint(20) DEFAULT NULL,
  `USERNAME` varchar(50) COLLATE latin1_general_ci NOT NULL,
  `PASSWORD` varchar(225) COLLATE latin1_general_ci NOT NULL,
  `NAMA_DPN` varchar(50) COLLATE latin1_general_ci DEFAULT NULL,
  `NAMA_BLK` varchar(50) COLLATE latin1_general_ci DEFAULT NULL,
  `INPUT_DATE` datetime DEFAULT NULL,
  `TELP_USER` varchar(20) COLLATE latin1_general_ci DEFAULT NULL,
  PRIMARY KEY (`ID_USER`),
  KEY `FK_INPUT_BY` (`USER_INPUTBY`),
  KEY `FK_JABATAN` (`ID_JABATAN`),
  KEY `FK_SPK_INPUTED_BY` (`ID_SPK`),
  CONSTRAINT `FK_INPUT_BY` FOREIGN KEY (`USER_INPUTBY`) REFERENCES `m_user` (`ID_USER`),
  CONSTRAINT `FK_JABATAN` FOREIGN KEY (`ID_JABATAN`) REFERENCES `jabatan` (`ID_JABATAN`),
  CONSTRAINT `FK_SPK_INPUTED_BY` FOREIGN KEY (`ID_SPK`) REFERENCES `t_spk` (`ID_SPK`)
) ENGINE=InnoDB AUTO_INCREMENT=15 DEFAULT CHARSET=latin1 COLLATE=latin1_general_ci;

/*Data for the table `m_user` */

insert  into `m_user`(`ID_USER`,`USER_INPUTBY`,`ID_JABATAN`,`ID_SPK`,`USERNAME`,`PASSWORD`,`NAMA_DPN`,`NAMA_BLK`,`INPUT_DATE`,`TELP_USER`) values 
(1,NULL,1,NULL,'master','SBSMaster','master','master','2016-10-03 22:02:35','031049920'),
(6,NULL,4,NULL,'Test','1234',NULL,NULL,NULL,NULL),
(7,NULL,1,NULL,'Fauzi','4321','Fauzi',NULL,'2017-01-06 11:18:02',NULL),
(8,1,1,NULL,'Jhonny','1234','Jhonny','Jhonny','2017-01-06 14:26:00','1'),
(9,8,3,NULL,'OP1','12345','Operator 1','OP1','2017-01-21 12:06:00','111'),
(10,NULL,3,NULL,'Randy','randy','Randy','Randy','2017-02-13 13:32:36',NULL),
(11,NULL,3,NULL,'Wahyu','wahyu','Wahyu','Wahyu','2017-02-13 13:33:23',NULL),
(12,NULL,3,NULL,'Adri','adri','Adri','Adri','2017-02-13 13:34:04',NULL),
(13,NULL,1,NULL,'nirma','nirma','Nirma',NULL,NULL,NULL),
(14,1,NULL,NULL,'Arif','1234','Arif',NULL,'2017-03-15 17:21:08',NULL);

/*Table structure for table `reg_no` */

DROP TABLE IF EXISTS `reg_no`;

CREATE TABLE `reg_no` (
  `id` int(11) NOT NULL,
  `year` int(4) NOT NULL,
  `val` int(11) DEFAULT NULL,
  PRIMARY KEY (`id`,`year`),
  UNIQUE KEY `year` (`year`,`id`)
) ENGINE=InnoDB DEFAULT CHARSET=latin1 COLLATE=latin1_general_ci;

/*Data for the table `reg_no` */

insert  into `reg_no`(`id`,`year`,`val`) values 
(1,2015,1),
(1,2016,3),
(1,2017,0),
(2,2017,281);

/*Table structure for table `rkp_pembelian` */

DROP TABLE IF EXISTS `rkp_pembelian`;

CREATE TABLE `rkp_pembelian` (
  `id` bigint(20) NOT NULL AUTO_INCREMENT,
  `tanggal` date DEFAULT NULL,
  `supplier` varchar(50) COLLATE latin1_general_ci DEFAULT NULL,
  `no_resi` varchar(50) COLLATE latin1_general_ci DEFAULT NULL,
  `jenis` varchar(50) COLLATE latin1_general_ci DEFAULT NULL,
  `ukuran` varchar(50) COLLATE latin1_general_ci DEFAULT NULL,
  `berat` double DEFAULT NULL,
  `harga` double DEFAULT NULL,
  `ppn` double DEFAULT NULL,
  `expedisi` double DEFAULT NULL,
  `total` double DEFAULT NULL,
  `hpp` double DEFAULT NULL,
  PRIMARY KEY (`id`)
) ENGINE=InnoDB AUTO_INCREMENT=22 DEFAULT CHARSET=latin1 COLLATE=latin1_general_ci;

/*Data for the table `rkp_pembelian` */

insert  into `rkp_pembelian`(`id`,`tanggal`,`supplier`,`no_resi`,`jenis`,`ukuran`,`berat`,`harga`,`ppn`,`expedisi`,`total`,`hpp`) values 
(6,'2017-03-16','PT. JATMIKO','022/PO/SBS/III/2017','BATU GRINDING','355x38x127',12,1312500,0,0,NULL,NULL),
(7,'2017-03-20','CV. TIGA PUTRA JAYA','014/PNW/TPJ/III/2017','JMG BANDSAW BLADE','5040 X 41 X 2/3',1,1304160,0,0,NULL,NULL),
(8,'2017-03-20','CV. TIGA PUTRA JAYA','014/PNW/TPJ/III/2017','JMG BANDSAW BLADE','3660 X 27 X 0.90 - 3/4',1,572000,0,0,NULL,NULL),
(9,'2017-03-20','CV. TIGA PUTRA JAYA','014/PNW/TPJ/III/2017','JMG BANDSAW BLADE','3505 X027 X 0.90 - 3/4',1,536250,0,0,NULL,NULL),
(10,'2017-03-01','CV. JAYA ABADI','022/03/2017','KATALOG','',1000,19000,0,0,NULL,NULL),
(11,'2017-03-14','PT. BINTANG KARYA STEEL ','21/PO/SBS/III/17','SS 304 ROUND','5/8 \" X 6000 mm',4,357500,0,0,NULL,NULL),
(12,'2017-03-17','CV. TIGA PUTRA JAYA','012/PNW/TPJ/III/17','MILD STEEL','32 mm x 6 x 20',1,35012500,3501250,0,NULL,NULL),
(13,'2017-03-17','CV. TIGA PUTRA JAYA','012/PNW/TPJ/III/17','MILD STEEL','40mm x 5 x 20',1,36462500,3646250,0,NULL,NULL),
(14,'2017-03-17','CV. TIGA PUTRA JAYA','012/PNW/TPJ/III/17','MILD STEEL','65mm x 4 x 8',1,18950000,1895000,0,NULL,NULL),
(15,'2017-03-08','CV. TIGA PUTRA JAYA','011/PNW/TPJ/III/17','AMADA CUTTING OIL','1 PAIL',1,1820000,182000,0,NULL,NULL),
(16,'2017-02-28','PT. BINTANG KARYA STEEL','019/PO/SBS/II/17','PIPA SS ','4\" x 6000mm tbl 3mm',1,2112000,0,0,NULL,NULL),
(17,'2017-03-03','PT. INDRA JAYA MAKMUR','P71626/PH-III/IJM-17','2316','70 x 225 x 270',34.02,70000,238140,0,NULL,NULL),
(18,'2017-03-03','PT. INDRA JAYA MAKMUR','P71626/PH-III/IJM-17','2316','80 x 225 x 270',38.88,70000,272160,0,NULL,NULL),
(19,'2017-03-07','PT. SURYA SEJAHTERA METALINDO','1172/SML/03/2017','TPMS 2311','46 273 x 433mm',43.5,34000,147900,0,NULL,NULL),
(20,'2017-03-14','CV. KARYA JAYA UTAMA','06/KJU/SPK/III/2017','PASANG UBIN KAYU','6 X 20',1,22008000,1574400,0,NULL,NULL),
(21,'2017-04-04','SAKURA BEARING ','023/PO/SBS/IV/17','AS BEARING ','10 x 2000mm',3,200000,60000,0,NULL,NULL);

/*Table structure for table `t_mesinoperation` */

DROP TABLE IF EXISTS `t_mesinoperation`;

CREATE TABLE `t_mesinoperation` (
  `ID_MESIN_OPERATION` bigint(20) NOT NULL AUTO_INCREMENT,
  `ID_DT_SPK` bigint(20) DEFAULT NULL,
  `ID_USER` bigint(20) DEFAULT NULL,
  `START` datetime DEFAULT NULL,
  `FINISH` datetime DEFAULT NULL,
  PRIMARY KEY (`ID_MESIN_OPERATION`),
  KEY `FK_ID_OPERATOR` (`ID_USER`),
  KEY `FK_DT_SPK_KERJA` (`ID_DT_SPK`),
  CONSTRAINT `FK_DT_SPK_KERJA` FOREIGN KEY (`ID_DT_SPK`) REFERENCES `dt_spk` (`ID_DT_SPK`) ON DELETE CASCADE ON UPDATE CASCADE,
  CONSTRAINT `t_mesinoperation_ibfk_2` FOREIGN KEY (`ID_USER`) REFERENCES `m_user` (`ID_USER`) ON DELETE SET NULL ON UPDATE SET NULL
) ENGINE=InnoDB AUTO_INCREMENT=646 DEFAULT CHARSET=latin1 COLLATE=latin1_general_ci;

/*Data for the table `t_mesinoperation` */

insert  into `t_mesinoperation`(`ID_MESIN_OPERATION`,`ID_DT_SPK`,`ID_USER`,`START`,`FINISH`) values 
(284,188,11,'2017-03-14 15:50:00','2017-03-14 15:50:00'),
(285,170,11,'2017-03-15 08:08:00','2017-03-15 08:15:00'),
(286,171,11,'2017-03-15 08:15:00','2017-03-15 08:17:00'),
(287,172,11,'2017-03-15 08:17:00','2017-03-15 08:17:00'),
(288,173,11,'2017-03-15 08:17:00','2017-03-15 08:18:00'),
(289,174,11,'2017-03-15 08:18:00','2017-03-15 08:19:00'),
(290,175,11,'2017-03-15 08:19:00','2017-03-15 08:19:00'),
(291,176,11,'2017-03-15 08:19:00','2017-03-15 08:20:00'),
(292,177,11,'2017-03-15 08:20:00','2017-03-15 08:20:00'),
(293,178,11,'2017-03-15 08:20:00','2017-03-15 08:20:00'),
(294,179,11,'2017-03-15 08:20:00','2017-03-15 08:20:00'),
(295,180,11,'2017-03-15 08:20:00','2017-03-15 08:21:00'),
(296,181,11,'2017-03-15 08:21:00','2017-03-15 08:21:00'),
(297,182,11,'2017-03-15 08:21:00','2017-03-15 08:21:00'),
(298,183,11,'2017-03-15 08:21:00','2017-03-15 08:21:00'),
(299,184,11,'2017-03-15 08:22:00','2017-03-15 08:23:00'),
(300,185,11,'2017-03-15 08:23:00','2017-03-15 08:24:00'),
(301,186,11,'2017-03-15 08:24:00','2017-03-15 08:25:00'),
(302,187,11,'2017-03-15 08:25:00','2017-03-15 08:26:00'),
(303,190,11,'2017-03-15 08:26:00','2017-03-15 08:27:00'),
(304,191,11,'2017-03-15 08:27:00','2017-03-15 08:27:00'),
(305,197,11,'2017-03-15 08:27:00','2017-03-15 08:28:00'),
(306,192,11,'2017-03-15 08:28:00','2017-03-15 08:28:00'),
(307,193,11,'2017-03-15 08:28:00','2017-03-15 08:29:00'),
(308,194,11,'2017-03-15 08:29:00','2017-03-15 08:30:00'),
(309,195,11,'2017-03-15 08:30:00','2017-03-15 08:30:00'),
(310,196,11,'2017-03-15 08:30:00','2017-03-15 08:31:00'),
(311,198,11,'2017-03-15 08:31:00','2017-03-15 08:32:00'),
(312,199,11,'2017-03-15 08:33:00','2017-03-15 08:34:00'),
(313,200,11,'2017-03-15 08:34:00','2017-03-15 08:34:00'),
(314,201,11,'2017-03-15 08:34:00','2017-03-15 08:34:00'),
(315,202,11,'2017-03-15 08:54:00','2017-03-15 08:54:00'),
(316,203,11,'2017-03-15 08:54:00','2017-03-15 08:55:00'),
(317,204,11,'2017-03-15 09:14:00','2017-03-15 09:14:00'),
(318,207,11,'2017-03-15 09:14:00','2017-03-15 09:15:00'),
(319,205,11,'2017-03-15 10:00:00','2017-03-15 10:00:00'),
(320,206,11,'2017-03-15 10:00:00','2017-03-15 10:01:00'),
(321,208,11,'2017-03-15 10:01:00','2017-03-15 10:01:00'),
(322,209,11,'2017-03-15 10:01:00','2017-03-15 10:01:00'),
(323,210,11,'2017-03-15 10:01:00','2017-03-15 10:02:00'),
(324,211,11,'2017-03-15 10:02:00','2017-03-15 10:02:00'),
(325,212,11,'2017-03-15 10:02:00','2017-03-15 10:02:00'),
(326,213,11,'2017-03-15 10:02:00','2017-03-15 10:03:00'),
(327,214,11,'2017-03-15 10:03:00','2017-03-15 10:03:00'),
(328,215,11,'2017-03-15 10:03:00','2017-03-15 10:04:00'),
(329,216,11,'2017-03-15 10:04:00','2017-03-15 10:04:00'),
(330,217,11,'2017-03-15 10:04:00','2017-03-15 10:04:00'),
(331,218,11,'2017-03-15 10:04:00','2017-03-15 10:05:00'),
(332,219,11,'2017-03-15 10:05:00','2017-03-15 10:05:00'),
(333,220,11,'2017-03-15 10:05:00','2017-03-15 10:05:00'),
(334,221,11,'2017-03-15 10:08:00','2017-03-15 10:09:00'),
(335,222,11,'2017-03-15 10:16:00','2017-03-15 10:16:00'),
(336,223,11,'2017-03-15 10:16:00','2017-03-15 10:17:00'),
(337,224,11,'2017-03-15 10:17:00','2017-03-15 10:17:00'),
(338,225,11,'2017-03-15 13:28:00','2017-03-15 13:44:00'),
(339,226,11,'2017-03-15 13:44:00','2017-03-15 13:45:00'),
(340,227,11,'2017-03-15 13:45:00','2017-03-15 13:46:00'),
(341,228,11,'2017-03-15 13:46:00','2017-03-15 13:47:00'),
(342,229,11,'2017-03-15 13:47:00','2017-03-15 13:48:00'),
(343,230,11,'2017-03-15 13:48:00','2017-03-15 13:48:00'),
(344,231,11,'2017-03-15 13:48:00','2017-03-15 13:49:00'),
(345,232,11,'2017-03-15 13:49:00','2017-03-15 13:50:00'),
(346,233,11,'2017-03-15 13:50:00','2017-03-15 13:51:00'),
(347,234,11,'2017-03-15 13:51:00','2017-03-15 13:52:00'),
(348,235,11,'2017-03-15 13:52:00','2017-03-15 13:53:00'),
(349,236,11,'2017-03-15 13:53:00','2017-03-15 13:54:00'),
(350,237,11,'2017-03-15 13:54:00','2017-03-15 13:54:00'),
(351,238,11,'2017-03-15 13:54:00','2017-03-15 13:55:00'),
(352,239,11,'2017-03-15 13:55:00','2017-03-15 13:55:00'),
(353,240,11,'2017-03-15 13:55:00','2017-03-15 13:56:00'),
(354,241,11,'2017-03-15 13:56:00','2017-03-15 13:56:00'),
(355,242,11,'2017-03-15 13:56:00','2017-03-15 13:57:00'),
(356,243,11,'2017-03-15 13:57:00','2017-03-15 13:57:00'),
(357,244,11,'2017-03-15 13:57:00','2017-03-15 13:58:00'),
(358,245,11,'2017-03-15 13:58:00','2017-03-15 13:58:00'),
(359,246,11,'2017-03-15 13:58:00','2017-03-15 13:59:00'),
(360,247,11,'2017-03-15 13:59:00','2017-03-15 14:00:00'),
(361,248,11,'2017-03-15 14:00:00','2017-03-15 14:00:00'),
(362,249,11,'2017-03-15 14:00:00','2017-03-15 14:01:00'),
(363,250,11,'2017-03-15 14:01:00','2017-03-15 14:02:00'),
(364,251,11,'2017-03-15 14:02:00','2017-03-15 14:03:00'),
(365,252,11,'2017-03-15 14:03:00','2017-03-15 14:03:00'),
(366,253,11,'2017-03-15 14:03:00','2017-03-15 14:04:00'),
(367,254,11,'2017-03-15 14:04:00','2017-03-15 14:05:00'),
(368,255,11,'2017-03-15 14:05:00','2017-03-15 14:05:00'),
(369,256,11,'2017-03-15 14:05:00','2017-03-15 14:06:00'),
(370,257,11,'2017-03-15 14:06:00','2017-03-15 14:06:00'),
(371,258,11,'2017-03-15 14:06:00','2017-03-15 14:07:00'),
(372,259,11,'2017-03-15 14:10:00','2017-03-15 14:11:00'),
(373,260,11,'2017-03-15 14:11:00','2017-03-15 14:11:00'),
(374,261,11,'2017-03-15 14:11:00','2017-03-15 14:12:00'),
(375,262,11,'2017-03-15 14:32:00','2017-03-15 14:45:00'),
(376,263,11,'2017-03-15 14:45:00','2017-03-15 14:45:00'),
(377,264,11,'2017-03-15 14:45:00','2017-03-15 14:45:00'),
(378,265,11,'2017-03-15 14:45:00','2017-03-15 14:46:00'),
(379,266,11,'2017-03-15 14:46:00','2017-03-15 14:48:00'),
(380,267,11,'2017-03-15 15:07:00','2017-03-15 15:07:00'),
(381,268,11,'2017-03-15 15:07:00','2017-03-15 15:07:00'),
(382,269,11,'2017-03-15 15:07:00','2017-03-15 15:08:00'),
(383,270,11,'2017-03-15 15:08:00','2017-03-15 15:12:00'),
(384,271,11,'2017-03-15 15:12:00','2017-03-15 15:13:00'),
(385,274,11,'2017-03-15 15:29:00','2017-03-15 15:30:00'),
(386,275,11,'2017-03-15 15:30:00','2017-03-15 15:30:00'),
(387,273,11,'2017-03-15 15:30:00','2017-03-15 15:30:00'),
(388,272,11,'2017-03-15 15:30:00','2017-03-15 15:31:00'),
(389,276,11,'2017-03-15 15:41:00','2017-03-15 15:41:00'),
(390,277,11,'2017-03-15 15:41:00','2017-03-15 15:42:00'),
(391,278,11,'2017-03-15 15:42:00','2017-03-15 15:43:00'),
(392,279,11,'2017-03-15 16:07:00','2017-03-15 16:07:00'),
(393,280,11,'2017-03-15 16:07:00','2017-03-15 16:08:00'),
(394,281,11,'2017-03-15 16:08:00','2017-03-15 16:09:00'),
(395,282,11,'2017-03-15 17:06:00','2017-03-15 17:07:00'),
(396,283,11,'2017-03-15 17:07:00','2017-03-15 17:07:00'),
(397,284,11,'2017-03-15 17:07:00','2017-03-15 17:08:00'),
(398,285,11,'2017-03-15 17:08:00','2017-03-15 17:08:00'),
(399,288,11,'2017-03-16 09:45:00','2017-03-16 10:01:00'),
(400,286,12,'2017-02-16 17:08:00','2017-02-16 17:23:00'),
(401,289,11,'2017-03-16 10:01:00','2017-03-16 10:51:00'),
(402,287,12,'2017-02-16 17:23:00','2017-02-16 17:33:00'),
(403,290,12,'2017-02-16 17:35:00','2017-02-16 19:19:00'),
(404,292,11,'2017-03-16 10:51:00','2017-03-16 10:54:00'),
(405,293,11,'2017-03-16 10:54:00','2017-03-16 11:00:00'),
(406,294,11,'2017-03-16 11:00:00','2017-03-16 11:02:00'),
(407,295,11,'2017-03-16 11:02:00','2017-03-16 11:11:00'),
(408,296,11,'2017-03-16 11:13:00','2017-03-16 11:32:00'),
(409,297,11,'2017-03-16 11:33:00','2017-03-16 15:26:00'),
(410,299,10,'2017-03-16 10:34:00','2017-03-16 10:35:00'),
(411,300,10,'2017-03-16 10:35:00','2017-03-16 10:35:00'),
(412,291,12,'2017-02-16 19:19:00','2017-02-16 19:58:00'),
(413,298,12,'2017-02-16 21:11:00','2017-02-16 21:58:00'),
(414,301,12,'2017-02-16 21:58:00','2017-02-16 23:09:00'),
(415,305,10,'2017-03-16 14:26:00','2017-03-16 14:27:00'),
(416,306,10,'2017-03-16 14:27:00','2017-03-16 14:27:00'),
(417,307,10,'2017-03-16 14:27:00','2017-03-16 14:27:00'),
(418,308,10,'2017-03-16 14:27:00','2017-03-16 14:27:00'),
(419,309,10,'2017-03-16 14:27:00','2017-03-16 14:28:00'),
(420,302,11,'2017-03-16 15:29:00','2017-03-16 16:14:00'),
(421,303,12,'2017-02-16 23:12:00','2017-02-16 23:40:00'),
(422,304,11,'2017-03-16 16:14:00','2017-03-16 16:31:00'),
(423,311,11,'2017-03-16 16:31:00','2017-03-16 16:50:00'),
(424,310,12,'2017-02-16 23:47:00','2017-02-17 00:15:00'),
(425,312,11,'2017-03-16 17:16:00','2017-03-16 18:10:00'),
(426,313,12,'2017-02-17 00:37:00','2017-02-17 01:26:00'),
(427,314,11,'2017-03-17 10:48:00','2017-03-17 11:21:00'),
(428,315,12,'2017-02-20 18:40:00','2017-02-20 19:10:00'),
(429,317,12,'2017-02-20 21:18:00','2017-02-20 21:58:00'),
(430,319,12,'2017-02-20 19:03:00','2017-02-20 20:08:00'),
(431,316,11,'2017-03-20 12:15:00','2017-03-20 12:59:00'),
(432,321,12,'2017-02-20 21:18:00','2017-02-20 23:23:00'),
(433,318,11,'2017-03-20 14:16:00','2017-03-20 16:17:00'),
(434,325,10,'2017-03-20 14:33:00','2017-03-20 14:34:00'),
(435,326,10,'2017-03-20 14:34:00','2017-03-20 15:29:00'),
(436,327,12,'2017-02-20 22:50:00','2017-02-20 23:08:00'),
(437,320,11,'2017-03-20 16:28:00','2017-03-20 17:02:00'),
(438,324,12,'2017-02-20 23:38:00','2017-02-20 23:52:00'),
(439,322,11,'2017-03-21 09:23:00','2017-03-21 09:51:00'),
(440,323,11,'2017-03-21 10:15:00','2017-03-21 10:24:00'),
(441,334,11,'2017-03-22 09:46:00','2017-03-22 10:08:00'),
(442,328,10,'2017-03-20 15:30:00','2017-03-20 15:32:00'),
(443,329,10,'2017-03-20 15:32:00','2017-03-20 15:34:00'),
(444,330,10,'2017-03-20 15:34:00','2017-03-20 15:34:00'),
(445,331,10,'2017-03-20 15:34:00','2017-03-20 15:34:00'),
(446,332,10,'2017-03-20 15:34:00','2017-03-20 15:34:00'),
(447,336,10,'2017-03-20 15:57:00','2017-03-20 16:36:00'),
(448,333,12,'2017-02-21 16:02:00','2017-03-21 08:52:00'),
(449,337,12,'2017-03-21 08:38:00','2017-03-21 08:58:00'),
(450,338,12,'2017-03-21 08:46:00','2017-03-21 09:40:00'),
(451,340,12,'2017-03-21 08:55:00','2017-03-21 09:12:00'),
(452,342,12,'2017-03-21 13:14:00','2017-03-21 15:11:00'),
(453,343,12,'2017-03-21 09:13:00','2017-03-21 16:06:00'),
(454,335,11,'2017-03-21 14:17:00','2017-03-21 15:22:00'),
(455,351,12,'2017-03-21 13:14:00','2017-03-21 13:46:00'),
(456,349,12,'2017-03-21 09:57:00','2017-03-21 11:07:00'),
(457,346,11,'2017-03-22 16:10:00','2017-03-22 17:39:00'),
(458,353,11,'2017-03-22 11:38:00','2017-03-22 11:52:00'),
(459,361,12,'2017-03-22 10:12:00','2017-03-22 10:24:00'),
(460,359,12,'2017-03-22 09:20:00','2017-03-22 10:37:00'),
(461,360,12,'2017-03-22 10:05:00','2017-03-22 10:12:00'),
(462,358,12,'2017-03-22 09:20:00','2017-03-22 09:37:00'),
(463,357,12,'2017-03-21 11:09:00','2017-03-21 11:53:00'),
(464,356,12,'2017-03-22 08:50:00','2017-03-22 09:20:00'),
(465,345,12,'2017-03-21 16:10:00','2017-03-21 16:31:00'),
(466,347,12,'2017-03-21 16:18:00','2017-03-21 17:07:00'),
(467,348,12,'2017-03-21 13:14:00','2017-03-21 14:15:00'),
(468,354,12,'2017-03-22 08:27:00','2017-03-22 08:46:00'),
(469,364,11,'2017-03-22 11:52:00','2017-03-22 12:29:00'),
(470,339,11,'2017-03-22 09:36:00','2017-03-22 09:46:00'),
(471,341,11,'2017-03-22 10:10:00','2017-03-22 10:39:00'),
(472,344,11,'2017-03-23 09:57:00','2017-03-23 10:11:00'),
(473,368,11,'2017-03-21 15:24:00','2017-03-21 18:01:00'),
(474,350,11,'2017-03-21 14:18:00','2017-03-21 14:52:00'),
(475,366,11,'2017-03-22 16:35:00','2017-03-22 17:53:00'),
(476,363,12,'2017-03-22 10:24:00','2017-03-22 10:36:00'),
(477,365,12,'2017-03-22 10:37:00','2017-03-22 11:05:00'),
(478,362,10,'2017-03-21 13:13:00','2017-03-21 14:22:00'),
(479,352,11,'2017-03-21 14:19:00','2017-03-21 15:05:00'),
(480,371,12,'2017-03-21 14:06:00','2017-03-21 14:50:00'),
(481,370,10,'2017-03-21 14:22:00','2017-03-21 14:23:00'),
(482,367,12,'2017-03-21 14:24:00','2017-03-21 16:40:00'),
(483,355,12,'2017-03-22 08:47:00','2017-03-22 08:50:00'),
(484,374,10,'2017-03-22 09:27:00','2017-03-22 09:28:00'),
(485,372,10,'2017-03-22 09:28:00','2017-03-22 09:28:00'),
(486,373,10,'2017-03-22 09:28:00','2017-03-22 09:29:00'),
(487,375,10,'2017-03-22 09:43:00','2017-03-22 09:44:00'),
(488,376,10,'2017-03-22 09:44:00','2017-03-22 09:45:00'),
(489,377,10,'2017-03-22 09:45:00','2017-03-22 09:46:00'),
(490,378,10,'2017-03-22 09:46:00','2017-03-22 09:46:00'),
(491,379,10,'2017-03-22 10:37:00','2017-03-22 10:37:00'),
(492,380,10,'2017-03-22 10:37:00','2017-03-22 10:37:00'),
(493,381,10,'2017-03-22 10:37:00','2017-03-22 10:38:00'),
(494,369,12,'2017-03-22 11:05:00','2017-03-22 11:17:00'),
(495,382,12,'2017-03-22 14:08:00','2017-03-22 14:59:00'),
(496,384,12,'2017-03-22 13:50:00','2017-03-22 14:06:00'),
(497,383,12,'2017-03-23 08:28:00','2017-03-23 10:27:00'),
(498,385,12,'2017-03-22 15:01:00','2017-03-22 15:05:00'),
(499,387,12,'2017-03-22 15:10:00','2017-03-22 15:35:00'),
(500,389,12,'2017-03-22 14:31:00','2017-03-22 14:41:00'),
(501,388,11,'2017-03-29 15:39:00','2017-03-29 15:40:00'),
(502,386,12,'2017-03-22 15:01:00','2017-03-22 15:10:00'),
(503,394,12,'2017-03-23 10:43:00','2017-03-23 11:59:00'),
(504,391,12,'2017-03-23 10:38:00','2017-03-23 14:09:00'),
(505,393,12,'2017-03-23 10:29:00','2017-03-23 10:37:00'),
(506,390,12,'2017-03-23 10:38:00','2017-03-23 10:38:00'),
(507,395,10,'2017-03-23 10:42:00','2017-03-23 14:37:00'),
(508,396,10,'2017-03-23 16:05:00','2017-03-23 16:27:00'),
(509,397,12,'2017-03-23 13:11:00','2017-03-23 13:34:00'),
(510,398,12,'2017-03-24 08:11:00','2017-03-24 09:38:00'),
(511,399,12,'2017-03-23 13:26:00','2017-03-23 13:32:00'),
(512,400,12,'2017-03-23 13:34:00','2017-03-23 13:51:00'),
(513,401,12,'2017-03-23 14:08:00','2017-03-23 14:21:00'),
(514,402,12,'2017-03-24 08:11:00','2017-03-24 09:38:00'),
(515,403,12,'2017-03-23 14:55:00','2017-03-23 15:09:00'),
(516,404,12,'2017-03-23 14:55:00','2017-03-23 15:11:00'),
(517,405,12,'2017-03-24 09:56:00','2017-03-24 10:11:00'),
(518,407,12,'2017-03-23 15:53:00','2017-03-23 16:03:00'),
(519,406,12,'2017-03-24 14:00:00','2017-03-24 14:12:00'),
(520,408,12,'2017-03-23 15:53:00','2017-03-23 15:57:00'),
(521,409,12,'2017-03-23 15:58:00','2017-03-23 16:18:00'),
(522,410,12,'2017-03-24 08:33:00','2017-03-24 09:00:00'),
(523,411,12,'2017-03-24 09:55:00','2017-03-24 10:33:00'),
(524,423,12,'2017-03-24 11:22:00','2017-03-24 13:13:00'),
(525,422,12,'2017-03-27 16:02:00','2017-03-27 16:02:00'),
(526,421,12,'2017-03-24 14:00:00','2017-03-24 14:12:00'),
(527,424,12,'2017-03-24 11:22:00','2017-03-24 13:44:00'),
(528,412,12,'2017-03-24 10:12:00','2017-03-24 10:40:00'),
(529,413,12,'2017-03-24 10:55:00','2017-03-24 13:58:00'),
(530,414,12,'2017-03-24 10:41:00','2017-03-24 10:54:00'),
(531,415,12,'2017-03-24 10:55:00','2017-03-24 11:11:00'),
(532,416,12,'2017-03-24 11:13:00','2017-03-24 11:27:00'),
(533,418,12,'2017-03-24 14:00:00','2017-03-24 15:49:00'),
(534,419,12,'2017-03-24 13:20:00','2017-03-24 13:36:00'),
(535,420,12,'2017-03-24 14:00:00','2017-03-24 15:04:00'),
(536,417,12,'2017-03-24 11:28:00','2017-03-24 13:17:00'),
(537,425,12,'2017-03-27 09:58:00','2017-03-27 11:21:00'),
(538,426,12,'2017-03-27 09:58:00','2017-03-27 10:09:00'),
(539,427,12,'2017-03-27 10:07:00','2017-03-27 10:20:00'),
(540,428,12,'2017-03-27 10:09:00','2017-03-27 10:38:00'),
(541,429,10,'2017-03-27 13:16:00','2017-03-27 16:44:00'),
(542,430,12,'2017-03-27 10:31:00','2017-03-27 13:35:00'),
(543,431,12,'2017-03-27 10:42:00','2017-03-27 11:24:00'),
(544,432,10,'2017-03-29 08:09:00','2017-03-29 09:19:00'),
(545,434,12,'2017-03-29 08:13:00','2017-03-29 09:08:00'),
(546,435,12,'2017-03-27 16:03:00','2017-03-27 16:15:00'),
(547,436,12,'2017-03-27 14:27:00','2017-03-27 14:44:00'),
(548,437,12,'2017-03-27 14:44:00','2017-03-27 15:05:00'),
(549,440,12,'2017-03-29 10:16:00','2017-03-29 10:44:00'),
(550,441,12,'2017-03-27 14:48:00','2017-03-27 15:13:00'),
(551,445,12,'2017-03-27 15:13:00','2017-03-27 15:15:00'),
(552,444,12,'2017-03-27 15:05:00','2017-03-27 15:20:00'),
(553,443,12,'2017-03-27 16:04:00','2017-03-27 16:27:00'),
(554,442,12,'2017-03-27 16:17:00','2017-03-27 16:47:00'),
(555,433,10,'2017-03-30 08:05:00','2017-03-30 08:09:00'),
(556,438,10,'2017-03-29 15:33:00','2017-03-29 15:45:00'),
(557,439,10,'2017-03-29 15:33:00','2017-03-29 16:37:00'),
(558,446,10,'2017-03-30 16:06:00','2017-03-30 16:08:00'),
(559,447,12,'2017-03-29 13:04:00','2017-03-29 13:40:00'),
(560,450,10,'2017-03-29 13:17:00','2017-03-29 13:17:00'),
(561,448,12,'2017-03-29 14:05:00','2017-03-29 14:34:00'),
(562,449,12,'2017-03-29 14:05:00','2017-03-29 14:19:00'),
(563,451,12,'2017-03-29 14:15:00','2017-03-29 14:30:00'),
(564,452,12,'2017-03-29 14:21:00','2017-03-29 14:53:00'),
(565,453,12,'2017-03-29 14:30:00','2017-03-29 15:53:00'),
(566,454,12,'2017-03-29 14:34:00','2017-03-29 14:54:00'),
(567,392,11,'2017-03-29 15:40:00','2017-03-29 15:41:00'),
(568,455,12,'2017-03-29 14:55:00','2017-03-29 15:13:00'),
(569,464,11,'2017-03-30 09:20:00','2017-03-30 11:17:00'),
(570,456,12,'2017-03-30 08:34:00','2017-03-30 08:47:00'),
(571,457,12,'2017-03-29 15:02:00','2017-03-29 15:31:00'),
(572,467,11,'2017-03-29 16:23:00','2017-03-29 17:42:00'),
(573,458,12,'2017-03-29 15:53:00','2017-03-29 16:12:00'),
(574,459,12,'2017-03-30 08:48:00','2017-03-30 11:46:00'),
(575,460,12,'2017-03-30 09:47:00','2017-03-30 11:46:00'),
(576,461,12,'2017-03-30 08:33:00','2017-03-30 09:47:00'),
(577,463,12,'2017-03-30 16:20:00','2017-03-30 17:10:00'),
(578,462,12,'2017-03-30 13:21:00','2017-03-30 14:33:00'),
(579,465,11,'2017-03-30 09:20:00','2017-03-30 09:26:00'),
(580,466,11,'2017-03-30 09:24:00','2017-03-30 09:32:00'),
(581,468,11,'2017-03-30 17:08:00','2017-03-30 18:11:00'),
(582,470,11,'2017-03-30 14:52:00','2017-03-30 16:19:00'),
(583,473,10,'2017-03-30 13:43:00','2017-03-30 15:26:00'),
(584,469,12,'2017-03-30 14:49:00','2017-03-30 15:35:00'),
(585,474,10,'2017-03-31 08:17:00','2017-03-31 08:51:00'),
(586,471,11,'2017-03-30 16:19:00','2017-03-30 16:48:00'),
(587,472,11,'2017-03-30 16:48:00','2017-03-30 16:56:00'),
(588,475,12,'2017-03-31 08:59:00','2017-03-31 09:02:00'),
(589,477,12,'2017-03-31 09:02:00','2017-03-31 09:45:00'),
(590,476,11,'2017-03-31 10:02:00','2017-03-31 10:14:00'),
(591,478,11,'2017-03-31 10:02:00','2017-03-31 10:25:00'),
(592,480,11,'2017-03-31 10:28:00','2017-03-31 11:17:00'),
(593,481,11,'2017-03-31 14:16:00','2017-03-31 15:33:00'),
(594,483,11,'2017-03-31 11:28:00','2017-03-31 12:31:00'),
(595,484,11,'2017-03-31 14:17:00','2017-03-31 14:35:00'),
(596,479,12,'2017-03-31 09:58:00','2017-03-31 10:07:00'),
(597,482,12,'2017-03-31 13:13:00','2017-03-31 13:15:00'),
(598,485,12,'2017-03-31 13:17:00','2017-03-31 16:06:00'),
(599,486,12,'2017-03-31 13:13:00','2017-03-31 14:48:00'),
(600,489,12,'2017-03-31 13:13:00','2017-03-31 13:17:00'),
(601,487,11,'2017-04-03 08:28:00','2017-04-03 10:09:00'),
(602,491,11,'2017-03-31 15:23:00','2017-03-31 15:54:00'),
(603,490,11,'2017-03-31 14:49:00','2017-03-31 15:23:00'),
(604,488,11,'2017-03-31 14:36:00','2017-03-31 14:49:00'),
(605,492,12,'2017-04-03 09:37:00','2017-04-03 09:50:00'),
(606,493,12,'2017-04-04 08:25:00','2017-04-04 10:31:00'),
(607,495,11,'2017-04-03 14:51:00','2017-04-03 15:50:00'),
(608,497,11,'2017-04-03 15:55:00','2017-04-03 16:48:00'),
(609,498,11,'2017-04-03 15:55:00','2017-04-03 16:48:00'),
(610,494,12,'2017-04-06 13:34:00','2017-04-06 13:35:00'),
(611,496,12,'2017-04-04 08:14:00','2017-04-04 09:05:00'),
(612,499,12,'2017-04-04 14:32:00','2017-04-04 16:46:00'),
(613,500,12,'2017-04-05 08:21:00','2017-04-05 11:59:00'),
(614,502,11,'2017-04-05 09:42:00','2017-04-05 09:48:00'),
(615,503,11,'2017-04-05 08:55:00','2017-04-05 09:42:00'),
(616,504,11,'2017-04-05 08:56:00','2017-04-05 10:18:00'),
(617,508,10,'2017-04-05 10:41:00','2017-04-05 11:57:00'),
(618,509,10,'2017-04-05 10:41:00','2017-04-05 14:52:00'),
(619,501,12,'2017-04-05 13:09:00','2017-04-05 14:44:00'),
(620,505,12,'2017-04-05 13:09:00','2017-04-05 13:32:00'),
(621,506,12,'2017-04-05 13:16:00','2017-04-05 17:01:00'),
(622,507,12,'2017-04-05 14:27:00','2017-04-05 14:40:00'),
(623,510,12,'2017-04-05 15:53:00','2017-04-05 16:13:00'),
(624,511,12,'2017-04-05 16:34:00','2017-04-05 16:46:00'),
(625,512,12,'2017-04-06 08:27:00','2017-04-06 08:37:00'),
(626,513,12,'2017-04-06 08:37:00','2017-04-06 08:58:00'),
(627,514,12,'2017-04-06 14:57:00',NULL),
(628,515,12,'2017-04-06 09:08:00','2017-04-06 12:06:00'),
(629,516,12,'2017-04-06 09:41:00','2017-04-06 11:35:00'),
(630,517,12,'2017-04-06 09:22:00','2017-04-06 11:06:00'),
(631,518,11,'2017-04-06 13:42:00','2017-04-06 13:48:00'),
(632,519,12,'2017-04-06 14:48:00','2017-04-06 15:20:00'),
(633,522,12,'2017-04-06 13:25:00','2017-04-06 13:27:00'),
(634,523,12,'2017-04-06 13:34:00','2017-04-06 13:55:00'),
(635,520,11,'2017-04-06 14:21:00','2017-04-06 14:21:00'),
(636,521,11,'2017-04-06 14:01:00',NULL),
(637,524,10,'2017-04-06 13:47:00',NULL),
(638,526,11,'2017-04-06 13:50:00','2017-04-06 14:13:00'),
(639,525,12,'2017-04-06 14:01:00','2017-04-06 14:15:00'),
(640,527,11,'2017-04-06 14:13:00','2017-04-06 14:21:00'),
(641,529,12,'2017-04-06 14:49:00',NULL),
(642,532,11,'2017-04-06 14:34:00',NULL),
(643,528,11,'2017-04-06 14:22:00',NULL),
(644,531,12,'2017-04-06 14:48:00',NULL),
(645,530,12,'2017-04-06 14:49:00','2017-04-06 15:07:00');

/*Table structure for table `t_penawaran` */

DROP TABLE IF EXISTS `t_penawaran`;

CREATE TABLE `t_penawaran` (
  `id_penawaran` bigint(20) NOT NULL AUTO_INCREMENT,
  `no_penawaran` varchar(30) COLLATE latin1_general_ci DEFAULT NULL,
  `id_customer` bigint(20) DEFAULT NULL,
  `jumlah` double DEFAULT NULL COMMENT 'Nominal Sebelum diskon',
  `disc` int(11) DEFAULT NULL COMMENT 'Diskon persen',
  `ppn` double DEFAULT NULL COMMENT 'Nominal PPN',
  `tanggal` date DEFAULT NULL,
  `id_marketing` bigint(20) DEFAULT NULL,
  `pengiriman` varchar(50) COLLATE latin1_general_ci DEFAULT NULL,
  `kredit` int(11) DEFAULT NULL COMMENT 'Jatuh tempo pembayaran',
  `reff` varchar(50) COLLATE latin1_general_ci DEFAULT NULL,
  `keterangan` text COLLATE latin1_general_ci,
  `id_userinput` bigint(20) DEFAULT NULL,
  `input_time` datetime DEFAULT NULL,
  PRIMARY KEY (`id_penawaran`),
  KEY `FK_IDCUSTOMER_M_CUSTOMERID` (`id_customer`),
  KEY `FK_IDUSERINPUT_M_USERID` (`id_userinput`),
  KEY `FK_t_penawaranID_MARKETING_m_marketingid` (`id_marketing`),
  CONSTRAINT `FK_IDCUSTOMER_M_CUSTOMERID` FOREIGN KEY (`id_customer`) REFERENCES `m_customer` (`ID_CUSTOMER`),
  CONSTRAINT `FK_IDUSERINPUT_M_USERID` FOREIGN KEY (`id_userinput`) REFERENCES `m_user` (`ID_USER`),
  CONSTRAINT `FK_t_penawaranID_MARKETING_m_marketingid` FOREIGN KEY (`id_marketing`) REFERENCES `m_marketing` (`id_marketing`)
) ENGINE=InnoDB DEFAULT CHARSET=latin1 COLLATE=latin1_general_ci COMMENT='Penawaran ';

/*Data for the table `t_penawaran` */

/*Table structure for table `t_po` */

DROP TABLE IF EXISTS `t_po`;

CREATE TABLE `t_po` (
  `ID_PO` bigint(20) NOT NULL AUTO_INCREMENT,
  `NO_PO` varchar(30) COLLATE latin1_general_ci NOT NULL,
  `PO_CUSTOMER` varchar(30) COLLATE latin1_general_ci DEFAULT NULL,
  `NO_PENAWARAN` varchar(30) COLLATE latin1_general_ci DEFAULT NULL,
  `ID_CUSTOMER` bigint(20) NOT NULL,
  `TANGGAL_PO` date NOT NULL,
  `STATUS_PO` int(11) DEFAULT NULL,
  `JUMLAH` double DEFAULT NULL COMMENT 'Nominal sebelum diskon',
  `DISC` int(11) DEFAULT NULL COMMENT 'Diskon persen',
  `PPN` double NOT NULL DEFAULT '0' COMMENT 'Nominal PPN',
  `KETERANGAN` text COLLATE latin1_general_ci,
  `MARKETING` varchar(30) COLLATE latin1_general_ci DEFAULT NULL,
  `REFF` varchar(100) COLLATE latin1_general_ci DEFAULT NULL,
  `ID_USERINPUT` bigint(20) DEFAULT NULL,
  `INPUT_TIME` datetime DEFAULT NULL,
  `NO_INVOICE` bigint(20) DEFAULT NULL,
  `KREDIT` int(11) unsigned DEFAULT NULL,
  `ID_MARKETING` bigint(20) DEFAULT NULL,
  PRIMARY KEY (`ID_PO`),
  KEY `FK_ID_CUST` (`ID_CUSTOMER`),
  KEY `FK_ID_MARKETING` (`ID_USERINPUT`),
  KEY `FK_ID_MARKETING_m_marketing_id` (`ID_MARKETING`),
  KEY `FK_ID_INVOICE` (`NO_INVOICE`),
  CONSTRAINT `FK_ID_CUST` FOREIGN KEY (`ID_CUSTOMER`) REFERENCES `m_customer` (`ID_CUSTOMER`),
  CONSTRAINT `FK_ID_INVOICE` FOREIGN KEY (`NO_INVOICE`) REFERENCES `m_invoice` (`id_invoice`) ON DELETE SET NULL ON UPDATE CASCADE,
  CONSTRAINT `FK_ID_MARKETING_m_marketing_id` FOREIGN KEY (`ID_MARKETING`) REFERENCES `m_marketing` (`id_marketing`),
  CONSTRAINT `FK_ID_USERINPUT_M_USER_ID` FOREIGN KEY (`ID_USERINPUT`) REFERENCES `m_user` (`ID_USER`)
) ENGINE=InnoDB AUTO_INCREMENT=160 DEFAULT CHARSET=latin1 COLLATE=latin1_general_ci;

/*Data for the table `t_po` */

insert  into `t_po`(`ID_PO`,`NO_PO`,`PO_CUSTOMER`,`NO_PENAWARAN`,`ID_CUSTOMER`,`TANGGAL_PO`,`STATUS_PO`,`JUMLAH`,`DISC`,`PPN`,`KETERANGAN`,`MARKETING`,`REFF`,`ID_USERINPUT`,`INPUT_TIME`,`NO_INVOICE`,`KREDIT`,`ID_MARKETING`) values 
(1,'171/Y','0007117',NULL,193,'2017-03-01',1,3105600,0,310560,'',NULL,'',7,'2017-03-14 12:29:59',NULL,30,2),
(2,'172/Y','0006817',NULL,193,'2017-03-01',1,2300700,0,230070,'',NULL,'',7,'2017-03-14 13:08:49',NULL,30,2),
(3,'173/Y','0005117',NULL,193,'2017-03-01',1,8594400,0,859440,'',NULL,'',7,'2017-03-14 13:11:40',NULL,30,2),
(4,'174/R','-',NULL,206,'2017-03-01',1,7340040,0,734004,'',NULL,'',7,'2017-03-14 14:20:50',NULL,30,1),
(5,'175/R','-',NULL,205,'2017-03-01',0,7894375,0,789438,'',NULL,'',7,'2017-03-14 14:23:55',NULL,30,1),
(6,'176/R','165/PH/SBS/II/17',NULL,187,'2017-03-01',1,1442790,0,144279,'',NULL,'',7,'2017-03-14 14:26:03',NULL,30,1),
(7,'177/Y','02/III/PO/17',NULL,192,'2017-03-01',1,3083050,0,308305,'',NULL,'',7,'2017-03-14 14:29:27',NULL,30,2),
(8,'178/R','-',NULL,173,'2017-03-02',1,331500,0,33150,'',NULL,'',7,'2017-03-14 14:32:56',15,30,1),
(9,'179/Z','-',NULL,188,'2017-03-02',1,382500,0,38250,'',NULL,'',7,'2017-03-14 14:34:40',NULL,30,5),
(10,'180/R','-',NULL,209,'2017-03-02',1,102750,0,10275,'milik popi karena daerah rungkut',NULL,'',7,'2017-03-14 14:38:52',NULL,30,1),
(11,'181/R','166/PH/SBS/II/17',NULL,177,'2017-03-02',1,292825,0,29283,'milik pristi dan harga sudah termasuk ppn harus di rubah',NULL,'',7,'2017-03-14 14:42:08',24,30,1),
(12,'182/Y','-',NULL,195,'2017-03-02',1,743325,0,74333,'harga sudah termasuk ppn harus di rubah dan sen di timbulin',NULL,'',7,'2017-03-14 14:44:29',NULL,30,2),
(13,'183/R','-',NULL,204,'2017-03-02',0,1401820,0,140182,'harga sudah termasuk ppn harus di rubah dan di timbulin sen nya',NULL,'',7,'2017-03-14 14:45:52',NULL,30,1),
(14,'184/O','6400008794',NULL,176,'2017-03-02',1,419900,0,41990,'harga sudah termasuk ppn harus di rubah dan sen nya di timbulin milik pristy',NULL,'',7,'2017-03-14 14:47:32',18,30,4),
(15,'185/O','6400008792',NULL,176,'2017-03-02',1,1488175,0,148818,'harga sudah termasuk ppn harus di rubah milik pristy dan sen nya di timbulin',NULL,'',7,'2017-03-14 14:53:32',19,30,4),
(16,'186/R','POBH-1702-000202',NULL,196,'2017-03-03',1,3962560,0,396256,'tidak ada fee karena bulan maret dan harga per pcs',NULL,'',7,'2017-03-14 15:08:35',NULL,30,1),
(17,'187/Y',NULL,NULL,182,'2017-03-03',1,104440,0,10444,'harga sudah termasuk ppn di hilangin centang ppn nya dan di timbulin sennya',NULL,'',7,'2017-03-14 15:12:32',NULL,30,2),
(18,'188/Y','-',NULL,191,'2017-03-03',1,851200,0,85120,'',NULL,'',7,'2017-03-14 15:14:39',NULL,30,2),
(19,'189/Z','-',NULL,197,'2017-03-03',1,2545240,0,254524,'',NULL,'',7,'2017-03-14 15:16:28',NULL,30,5),
(20,'190/Y','-',NULL,181,'2017-03-03',1,6766510,0,676651,'',NULL,'',7,'2017-03-14 15:18:24',NULL,30,2),
(21,'191/Y','ABH-1702-BB0035',NULL,182,'2017-03-03',1,246250,0,24625,'',NULL,'',7,'2017-03-14 15:19:53',NULL,30,2),
(22,'192/O','180/PH/SBS/III/17',NULL,177,'2017-03-03',1,140250,0,14025,'',NULL,'',7,'2017-03-14 15:20:55',25,30,4),
(23,'193/Z','-',NULL,198,'2017-03-06',1,37300,0,3730,'',NULL,'',7,'2017-03-14 15:22:58',NULL,30,5),
(24,'194/Y','-',NULL,181,'2017-03-06',1,280500,0,28050,'',NULL,'',7,'2017-03-14 15:23:56',42,30,2),
(25,'195/RD','185/PH/SBS/III/17',NULL,177,'2017-03-06',1,400520,0,40052,'',NULL,'',7,'2017-03-14 15:25:12',26,30,3),
(26,'196/R','-',NULL,199,'2017-03-06',1,154275,0,15428,'',NULL,'',7,'2017-03-14 15:26:05',NULL,30,1),
(27,'197/R','0016217',NULL,193,'2017-03-07',1,6913260,0,691326,'',NULL,'',7,'2017-03-14 15:34:45',NULL,30,1),
(28,'198/R','0016617',NULL,193,'2017-03-07',1,1474830,0,147483,'',NULL,'',7,'2017-03-14 15:45:47',NULL,30,1),
(29,'199/R','0016417',NULL,193,'2017-03-07',1,2943090,0,294309,'',NULL,'',7,'2017-03-14 15:49:38',NULL,30,1),
(30,'200/R','186/PH/SBS/III/17',NULL,210,'2017-03-07',1,187000,0,18700,'',NULL,'',7,'2017-03-14 15:52:18',NULL,30,1),
(31,'201/Z','-',NULL,188,'2017-03-07',1,4965700,0,496570,'',NULL,'',7,'2017-03-14 15:54:23',NULL,30,5),
(32,'202/RD','-',NULL,202,'2017-03-08',1,887570,0,88757,'',NULL,'',7,'2017-03-14 15:55:42',12,30,3),
(33,'203/RD','-',NULL,203,'2017-03-08',1,887570,0,88757,'',NULL,'',7,'2017-03-14 15:56:33',32,30,3),
(34,'204/R','-',NULL,204,'2017-03-08',1,883650,0,88365,'',NULL,'',7,'2017-03-14 15:57:41',NULL,30,1),
(35,'205/O','-',NULL,200,'2017-03-08',1,1091740,0,109174,'',NULL,'',7,'2017-03-14 16:01:25',NULL,30,4),
(36,'206/Z','-',NULL,173,'2017-03-08',1,406725,0,40673,'',NULL,'',7,'2017-03-14 16:02:30',17,30,5),
(37,'207/O','-',NULL,200,'2017-03-08',1,1327700,0,132770,'',NULL,'',7,'2017-03-14 16:04:24',NULL,30,4),
(39,'209/Z','172201150',NULL,207,'2017-03-08',1,389045,0,38905,'',NULL,'',7,'2017-03-14 16:31:02',NULL,30,5),
(40,'210/RD','192/PH/SBS/III/17',NULL,177,'2017-03-09',1,620500,0,62050,'',NULL,'',7,'2017-03-14 16:33:07',27,30,3),
(41,'211/RD','-',NULL,208,'2017-03-09',1,313225,0,31323,'',NULL,'',7,'2017-03-14 16:34:40',NULL,30,3),
(42,'212/Y','-',NULL,179,'2017-03-09',1,357000,0,35700,'',NULL,'',7,'2017-03-14 16:35:53',NULL,30,2),
(43,'213/O','-',NULL,200,'2017-03-09',1,1077120,0,107712,'',NULL,'',7,'2017-03-14 16:37:11',NULL,30,4),
(44,'214/O','POP117000954',NULL,211,'2017-03-09',1,1041250,0,104125,'',NULL,'',7,'2017-03-14 16:39:56',NULL,30,4),
(45,'215/Y','-',NULL,179,'2017-03-09',1,1083750,0,108375,'',NULL,'',7,'2017-03-14 16:41:17',NULL,30,2),
(47,'216/R','0260/PO-LKL/03/2017',NULL,212,'2017-03-09',1,706860,0,70686,'',NULL,'',7,'2017-03-15 10:34:12',NULL,30,1),
(48,'217/R','0269/PO-LKL/03/2017',NULL,212,'2017-03-09',1,578340,0,57834,'',NULL,'',7,'2017-03-15 10:38:04',NULL,30,1),
(49,'218/R','0270/PO-LKL/03/2017',NULL,212,'2017-03-09',1,1868980,0,186898,'',NULL,'',7,'2017-03-15 11:11:49',NULL,30,1),
(50,'219/R','0683D/AU/AE-POR/PCS/03/2017',NULL,213,'2017-03-09',1,593725,0,59373,'',NULL,'',7,'2017-03-15 11:17:59',NULL,30,1),
(51,'220/Z','-',NULL,188,'2017-03-10',1,1718400,0,171840,'',NULL,'',7,'2017-03-15 11:23:13',NULL,30,5),
(52,'221/RD','-',NULL,202,'2017-03-10',1,367540,0,36754,'',NULL,'',7,'2017-03-15 11:44:59',30,30,3),
(53,'166/Y','-',NULL,181,'2017-02-27',1,1028500,0,102850,'',NULL,'',7,'2017-03-15 11:50:06',NULL,30,2),
(54,'167/O','158/PH/SBS/II/17',NULL,178,'2017-02-27',1,1747500,0,174750,'',NULL,'',7,'2017-03-15 11:51:58',14,30,4),
(55,'168/O',NULL,NULL,214,'2017-03-10',1,22000000,0,2200000,'',NULL,'',7,'2017-03-15 12:01:16',NULL,30,4),
(56,'169/Y','-',NULL,179,'2017-02-28',1,1065900,0,106590,'',NULL,'',7,'2017-03-15 12:02:44',NULL,30,2),
(57,'075/R','-',NULL,183,'2017-02-28',1,931500,0,93150,'',NULL,'',7,'2017-03-15 12:09:16',NULL,30,1),
(58,'076/Y','-',NULL,191,'2017-02-28',1,3521725,0,352173,'',NULL,'',7,'2017-03-15 12:13:56',NULL,30,2),
(59,'222/Y','-',NULL,191,'2017-03-10',1,160425,0,16043,'',NULL,'',7,'2017-03-15 13:09:42',NULL,30,2),
(60,'223/RD','-',NULL,203,'2017-03-10',1,1309000,0,130900,'',NULL,'',7,'2017-03-15 13:11:11',39,30,3),
(61,'224/R','-',NULL,194,'2017-03-13',1,11902550,0,1190255,'',NULL,'',7,'2017-03-15 13:15:18',NULL,30,1),
(62,'225/R','197/PH/SBS/III/17',NULL,215,'2017-03-13',1,464100,0,46410,'',NULL,'',7,'2017-03-15 13:22:24',NULL,30,1),
(63,'226/O',NULL,NULL,178,'2017-03-13',1,1996820,0,199682,'',NULL,'',7,'2017-03-15 13:24:39',38,30,4),
(64,'227/O','204/PH/SBS/III/17',NULL,177,'2017-03-13',1,437920,0,43792,'',NULL,'',7,'2017-03-15 13:26:10',28,30,4),
(65,'228/R','9130037970/9130018253/LGU',NULL,185,'2017-03-13',0,3753600,0,375360,'SIZE : 5/8\" x 6000 mm',NULL,'',7,'2017-03-15 13:30:25',NULL,45,1),
(66,'229/O','-',NULL,216,'2017-03-14',1,53125,0,5312.5,'',NULL,'',7,'2017-03-15 13:35:53',NULL,30,4),
(67,'230/R','-',NULL,217,'2017-03-14',1,812125,0,81213,'',NULL,'',7,'2017-03-15 13:40:02',NULL,30,1),
(68,'231/Y',NULL,NULL,181,'2017-03-14',1,310845,0,31085,'',NULL,'',7,'2017-03-15 13:41:54',NULL,30,2),
(69,'232/Y',NULL,NULL,181,'2017-03-15',1,719440,0,71944,'',NULL,'',7,'2017-03-15 13:48:18',NULL,30,2),
(70,'233/Y','-',NULL,191,'2017-03-15',1,95040,0,9504,'',NULL,'',7,'2017-03-15 13:50:21',NULL,30,2),
(71,'234/R','-',NULL,194,'2017-03-15',1,1152000,0,115200,'',NULL,'',7,'2017-03-15 13:51:32',NULL,30,1),
(72,'208/Y',NULL,NULL,181,'2017-03-08',1,213095,0,21310,'',NULL,'',7,'2017-03-15 16:03:25',NULL,30,2),
(73,'235/Y','-',NULL,179,'2017-03-15',1,1266500,0,126650,'',NULL,'',7,'2017-03-16 10:10:40',NULL,30,2),
(74,'236/O','-',NULL,200,'2017-03-16',1,230860,0,23086,'',NULL,'',7,'2017-03-16 10:13:43',NULL,0,4),
(75,'237/Y','0180/03/17',NULL,218,'2017-03-16',1,2932840,0,293284,'',NULL,'',7,'2017-03-16 15:15:13',NULL,30,2),
(76,'238/R','0036217',NULL,193,'2017-03-16',1,3813765,0,381377,'',NULL,'',7,'2017-03-16 15:21:42',NULL,30,1),
(77,'239/Y','-',NULL,179,'2017-03-16',1,1887000,0,188700,'',NULL,'',7,'2017-03-16 15:26:00',NULL,30,2),
(78,'240/O','6400008742',NULL,176,'2017-03-16',1,910000,15,77350,'',NULL,'',7,'2017-03-17 14:46:25',20,30,4),
(79,'241/O','6400008874',NULL,176,'2017-03-17',1,3583534.8,0,358354,'',NULL,'',7,'2017-03-17 14:54:35',21,30,4),
(80,'242/O','6400008852',NULL,176,'2017-03-16',1,11125195.3,0,1112519.53,'',NULL,'',7,'2017-03-17 15:08:28',22,30,4),
(81,'244/PR','34/III/PO/17',NULL,192,'2017-03-17',0,3501209.5,0,350121,'',NULL,'',7,'2017-03-17 15:15:16',NULL,30,6),
(82,'203/Y',NULL,NULL,181,'2017-03-17',0,103083.4,0,10309,'Pemesan : Bpk. Kristatang\nBps : 5852\nU/ K.M TPL',NULL,'',7,'2017-03-17 15:17:18',NULL,30,2),
(83,'245/Y',NULL,NULL,181,'2017-03-17',1,103083.4,0,10309,'PEMESAN : BPK. KRISTATANG\nBPS : 5852\nU/ KM. TPL',NULL,'',7,'2017-03-17 15:21:18',NULL,30,2),
(84,'243/PO',NULL,NULL,204,'2017-03-17',1,113592,0,11359.2,'',NULL,'',7,'2017-03-20 10:22:15',NULL,30,7),
(85,'246/R','0039517',NULL,193,'2017-03-20',0,3745370,0,374537,'harga include ppn',NULL,'',7,'2017-03-20 11:33:14',NULL,30,1),
(86,'247/R','0039817',NULL,193,'2017-03-20',1,2670300,0,267030,'',NULL,'',7,'2017-03-20 11:35:37',NULL,30,1),
(87,'248/N',NULL,NULL,188,'2017-03-20',1,406980,0,40698,'URGENT ',NULL,'',7,'2017-03-20 13:24:13',NULL,30,8),
(88,'249/Y',NULL,NULL,181,'2017-03-20',1,110192.6,0,11020,'PEMESAN : BPK. ANDRI\nBPS : 005850/03/17\nU/ STOPER JANGKAR KM. FORTUNE',NULL,'',7,'2017-03-20 15:17:46',NULL,30,2),
(89,'250/Y',NULL,NULL,181,'2017-03-20',1,135074.8,0,13508,'PEMESAN : BPK. ANDRI\nBPS : 005983/03/17\nU/ KM ORIENTAL GOLD',NULL,'',7,'2017-03-20 15:20:39',NULL,30,2),
(90,'251/Y',NULL,NULL,181,'2017-03-20',1,582250,0,58225,'PEMESAN : BPK. ANDRI\nBPS : 005979/03/17\nU/ LINDE',NULL,'',7,'2017-03-20 15:22:02',NULL,30,2),
(91,'252/PR','223/PH/SBS/III/17',NULL,177,'2017-03-20',1,1450581.6,0,145059,'',NULL,'',7,'2017-03-20 15:23:36',31,30,6),
(92,'253/Y',NULL,NULL,181,'2017-03-20',1,5589501.2,0,558951,'PEMESAN : BPK. STEVEN AGUNG\nLOKB : 558\nU/ KAPAL BC SURA',NULL,'',7,'2017-03-20 15:26:10',NULL,30,2),
(93,'254/Y',NULL,NULL,191,'2017-03-20',1,2375875,0,237588,'',NULL,'',7,'2017-03-20 15:28:41',NULL,30,2),
(94,'255/Y',NULL,NULL,195,'2017-03-20',1,1928950,0,192895,'',NULL,'',7,'2017-03-20 15:31:01',NULL,30,2),
(95,'256/PR',NULL,NULL,178,'2017-03-20',1,2580000,0,258000,'',NULL,'',7,'2017-03-20 15:32:00',40,30,6),
(96,'257/Y',NULL,NULL,181,'2017-03-20',1,276250,0,27625,'PEMESAN : BPK. STEVEN\nBPS : 6049\nU/ KAPAL : ARMADA SEGARA',NULL,'',7,'2017-03-20 15:33:23',NULL,30,2),
(97,'258/PR',NULL,NULL,214,'2017-03-20',1,999090,0,99909,'',NULL,'',7,'2017-03-20 16:09:33',NULL,30,6),
(98,'259/PR',NULL,NULL,214,'2017-03-20',1,258400,0,25840,'',NULL,'',7,'2017-03-20 16:10:56',NULL,30,6),
(99,'260/R','-',NULL,219,'2017-03-22',1,5123800,0,512380,'',NULL,'',7,'2017-03-22 10:16:57',NULL,30,1),
(100,'261/R','-',NULL,194,'2017-03-21',1,738650,0,73865,'',NULL,'',7,'2017-03-22 10:18:44',NULL,30,1),
(101,'263/PR','225/PH/SBS/III/17',NULL,192,'2017-03-22',1,753402,0,75341,'',NULL,'',7,'2017-03-22 11:43:19',13,30,6),
(102,'264/N','172201308',NULL,207,'2017-03-22',1,1652889,0,165289,'',NULL,'',7,'2017-03-22 11:44:30',NULL,30,8),
(103,'265/N','172201309',NULL,207,'2017-03-22',0,4002479.6,0,400248,'',NULL,'',7,'2017-03-22 11:46:42',NULL,30,8),
(104,'266/PR','226/PH/SBS/III/17',NULL,220,'2017-03-22',1,990250,0,99025,'',NULL,'',7,'2017-03-22 11:55:21',NULL,30,6),
(105,'267/N','-',NULL,216,'2017-03-22',1,48295,0,4830,'',NULL,'',7,'2017-03-22 14:23:35',NULL,30,8),
(106,'268/Y',NULL,NULL,181,'2017-03-23',1,114750,0,11475,'',NULL,'',7,'2017-03-23 08:49:18',NULL,30,2),
(107,'269/Y',NULL,NULL,181,'2017-03-23',1,71092,0,7110,'Pemesan : Bpk. Kristatang\nBps : 6291\nU/ KM. VERTIKAL',NULL,'',7,'2017-03-23 10:36:27',NULL,30,2),
(108,'270/Y',NULL,NULL,181,'2017-03-23',1,124411,0,12442,'PEMESAN : BPK. STEVEN\nBPS : 6343\nKAPAL : PRATIWI INDAH',NULL,'',7,'2017-03-23 10:37:49',NULL,30,2),
(109,'271/PR',NULL,NULL,178,'2017-03-23',1,26648138.8,0,2664814,'',NULL,'',7,'2017-03-27 08:06:09',41,30,6),
(110,'272/PR','6400008917',NULL,176,'2017-03-23',1,2968602.6,0,296861,'',NULL,'',7,'2017-03-27 08:08:01',23,30,6),
(111,'273/PR','0157/03/17',NULL,218,'2017-03-23',1,340000,0,34000,'',NULL,'',7,'2017-03-27 08:09:08',NULL,30,6),
(112,'274/PO',NULL,NULL,221,'2017-03-23',1,178500,0,17850,'',NULL,'',7,'2017-03-27 08:22:39',NULL,30,7),
(113,'275/Y',NULL,NULL,181,'2017-03-27',1,612000,0,61200,'PEMESAN : BPK. STEVEN\nBPS : 006556/03/14\nKAPAL : BC. SURA',NULL,'',7,'2017-03-27 11:11:45',NULL,30,2),
(114,'276/Y',NULL,NULL,222,'2017-03-27',1,1052516.4,0,105252,'',NULL,'',7,'2017-03-27 13:27:21',NULL,30,2),
(115,'277/PO',NULL,NULL,204,'2017-03-27',1,6663367.9,0,666337,'',NULL,'',7,'2017-03-27 15:00:24',NULL,30,7),
(116,'278/PR','0173/03/17',NULL,218,'2017-03-27',1,510000,0,51000,'',NULL,'',7,'2017-03-27 15:08:07',NULL,30,6),
(117,'279/PR',NULL,NULL,214,'2017-03-27',1,3995000,0,399500,'',NULL,'',7,'2017-03-29 08:35:54',NULL,30,6),
(118,'280/PR','255/PH/SBS/III/17',NULL,177,'2017-03-27',1,31991.4,0,3200,'',NULL,'',7,'2017-03-29 10:13:26',33,30,6),
(119,'281/PR','258/PH/SBS/III/17',NULL,177,'2017-03-27',1,138629.4,0,13863,'',NULL,'',7,'2017-03-29 10:14:44',34,30,6),
(120,'282/PR','-',NULL,223,'2017-03-29',1,622814.8,0,62282,'Kasih kuning jhon',NULL,'',7,'2017-03-30 13:21:29',NULL,30,6),
(121,'283/Y','-',NULL,191,'2017-03-29',1,335129.6,0,33513,'',NULL,'',7,'2017-03-30 13:22:45',NULL,30,2),
(122,'284/N',NULL,NULL,224,'2017-03-30',1,61817.6,0,6182,'',NULL,'',7,'2017-03-30 13:23:55',NULL,30,8),
(123,'285/RD',NULL,NULL,225,'2017-03-30',1,13933584,0,1393359,'',NULL,'',7,'2017-03-30 13:33:08',NULL,30,3),
(124,'286/N','-',NULL,198,'2017-03-30',1,41030,0,4103,'',NULL,'',7,'2017-03-30 13:42:36',NULL,30,8),
(125,'287/Y',NULL,NULL,179,'2017-03-30',1,3183930,0,318393,'',NULL,'',7,'2017-03-30 14:03:18',NULL,30,2),
(126,'288/PR','260/PH/SBS/III/17',NULL,177,'2017-03-30',1,552500,0,55250,'',NULL,'',7,'2017-03-30 15:25:40',35,30,6),
(127,'289/N','172201461',NULL,207,'2017-03-30',1,9309710,0,930971,'',NULL,'',7,'2017-03-30 15:47:59',NULL,30,8),
(128,'290/Y',NULL,NULL,181,'2017-03-30',1,1194505,0,119451,'PEMESAN : BPK. STEVEN\nBPS : 6715\nKAPAL : KAIMANA INDAH\n',NULL,'',7,'2017-03-30 16:08:36',NULL,30,2),
(129,'291/Y',NULL,NULL,181,'2017-03-30',1,592365,0,59237,'PEMESAN : BPK. STEVEN \nBPS : 6781\nKAPAL : KAIMANA INDAH',NULL,'',7,'2017-03-30 16:41:03',NULL,30,2),
(130,'292/RD','043/PH/SBS/III/17',NULL,226,'2017-03-30',1,1780200,0,178020,'',NULL,'',7,'2017-03-30 17:28:04',NULL,30,3),
(131,'293/RD','-',NULL,227,'2017-03-30',1,1568420,0,156842,'',NULL,'',7,'2017-03-31 08:47:33',NULL,30,3),
(132,'294/PR','POP117001260',NULL,211,'2017-03-31',0,2830500,0,283050,'',NULL,'',7,'2017-04-03 13:28:29',NULL,30,6),
(133,'295/PO','-',NULL,228,'2017-03-31',1,431952.2,0,43196,'',NULL,'',7,'2017-04-03 13:33:37',NULL,30,7),
(134,'296/PR','-',NULL,200,'2017-04-03',1,1793500,0,179350,'',NULL,'',7,'2017-04-03 13:34:44',NULL,30,6),
(135,'297/Y',NULL,NULL,181,'2017-04-03',1,2516000,0,251600,'BPK : FAJAR\nBPS : 006899/03/17\nU/ PEN BOOM BELAKANG KALMAR 23 AB HVE',NULL,'',7,'2017-04-03 15:04:11',NULL,30,2),
(136,'298/Y',NULL,NULL,181,'2017-04-03',1,323468.6,0,32347,'BPK : ANDRI\nBPS : 006782/03/17\nU/ KM. AKASHIA',NULL,'',7,'2017-04-03 15:07:23',NULL,30,2),
(137,'299/Y',NULL,NULL,191,'2017-04-03',1,335129.6,0,33513,'',NULL,'',7,'2017-04-03 16:12:12',NULL,30,2),
(138,'300/PR','09/FPO.HND/IV/17',NULL,184,'2017-04-03',1,2227000,0,222700,'MINTA SERTIFIKAT',NULL,'',7,'2017-04-03 16:28:11',NULL,30,6),
(139,'301/PR','382/PH/SBS/IV/17',NULL,192,'2017-04-04',1,1159080,0,115908,'',NULL,'',7,'2017-04-04 15:34:11',NULL,30,6),
(140,'302/Y',NULL,NULL,222,'2017-04-04',1,1906560,0,190656,'',NULL,'',7,'2017-04-04 15:35:45',NULL,30,2),
(141,'304/PO',NULL,NULL,204,'2017-04-04',1,2276665,0,227667,'',NULL,'',7,'2017-04-05 08:31:09',NULL,30,7),
(142,'303/PR','PO-17-0628',NULL,229,'2017-04-04',0,919089.6,0,91909,'INDEN JHON . SUDAH DI BELIKAN KE SAKURA BEARING .',NULL,'',7,'2017-04-05 08:43:47',NULL,30,6),
(143,'306/PR','001/PKP',NULL,230,'2017-04-05',1,6099200,0,609920,'URGEN JHON',NULL,'',7,'2017-04-05 09:06:25',NULL,30,6),
(144,'305/R','383/PH/SBS/IV/17',NULL,210,'2017-04-05',1,1564758,0,156475.8,'',NULL,'',7,'2017-04-05 09:11:18',NULL,30,1),
(145,'307/PO','381/PH/SBS/IV/17',NULL,215,'2017-04-05',1,114750,0,11475,'',NULL,'',7,'2017-04-05 14:35:10',NULL,30,7),
(146,'308/RD','377/PH/SBS/IV/17',NULL,231,'2017-04-05',1,2945250,0,294525,'',NULL,'',7,'2017-04-05 15:20:21',29,30,3),
(147,'309/N',NULL,NULL,188,'2017-04-05',1,6749000,0,674900,'',NULL,'',7,'2017-04-05 15:23:26',NULL,30,8),
(148,'312/Y','-',NULL,181,'2017-04-06',1,1130500,0,113050,'BPK. ANDRI\nBPS : 007257/04/17\nU/ KM. ORIENTAL SAMUDERA',NULL,'',7,'2017-04-06 10:09:27',NULL,30,2),
(149,'310/N','389/PH/SBS/IV/17',NULL,233,'2017-04-06',1,500688,0,50069,'',NULL,'',7,'2017-04-06 10:28:08',NULL,30,8),
(150,'311/Y','386/PH/SBS/IV/17',NULL,232,'2017-04-06',1,347724,0,34773,'',NULL,'',7,'2017-04-06 10:31:25',NULL,30,2),
(151,'313/PO',NULL,NULL,228,'2017-04-06',1,50227,0,5023,'',NULL,'',7,'2017-04-06 10:32:24',NULL,30,7),
(152,'314/PR','391/PH/SBS/IV/17',NULL,177,'2017-04-06',1,619496,0,61950,'',NULL,'',7,'2017-04-06 10:37:19',36,30,6),
(153,'315/RD','392/PH/SBS/IV/17',NULL,231,'2017-04-06',1,551968,0,55197,'',NULL,'',7,'2017-04-06 10:41:32',NULL,30,3),
(154,'316/PO',NULL,NULL,204,'2017-04-06',0,1775823,0,177583,'',NULL,'',7,'2017-04-06 12:00:35',NULL,30,7),
(155,'317/Y','394/PH/SBS/III/17',NULL,179,'2017-04-06',1,182750,0,18275,'',NULL,'',7,'2017-04-06 13:31:37',37,30,2),
(156,'318/Y','PO009536/04/17',NULL,181,'2017-04-06',1,136000,0,13600,'BP FAJAR = PEMESAN\nBPS:006853/03/17\nU/ BUAT PEN PISTON TILT',NULL,'',7,'2017-04-06 13:46:44',NULL,30,2),
(157,'319/Y','PO009532/04/17',NULL,181,'2017-04-06',1,4054500,0,405450,'BP FAJAR = PEMESAN\nBPS:006833/03/17\nU/ BUAT SWING SPIDER KALMAR',NULL,'',7,'2017-04-06 13:51:03',NULL,30,2),
(158,'280/R',NULL,NULL,231,'2017-08-06',0,1182960,0,118296,'Ini baru',NULL,'',1,'2017-08-05 18:18:45',43,30,1),
(159,'281/R',NULL,NULL,173,'2017-08-06',0,1032316.92,0,103232,'',NULL,'',1,'2017-08-05 20:46:27',44,30,1);

/*Table structure for table `t_spk` */

DROP TABLE IF EXISTS `t_spk`;

CREATE TABLE `t_spk` (
  `ID_SPK` bigint(20) NOT NULL AUTO_INCREMENT,
  `ADMIN_INPUTBY` bigint(20) DEFAULT NULL,
  `ID_PO` bigint(20) DEFAULT NULL,
  `NO_SPK` varchar(255) COLLATE latin1_general_ci DEFAULT NULL,
  `TANGGAL` date DEFAULT NULL,
  `INPUT_TIME` datetime DEFAULT NULL,
  `START_TIME` datetime DEFAULT NULL,
  `FINISH_TIME` datetime DEFAULT NULL,
  `STATUS_SPK` int(11) DEFAULT NULL,
  PRIMARY KEY (`ID_SPK`),
  KEY `FK_ADMIN_CREATE_SPK` (`ADMIN_INPUTBY`),
  KEY `FK_PO_ID` (`ID_PO`)
) ENGINE=InnoDB AUTO_INCREMENT=282 DEFAULT CHARSET=latin1 COLLATE=latin1_general_ci;

/*Data for the table `t_spk` */

insert  into `t_spk`(`ID_SPK`,`ADMIN_INPUTBY`,`ID_PO`,`NO_SPK`,`TANGGAL`,`INPUT_TIME`,`START_TIME`,`FINISH_TIME`,`STATUS_SPK`) values 
(92,8,1,'01',NULL,'2017-03-14 13:32:00',NULL,'2017-03-15 08:17:00',2),
(93,8,2,'',NULL,'2017-03-14 14:35:00',NULL,'2017-03-15 08:18:00',2),
(94,8,3,'',NULL,'2017-03-14 14:44:00',NULL,'2017-03-15 08:23:00',2),
(95,8,4,'',NULL,'2017-03-14 15:24:00',NULL,'2017-03-15 08:26:00',2),
(96,8,6,'',NULL,'2017-03-14 15:41:00',NULL,'2017-03-14 15:50:00',2),
(97,8,7,'',NULL,'2017-03-14 15:58:00',NULL,NULL,0),
(98,8,8,'',NULL,'2017-03-14 16:02:00',NULL,'2017-03-15 08:27:00',2),
(99,8,9,'',NULL,'2017-03-14 16:05:00',NULL,'2017-03-15 08:27:00',2),
(100,8,10,'',NULL,'2017-03-14 16:07:00',NULL,'2017-03-15 08:28:00',2),
(101,8,11,'',NULL,'2017-03-14 16:12:00',NULL,'2017-03-15 08:29:00',2),
(102,8,22,'',NULL,'2017-03-14 16:14:00',NULL,'2017-03-15 08:30:00',2),
(103,8,12,'',NULL,'2017-03-14 16:20:00',NULL,'2017-03-15 08:31:00',2),
(104,8,14,'',NULL,'2017-03-14 16:38:00',NULL,'2017-03-15 08:28:00',2),
(105,8,15,'',NULL,'2017-03-14 16:42:00',NULL,'2017-03-15 08:32:00',2),
(106,8,16,'',NULL,'2017-03-14 16:46:00',NULL,'2017-03-15 08:34:00',2),
(107,8,17,'',NULL,'2017-03-14 16:49:00',NULL,'2017-03-15 08:34:00',2),
(108,8,18,'',NULL,'2017-03-14 17:11:00',NULL,NULL,0),
(109,8,19,'',NULL,'2017-03-15 08:45:00',NULL,'2017-03-15 08:55:00',2),
(110,8,18,'',NULL,'2017-03-15 08:50:00',NULL,NULL,0),
(111,8,20,'',NULL,'2017-03-15 09:01:00',NULL,'2017-03-15 09:14:00',2),
(112,8,21,'',NULL,'2017-03-15 09:03:00',NULL,'2017-03-15 10:00:00',2),
(113,8,23,'',NULL,'2017-03-15 09:06:00',NULL,'2017-03-15 10:01:00',2),
(114,8,24,'',NULL,'2017-03-15 09:08:00',NULL,'2017-03-15 09:15:00',2),
(115,8,25,'',NULL,'2017-03-15 09:14:00',NULL,'2017-03-15 10:01:00',2),
(116,8,26,'',NULL,'2017-03-15 09:19:00',NULL,NULL,0),
(117,8,27,'',NULL,'2017-03-15 09:22:00',NULL,'2017-03-15 10:02:00',2),
(118,8,28,'',NULL,'2017-03-15 09:35:00',NULL,'2017-03-15 10:05:00',2),
(119,8,29,'',NULL,'2017-03-15 09:57:00',NULL,'2017-03-15 10:16:00',2),
(120,8,30,'',NULL,'2017-03-15 10:13:00',NULL,'2017-03-15 10:17:00',2),
(121,8,31,'',NULL,'2017-03-15 10:16:00',NULL,'2017-03-15 13:46:00',2),
(122,8,32,'',NULL,'2017-03-15 10:22:00',NULL,'2017-03-15 13:47:00',2),
(123,8,33,'',NULL,'2017-03-15 10:24:00',NULL,'2017-03-15 13:48:00',2),
(124,8,34,'',NULL,'2017-03-15 10:26:00',NULL,'2017-03-15 13:48:00',2),
(125,8,35,'',NULL,'2017-03-15 10:27:00',NULL,'2017-03-15 13:49:00',2),
(126,8,36,'',NULL,'2017-03-15 10:34:00',NULL,'2017-03-15 13:50:00',2),
(127,8,37,'',NULL,'2017-03-15 10:36:00',NULL,'2017-03-15 13:51:00',2),
(128,8,38,'',NULL,'2017-03-15 10:40:00',NULL,NULL,0),
(129,8,39,'',NULL,'2017-03-15 10:42:00',NULL,'2017-03-15 13:52:00',2),
(130,8,40,'',NULL,'2017-03-15 10:44:00',NULL,'2017-03-15 13:53:00',2),
(131,8,41,'',NULL,'2017-03-15 10:48:00',NULL,'2017-03-15 13:54:00',2),
(132,8,42,'',NULL,'2017-03-15 10:50:00',NULL,'2017-03-15 13:54:00',2),
(133,8,43,'',NULL,'2017-03-15 10:55:00',NULL,'2017-03-15 14:01:00',2),
(134,8,44,'',NULL,'2017-03-15 11:08:00',NULL,NULL,0),
(135,8,44,'',NULL,'2017-03-15 11:15:00',NULL,'2017-03-15 14:02:00',2),
(136,8,45,'',NULL,'2017-03-15 11:19:00',NULL,'2017-03-15 14:03:00',2),
(137,8,54,'',NULL,'2017-03-15 13:07:00',NULL,'2017-03-15 14:04:00',2),
(138,8,50,'',NULL,'2017-03-15 13:18:00',NULL,'2017-03-15 14:05:00',2),
(139,8,51,'',NULL,'2017-03-15 13:24:00',NULL,NULL,0),
(140,13,53,'',NULL,'2017-03-15 13:51:00',NULL,'2017-03-15 14:06:00',2),
(141,13,55,'',NULL,'2017-03-15 14:04:00',NULL,'2017-03-15 14:06:00',2),
(142,8,56,'',NULL,'2017-03-15 14:07:00',NULL,'2017-03-15 14:07:00',2),
(143,8,57,'',NULL,'2017-03-15 14:08:00',NULL,'2017-03-15 14:45:00',2),
(144,8,51,'',NULL,'2017-03-15 14:19:00',NULL,'2017-03-15 14:48:00',2),
(145,8,26,'',NULL,'2017-03-15 14:55:00',NULL,'2017-03-15 15:07:00',2),
(146,8,58,'',NULL,'2017-03-15 15:05:00',NULL,'2017-03-15 15:31:00',2),
(147,8,52,'',NULL,'2017-03-15 15:28:00',NULL,'2017-03-15 15:30:00',2),
(148,8,59,'',NULL,'2017-03-15 15:30:00',NULL,'2017-03-15 15:41:00',2),
(149,8,60,'',NULL,'2017-03-15 15:34:00',NULL,'2017-03-15 15:42:00',2),
(150,8,66,'',NULL,'2017-03-15 15:41:00',NULL,'2017-03-15 15:43:00',2),
(151,8,18,'',NULL,'2017-03-15 15:44:00',NULL,'2017-03-15 16:09:00',2),
(152,8,38,'',NULL,'2017-03-15 16:09:00',NULL,NULL,0),
(153,8,38,'',NULL,'2017-03-15 16:14:00',NULL,NULL,0),
(154,8,46,'',NULL,'2017-03-15 16:48:00',NULL,NULL,0),
(155,8,72,'',NULL,'2017-03-15 16:56:00',NULL,'2017-03-15 17:08:00',2),
(156,8,62,'',NULL,'2017-03-15 17:10:00',NULL,'2017-02-16 17:33:00',2),
(157,8,64,'',NULL,'2017-03-15 17:15:00',NULL,'2017-03-16 10:01:00',2),
(158,8,68,'',NULL,'2017-03-15 17:16:00',NULL,'2017-03-16 10:51:00',2),
(159,8,69,'',NULL,'2017-03-16 08:43:00',NULL,'2017-03-16 15:26:00',2),
(160,8,71,'',NULL,'2017-03-16 10:13:00',NULL,'2017-02-16 21:58:00',2),
(161,8,47,'',NULL,'2017-03-16 10:32:00',NULL,'2017-02-16 23:40:00',2),
(162,8,73,'',NULL,'2017-03-16 11:17:00',NULL,NULL,0),
(163,8,73,'',NULL,'2017-03-16 11:21:00',NULL,'2017-03-16 16:31:00',2),
(164,8,61,'',NULL,'2017-03-16 13:28:00',NULL,NULL,0),
(165,8,48,'',NULL,'2017-03-16 14:19:00',NULL,'2017-02-17 00:15:00',2),
(166,8,77,'',NULL,'2017-03-16 15:44:00',NULL,'2017-03-16 18:10:00',2),
(167,8,74,'',NULL,'2017-03-16 16:04:00',NULL,'2017-02-17 01:26:00',2),
(168,8,67,'',NULL,'2017-03-16 16:07:00',NULL,'2017-03-22 10:38:00',2),
(169,8,75,'',NULL,'2017-03-17 08:57:00',NULL,NULL,0),
(170,8,5,'',NULL,'2017-03-17 10:07:00',NULL,NULL,0),
(171,13,13,'',NULL,'2017-03-17 14:59:00',NULL,NULL,0),
(172,13,49,'',NULL,'2017-03-17 15:01:00',NULL,NULL,0),
(173,13,61,'',NULL,'2017-03-20 09:57:00',NULL,'2017-03-21 14:15:00',2),
(174,13,70,'',NULL,'2017-03-20 13:49:00',NULL,'2017-03-21 10:24:00',2),
(175,13,81,'',NULL,'2017-03-20 13:55:00',NULL,NULL,0),
(176,13,81,'',NULL,'2017-03-20 14:13:00',NULL,NULL,0),
(177,13,78,'',NULL,'2017-03-20 14:17:00',NULL,'2017-03-20 14:34:00',2),
(178,13,79,'',NULL,'2017-03-20 14:21:00',NULL,'2017-03-22 10:08:00',2),
(179,13,87,'',NULL,'2017-03-20 14:29:00',NULL,'2017-02-20 23:08:00',2),
(180,13,80,'',NULL,'2017-03-20 15:36:00',NULL,'2017-03-23 10:11:00',2),
(181,13,84,'',NULL,'2017-03-21 09:53:00',NULL,'2017-03-21 15:05:00',2),
(182,13,83,'',NULL,'2017-03-21 10:03:00',NULL,'2017-03-22 08:46:00',2),
(183,13,88,'',NULL,'2017-03-21 10:13:00',NULL,'2017-03-22 09:20:00',2),
(184,8,80,'',NULL,'2017-03-21 10:38:00',NULL,'2017-03-24 10:54:00',2),
(185,8,89,'',NULL,'2017-03-21 10:47:00',NULL,'2017-03-21 11:53:00',2),
(186,8,90,'',NULL,'2017-03-21 10:50:00',NULL,'2017-03-22 10:37:00',2),
(187,8,91,'',NULL,'2017-03-21 11:15:00',NULL,'2017-03-22 12:29:00',2),
(188,8,92,'',NULL,'2017-03-21 11:21:00',NULL,'2017-03-22 17:53:00',2),
(189,8,96,'',NULL,'2017-03-21 13:25:00',NULL,'2017-03-22 11:17:00',2),
(190,8,97,'',NULL,'2017-03-21 13:28:00',NULL,'2017-03-21 14:23:00',2),
(191,8,98,'',NULL,'2017-03-21 13:31:00',NULL,'2017-03-21 14:50:00',2),
(192,8,63,'',NULL,'2017-03-22 09:20:00',NULL,'2017-03-22 09:29:00',2),
(193,8,49,'',NULL,'2017-03-22 09:27:00',NULL,'2017-03-22 10:37:00',2),
(194,8,5,'',NULL,'2017-03-22 10:30:00',NULL,NULL,0),
(195,8,82,'',NULL,'2017-03-22 10:34:00',NULL,NULL,0),
(196,8,94,'',NULL,'2017-03-22 11:28:00',NULL,'2017-03-23 10:27:00',2),
(197,8,102,'',NULL,'2017-03-22 13:08:00',NULL,'2017-03-22 14:06:00',2),
(198,8,104,'',NULL,'2017-03-22 13:11:00',NULL,'2017-03-22 15:05:00',2),
(199,8,103,'',NULL,'2017-03-22 13:14:00',NULL,'2017-03-22 15:35:00',2),
(200,8,101,'',NULL,'2017-03-22 13:27:00',NULL,'2017-03-29 15:40:00',2),
(201,8,105,'',NULL,'2017-03-22 14:29:00',NULL,'2017-03-22 14:41:00',2),
(202,8,82,'',NULL,'2017-03-22 14:42:00',NULL,NULL,0),
(203,8,106,'',NULL,'2017-03-23 08:55:00',NULL,'2017-03-23 10:38:00',2),
(204,8,95,'',NULL,'2017-03-23 09:13:00',NULL,'2017-03-29 15:41:00',2),
(205,8,93,'',NULL,'2017-03-23 09:30:00',NULL,'2017-03-24 09:38:00',2),
(206,8,99,'',NULL,'2017-03-23 10:21:00',NULL,'2017-03-23 16:27:00',2),
(207,8,85,'',NULL,'2017-03-23 11:12:00',NULL,'2017-03-24 14:12:00',2),
(208,8,108,'',NULL,'2017-03-23 14:54:00',NULL,'2017-03-23 15:57:00',2),
(209,8,107,'',NULL,'2017-03-23 14:57:00',NULL,'2017-03-23 16:18:00',2),
(210,8,100,'',NULL,'2017-03-23 15:02:00',NULL,NULL,0),
(211,8,100,'',NULL,'2017-03-23 15:09:00',NULL,'2017-03-24 10:33:00',2),
(212,8,86,'',NULL,'2017-03-23 17:14:00',NULL,'2017-03-27 11:21:00',2),
(213,8,76,'',NULL,'2017-03-23 17:23:00',NULL,'2017-03-27 16:02:00',2),
(214,13,112,'',NULL,'2017-03-27 09:51:00',NULL,NULL,0),
(215,8,112,'',NULL,'2017-03-27 10:00:00',NULL,'2017-03-27 10:20:00',2),
(216,8,109,'',NULL,'2017-03-27 10:03:00',NULL,'2017-03-30 08:09:00',2),
(217,8,113,'',NULL,'2017-03-27 14:03:00',NULL,'2017-03-27 16:15:00',2),
(218,8,111,'',NULL,'2017-03-27 14:06:00',NULL,'2017-03-27 15:05:00',2),
(219,8,110,'',NULL,'2017-03-27 14:08:00',NULL,'2017-03-29 16:37:00',2),
(220,8,114,'',NULL,'2017-03-27 14:25:00',NULL,'2017-03-30 16:08:00',2),
(221,8,116,'',NULL,'2017-03-27 15:11:00',NULL,NULL,0),
(222,8,118,'',NULL,'2017-03-29 11:48:00',NULL,'2017-03-29 13:40:00',2),
(223,8,115,'',NULL,'2017-03-29 13:09:00',NULL,'2017-03-30 17:10:00',2),
(224,8,117,'',NULL,'2017-03-29 13:18:00',NULL,'2017-03-29 13:17:00',2),
(225,8,119,'',NULL,'2017-03-29 14:46:00',NULL,'2017-03-30 09:32:00',2),
(226,8,116,'',NULL,'2017-03-29 14:50:00',NULL,'2017-03-29 17:42:00',2),
(227,8,115,'',NULL,'2017-03-30 11:27:00',NULL,'2017-03-30 18:11:00',2),
(228,8,120,'',NULL,'2017-03-30 13:22:00',NULL,'2017-03-30 15:35:00',2),
(229,8,121,'',NULL,'2017-03-30 13:27:00',NULL,NULL,0),
(230,8,122,'',NULL,'2017-03-30 13:32:00',NULL,'2017-03-30 16:56:00',2),
(231,8,123,'',NULL,'2017-03-30 13:36:00',NULL,'2017-04-04 10:31:00',2),
(232,8,124,'',NULL,'2017-03-31 08:41:00',NULL,'2017-03-31 09:02:00',2),
(233,8,125,'',NULL,'2017-03-31 08:43:00',NULL,'2017-03-31 09:45:00',2),
(234,8,126,'',NULL,'2017-03-31 08:47:00',NULL,NULL,0),
(235,8,127,'',NULL,'2017-03-31 08:54:00',NULL,'2017-03-31 10:25:00',2),
(236,8,126,'',NULL,'2017-03-31 09:04:00',NULL,'2017-03-31 10:07:00',2),
(237,8,129,'',NULL,'2017-03-31 09:07:00',NULL,'2017-03-31 15:33:00',2),
(238,8,121,'',NULL,'2017-03-31 09:12:00',NULL,NULL,0),
(239,8,121,'',NULL,'2017-03-31 09:16:00',NULL,'2017-03-31 13:15:00',2),
(240,8,128,'',NULL,'2017-03-31 09:19:00',NULL,'2017-03-31 16:06:00',2),
(241,8,130,'',NULL,'2017-03-31 09:25:00',NULL,'2017-04-03 10:09:00',2),
(242,8,131,'',NULL,'2017-03-31 09:38:00',NULL,'2017-03-31 15:54:00',2),
(243,8,123,'',NULL,'2017-03-31 09:48:00',NULL,NULL,0),
(244,8,123,'T010',NULL,'2017-03-31 13:15:00',NULL,NULL,0),
(245,8,132,'',NULL,'2017-04-03 13:32:00',NULL,NULL,0),
(246,8,133,'',NULL,'2017-04-03 14:24:00',NULL,'2017-04-06 13:35:00',2),
(247,8,134,'',NULL,'2017-04-03 14:26:00',NULL,'2017-04-03 15:50:00',2),
(248,8,135,'',NULL,'2017-04-03 15:38:00',NULL,'2017-04-04 09:05:00',2),
(249,8,136,'',NULL,'2017-04-03 15:40:00',NULL,'2017-04-03 16:48:00',2),
(250,8,138,'',NULL,'2017-04-04 14:29:00',NULL,'2017-04-04 16:46:00',2),
(251,8,137,'',NULL,'2017-04-04 14:31:00',NULL,NULL,0),
(252,8,139,'',NULL,'2017-04-05 08:09:00',NULL,'2017-04-05 14:44:00',2),
(253,8,140,'',NULL,'2017-04-05 08:28:00',NULL,'2017-04-05 10:18:00',2),
(254,8,141,'',NULL,'2017-04-05 08:48:00',NULL,'2017-04-05 17:01:00',2),
(255,8,142,'',NULL,'2017-04-05 08:59:00',NULL,NULL,0),
(256,8,137,'',NULL,'2017-04-05 09:04:00',NULL,'2017-04-05 11:57:00',2),
(257,8,143,'',NULL,'2017-04-05 09:14:00',NULL,'2017-04-05 14:52:00',2),
(258,8,142,'',NULL,'2017-04-05 09:32:00',NULL,NULL,0),
(259,8,144,'',NULL,'2017-04-05 09:44:00',NULL,NULL,0),
(260,8,142,'',NULL,'2017-04-05 09:45:00',NULL,NULL,0),
(261,8,144,'',NULL,'2017-04-05 12:06:00',NULL,NULL,0),
(262,8,142,'',NULL,'2017-04-05 12:59:00',NULL,NULL,0),
(263,8,132,'',NULL,'2017-04-05 13:21:00',NULL,NULL,0),
(264,8,144,'',NULL,'2017-04-05 13:21:00',NULL,NULL,0),
(265,8,82,'',NULL,'2017-04-05 13:31:00',NULL,NULL,0),
(266,8,145,'',NULL,'2017-04-05 15:52:00',NULL,'2017-04-05 16:13:00',2),
(267,8,147,'',NULL,'2017-04-05 15:54:00',NULL,'2017-04-05 16:46:00',2),
(268,8,144,'',NULL,'2017-04-06 08:07:00',NULL,'2017-04-06 15:20:00',2),
(269,8,146,'',NULL,'2017-04-06 08:27:00',NULL,'2017-04-06 08:58:00',2),
(270,8,148,'',NULL,'2017-04-06 13:19:00',NULL,'2017-04-06 14:21:00',2),
(271,8,149,'',NULL,'2017-04-06 13:21:00',NULL,NULL,0),
(272,8,150,'',NULL,'2017-04-06 13:23:00',NULL,'2017-04-06 13:55:00',2),
(273,8,151,'',NULL,'2017-04-06 13:27:00',NULL,NULL,0),
(274,8,155,'',NULL,'2017-04-06 13:35:00',NULL,NULL,0),
(275,8,151,'',NULL,'2017-04-06 13:48:00',NULL,'2017-04-06 14:15:00',2),
(276,8,152,'',NULL,'2017-04-06 13:51:00',NULL,'2017-04-06 14:21:00',2),
(277,8,153,'',NULL,'2017-04-06 13:56:00',NULL,NULL,0),
(278,8,154,'',NULL,'2017-04-06 13:59:00',NULL,NULL,0),
(279,8,156,'',NULL,'2017-04-06 14:01:00',NULL,'2017-04-06 15:07:00',2),
(280,8,157,'',NULL,'2017-04-06 14:06:00',NULL,NULL,0),
(281,13,5,'',NULL,'2017-07-11 18:02:00',NULL,NULL,0);

/* Function  structure for function  `levenshtein` */

/*!50003 DROP FUNCTION IF EXISTS `levenshtein` */;
DELIMITER $$

/*!50003 CREATE DEFINER=`root`@`localhost` FUNCTION `levenshtein`( s1 VARCHAR(255), s2 VARCHAR(255) ) RETURNS int(11)
    DETERMINISTIC
BEGIN
DECLARE s1_len, s2_len, i, j, c, c_temp, cost INT;
DECLARE s1_char CHAR;
DECLARE cv0, cv1 VARBINARY(256);
SET s1_len = CHAR_LENGTH(s1), s2_len = CHAR_LENGTH(s2), cv1 = 0x00, j = 1, i = 1, c = 0;
IF s1 = s2 THEN
RETURN 0;
ELSEIF s1_len = 0 THEN
RETURN s2_len;
ELSEIF s2_len = 0 THEN
RETURN s1_len;
ELSE
WHILE j <= s2_len DO
SET cv1 = CONCAT(cv1, UNHEX(HEX(j))), j = j + 1;
END WHILE;
WHILE i <= s1_len DO
SET s1_char = SUBSTRING(s1, i, 1), c = i, cv0 = UNHEX(HEX(i)), j = 1;
WHILE j <= s2_len DO
SET c = c + 1;
IF s1_char = SUBSTRING(s2, j, 1) THEN
SET cost = 0; ELSE SET cost = 1;
END IF;
SET c_temp = CONV(HEX(SUBSTRING(cv1, j, 1)), 16, 10) + cost;
IF c > c_temp THEN SET c = c_temp; END IF;
SET c_temp = CONV(HEX(SUBSTRING(cv1, j+1, 1)), 16, 10) + 1;
IF c > c_temp THEN
SET c = c_temp;
END IF;
SET cv0 = CONCAT(cv0, UNHEX(HEX(c))), j = j + 1;
END WHILE;
SET cv1 = cv0, i = i + 1;
END WHILE;
END IF;
RETURN c;
END */$$
DELIMITER ;

/*Table structure for table `v_salesreport` */

DROP TABLE IF EXISTS `v_salesreport`;

/*!50001 DROP VIEW IF EXISTS `v_salesreport` */;
/*!50001 DROP TABLE IF EXISTS `v_salesreport` */;

/*!50001 CREATE TABLE  `v_salesreport`(
 `TANGGAL_PO` date ,
 `NO_PO` varchar(30) ,
 `JUMLAH` double ,
 `DISC` int(11) ,
 `Disc_nom` double ,
 `NAMA_CUSTOMER` varchar(100) ,
 `SubTotal` double ,
 `GrandTot` double ,
 `PPN` double ,
 `NO_SJ` varchar(100) ,
 `TANGGAL_SJ` date ,
 `TYPE` varchar(50) ,
 `NAMA_UKURAN` varchar(50) ,
 `QTY_PO` int(11) ,
 `BERAT` double ,
 `HARGA_PO` bigint(20) ,
 `DISC_ITEM` int(11) ,
 `JmlPerItem` double ,
 `PPNITEM` double ,
 `BONUS_CUST` int(11) ,
 `PERSEN` tinyint(1) ,
 `BONUS_PEMASARAN` double ,
 `BONUS_SALES` double ,
 `OMZET_BERSIH` double ,
 `tgl_invoice` date ,
 `JumInv` bigint(20) ,
 `no_invoice` varchar(100) 
)*/;

/*Table structure for table `v_spkreport` */

DROP TABLE IF EXISTS `v_spkreport`;

/*!50001 DROP VIEW IF EXISTS `v_spkreport` */;
/*!50001 DROP TABLE IF EXISTS `v_spkreport` */;

/*!50001 CREATE TABLE  `v_spkreport`(
 `id_spk` bigint(20) ,
 `id_po` bigint(20) ,
 `tgl_spk` varchar(2) ,
 `bln_spk` varchar(2) ,
 `thn_spk` varchar(4) ,
 `tgl_spk_full` varchar(10) ,
 `no_spk` varchar(255) ,
 `no_sj` varchar(100) ,
 `nama_customer` text ,
 `nama_barang` varchar(50) ,
 `nama_ukuran` varchar(50) ,
 `qty_order` int(11) ,
 `type_terjual` varchar(50) ,
 `berat_terjual` double(19,2) ,
 `berat_gudang` double(19,2) ,
 `berat_selisih` double(19,2) ,
 `harga_satuan` bigint(20) ,
 `total` double(19,2) ,
 `is_ppn` varchar(7) 
)*/;

/*View structure for view v_salesreport */

/*!50001 DROP TABLE IF EXISTS `v_salesreport` */;
/*!50001 DROP VIEW IF EXISTS `v_salesreport` */;

/*!50001 CREATE ALGORITHM=UNDEFINED DEFINER=`root`@`localhost` SQL SECURITY DEFINER VIEW `v_salesreport` AS select `mpo`.`TANGGAL_PO` AS `TANGGAL_PO`,`mpo`.`NO_PO` AS `NO_PO`,`mpo`.`JUMLAH` AS `JUMLAH`,`mpo`.`DISC` AS `DISC`,((`mpo`.`JUMLAH` * `mpo`.`DISC`) / 100) AS `Disc_nom`,`cus`.`NAMA_CUSTOMER` AS `NAMA_CUSTOMER`,(`mpo`.`JUMLAH` - ((`mpo`.`JUMLAH` * `mpo`.`DISC`) / 100)) AS `SubTotal`,((`mpo`.`JUMLAH` - ((`mpo`.`JUMLAH` * `mpo`.`DISC`) / 100)) + `mpo`.`PPN`) AS `GrandTot`,`mpo`.`PPN` AS `PPN`,`msj`.`NO_SJ` AS `NO_SJ`,`msj`.`TANGGAL_SJ` AS `TANGGAL_SJ`,`mtp`.`TYPE` AS `TYPE`,`muk`.`NAMA_UKURAN` AS `NAMA_UKURAN`,`dpo`.`QTY_PO` AS `QTY_PO`,`dpo`.`BERAT` AS `BERAT`,`dpo`.`HARGA_PO` AS `HARGA_PO`,`dpo`.`DISC_ITEM` AS `DISC_ITEM`,(`dpo`.`BERAT` * `dpo`.`HARGA_PO`) AS `JmlPerItem`,if(isnull(`mpo`.`PPN`),0,((`dpo`.`BERAT` * `dpo`.`HARGA_PO`) * 0.1)) AS `PPNITEM`,`dpo`.`BONUS_CUST` AS `BONUS_CUST`,`dpo`.`PERSEN` AS `PERSEN`,if((`dpo`.`PERSEN` = 1),(((`dpo`.`BERAT` * `dpo`.`HARGA_PO`) * `dpo`.`BONUS_CUST`) / 100),(`dpo`.`BONUS_CUST` * `dpo`.`BERAT`)) AS `BONUS_PEMASARAN`,((((`dpo`.`BERAT` * `dpo`.`HARGA_PO`) - if((`dpo`.`PERSEN` = 1),(((`dpo`.`BERAT` * `dpo`.`HARGA_PO`) * `dpo`.`BONUS_CUST`) / 100),(`dpo`.`BONUS_CUST` * `dpo`.`BERAT`))) * 2) / 100) AS `BONUS_SALES`,(((`dpo`.`BERAT` * `dpo`.`HARGA_PO`) - if((`dpo`.`PERSEN` = 1),(((`dpo`.`BERAT` * `dpo`.`HARGA_PO`) * `dpo`.`BONUS_CUST`) / 100),(`dpo`.`BONUS_CUST` * `dpo`.`BERAT`))) - ((((`dpo`.`BERAT` * `dpo`.`HARGA_PO`) - if((`dpo`.`PERSEN` = 1),(((`dpo`.`BERAT` * `dpo`.`HARGA_PO`) * `dpo`.`BONUS_CUST`) / 100),(`dpo`.`BONUS_CUST` * `dpo`.`BERAT`))) * 2) / 100)) AS `OMZET_BERSIH`,`inv`.`tgl_invoice` AS `tgl_invoice`,`inv`.`jumlah` AS `JumInv`,`inv`.`no_invoice` AS `no_invoice` from (((((((`t_po` `mpo` left join `m_invoice` `inv` on((`inv`.`id_invoice` = `mpo`.`NO_INVOICE`))) join `dt_po` `dpo` on((`dpo`.`ID_PO` = `mpo`.`ID_PO`))) join `m_type` `mtp` on((`mtp`.`ID_TYPE` = `dpo`.`ID_TYPE`))) join `m_ukuran` `muk` on((`muk`.`ID_UKURAN` = `dpo`.`ID_UKURAN`))) join `m_customer` `cus` on((`cus`.`ID_CUSTOMER` = `mpo`.`ID_CUSTOMER`))) left join `dt_sj` `dsj` on((`dsj`.`id_dt_po` = `dpo`.`ID_DT_PO`))) left join `m_sj` `msj` on((`msj`.`ID_SJ` = `dsj`.`id_sj`))) order by `mpo`.`NO_PO` */;

/*View structure for view v_spkreport */

/*!50001 DROP TABLE IF EXISTS `v_spkreport` */;
/*!50001 DROP VIEW IF EXISTS `v_spkreport` */;

/*!50001 CREATE ALGORITHM=UNDEFINED DEFINER=`root`@`localhost` SQL SECURITY DEFINER VIEW `v_spkreport` AS (select `t_spk`.`ID_SPK` AS `id_spk`,`t_spk`.`ID_PO` AS `id_po`,date_format(`t_spk`.`INPUT_TIME`,'%d') AS `tgl_spk`,date_format(`t_spk`.`INPUT_TIME`,'%m') AS `bln_spk`,date_format(`t_spk`.`INPUT_TIME`,'%Y') AS `thn_spk`,date_format(`t_spk`.`INPUT_TIME`,'%Y-%m-%d') AS `tgl_spk_full`,`t_spk`.`NO_SPK` AS `no_spk`,`m_sj`.`NO_SJ` AS `no_sj`,`dt_spk`.`KETERANGAN` AS `nama_customer`,`m_type`.`TYPE` AS `nama_barang`,`m_ukuran`.`NAMA_UKURAN` AS `nama_ukuran`,`dt_spk`.`QTY_ORDER` AS `qty_order`,`m_type`.`TYPE` AS `type_terjual`,if(isnull(`m_sj`.`NO_SJ`),0,round(`dt_spk`.`KG_ORDER`,2)) AS `berat_terjual`,if(isnull(`m_sj`.`NO_SJ`),0,round(`dt_spk`.`KG_AWAL`,2)) AS `berat_gudang`,if(isnull(`m_sj`.`NO_SJ`),0,(round(`dt_spk`.`KG_ORDER`,2) - round(`dt_spk`.`KG_AWAL`,2))) AS `berat_selisih`,`m_stock`.`HARGA_STOCK` AS `harga_satuan`,if(isnull(`m_sj`.`NO_SJ`),0,(round(`dt_spk`.`KG_ORDER`,2) * `m_stock`.`HARGA_STOCK`)) AS `total`,(case when ((`t_po`.`PPN` > 0) and (`t_po`.`PPN` is not null)) then 'PPN' else 'NON PPN' end) AS `is_ppn` from ((((((`t_spk` join `dt_spk` on((`dt_spk`.`ID_SPK` = `t_spk`.`ID_SPK`))) join `m_stock` on((`m_stock`.`ID_STOCK` = `dt_spk`.`STOCK_AWAL`))) join `m_type` on((`m_type`.`ID_TYPE` = `m_stock`.`ID_TYPE`))) join `m_ukuran` on((`m_ukuran`.`ID_UKURAN` = `dt_spk`.`STOCK_ORDER`))) left join `m_sj` on((`m_sj`.`ID_PO` = `t_spk`.`ID_PO`))) join `t_po` on((`t_po`.`ID_PO` = `t_spk`.`ID_PO`)))) */;

/*!40101 SET SQL_MODE=@OLD_SQL_MODE */;
/*!40014 SET FOREIGN_KEY_CHECKS=@OLD_FOREIGN_KEY_CHECKS */;
/*!40014 SET UNIQUE_CHECKS=@OLD_UNIQUE_CHECKS */;
/*!40111 SET SQL_NOTES=@OLD_SQL_NOTES */;
